OrderID,Date,CustomerID,Quantity,UnitPrice,ShippingAddress,TrackingNumber,ItemsInCart,CouponCode,TotalPrice,IsWeekend,OrderMonth,IsDelivered,HasDiscount,AvgItemValue,OrderYear,Product_Desk,Product_Laptop,Product_Monitor,Product_Phone,Product_Printer,Product_Tablet,PaymentMethod_Credit Card,PaymentMethod_Debit Card,PaymentMethod_Gift Card,PaymentMethod_Online,OrderStatus_Delivered,OrderStatus_Pending,OrderStatus_Returned,OrderStatus_Shipped,ReferralSource_Facebook,ReferralSource_Google,ReferralSource_Instagram,ReferralSource_Referral,DayOfWeek_Monday,DayOfWeek_Saturday,DayOfWeek_Sunday,DayOfWeek_Thursday,DayOfWeek_Tuesday,DayOfWeek_Wednesday,DiscountCode_None,DiscountCode_SAVE10,DiscountCode_WINTER15,Quantity_scaled,UnitPrice_scaled,TotalPrice_scaled,ItemsInCart_scaled,AvgItemValue_scaled,OrderMonth_scaled,OrderYear_scaled
ORD200000,2023-01-04,C72649,5,570.62,928 Main St,TRK37947903,7,SAVE10,2853.1,0,1,0,1,407.5857142857143,2023,False,False,True,False,False,False,False,True,False,False,False,False,False,True,False,False,True,False,False,False,False,False,False,True,False,True,False,1.4599927111375337,1.0868224981398293,2.1982218088297683,0.6641729724549916,1.2974343365477103,-1.4942119743585196,-1.0224759490947237
ORD200001,2024-08-23,C75739,2,151.35,823 Main St,TRK91186779,3,SAVE10,302.7,0,8,0,1,100.89999999999999,2024,False,False,False,True,False,False,False,False,False,True,False,False,False,True,False,False,False,True,False,False,False,False,False,False,False,True,False,-0.6722481651688036,-1.0404260837596455,-0.9173544302403613,-1.0894190340268348,-0.6930012918185955,0.5997787804982646,0.30974027122426084
ORD200002,2024-02-27,C81728,5,550.68,512 Main St,TRK42903982,8,FREESHIP,2753.4,0,2,0,1,344.175,2024,False,False,False,False,False,True,True,False,False,False,False,False,False,False,False,False,False,False,False,False,False,False,True,False,False,False,False,1.4599927111375337,0.9856529970472739,2.0764279917676247,1.1025709740754481,0.8858894257311024,-1.1950704379504076,0.30974027122426084
ORD200003,2023-10-15,C33540,1,273.19,275 Main St,TRK62788070,5,SAVE10,273.19,1,10,0,1,54.638,2023,False,False,False,False,False,False,False,True,False,False,False,False,True,False,True,False,False,False,False,False,True,False,False,False,False,True,False,-1.3829951239375826,-0.4222469456895903,-0.9534039341671805,-0.2126230307859216,-0.9932485115299677,1.1980618533144887,-1.0224759490947237
ORD200004,2025-05-08,C81840,4,626.01,668 Main St,TRK29241424,8,SAVE10,2504.04,0,5,1,1,313.005,2025,False,False,False,False,True,False,False,False,False,True,True,False,False,False,False,False,False,False,False,False,False,True,False,False,False,True,False,0.7492457523687547,1.367854527503752,1.7718090727845128,1.1025709740754481,0.6835915173310444,-0.29764582872607154,1.6419564915432456
ORD200005,2023-10-23,C37249,2,245.86,934 Main St,TRK72976927,4,SAVE10,491.72,0,10,0,1,122.93,2023,False,False,False,True,False,False,True,False,False,False,False,False,False,True,False,False,True,False,True,False,False,False,False,False,False,True,False,-0.6722481651688036,-0.5609110612793359,-0.6864470350439075,-0.6510210324063782,-0.5500233347427764,1.1980618533144887,-1.0224759490947237
ORD200006,2025-06-17,C83492,1,664.42,986 Main St,TRK96417362,6,SAVE10,664.42,0,6,0,1,110.73666666666666,2025,False,True,False,False,False,False,False,False,True,False,False,False,True,False,True,False,False,False,False,False,False,False,True,False,False,True,False,-1.3829951239375826,1.562735196358568,-0.4754762004738749,0.22577497083453502,-0.6291598708274104,0.0014957076820405282,1.6419564915432456
ORD200007,2023-05-12,C41460,5,149.55,706 Main St,TRK78809193,9,FREESHIP,747.75,0,5,0,1,83.08333333333333,2023,False,False,True,False,False,False,False,False,False,False,False,False,False,True,True,False,False,False,False,False,False,False,False,False,False,False,False,1.4599927111375337,-1.0495587368171477,-0.37368002418713003,1.5409689756959049,-0.8086340926311619,-0.29764582872607154,-1.0224759490947237
ORD200008,2025-04-02,C26817,2,134.28,904 Main St,TRK61042692,2,None,268.56,0,4,0,0,134.28,2025,False,False,False,True,False,False,False,False,True,False,False,False,False,False,False,False,False,False,False,False,False,False,False,True,True,False,False,-0.6722481651688036,-1.127034076921627,-0.959059955962544,-1.5278170356472913,-0.4763601566760246,-0.5967873651341835,1.6419564915432456
ORD200009,2023-11-21,C31946,4,509.38,102 Main St,TRK33478363,6,SAVE10,2037.52,0,11,0,1,339.58666666666664,2023,True,False,False,False,False,False,True,False,False,False,False,False,False,True,False,True,False,False,False,False,False,False,True,False,False,True,False,0.7492457523687547,0.7761093463390234,1.2019068507601258,0.22577497083453502,0.8561104640251157,1.4972033897226007,-1.0224759490947237
ORD200010,2023-12-29,C43443,5,625.97,333 Main St,TRK98859248,9,WINTER15,3129.85,0,12,0,1,347.7611111111111,2023,False,False,False,False,False,True,True,False,False,False,False,False,True,False,False,False,True,False,False,False,False,False,False,False,False,False,True,1.4599927111375337,1.3676515796580297,2.536300433423032,1.5409689756959049,0.9091638170390262,1.7963449261307127,-1.0224759490947237
ORD200011,2024-02-17,C93861,3,49.14,831 Main St,TRK48234646,7,SAVE10,147.42,1,2,0,1,21.06,2024,False,False,True,False,False,False,False,False,False,True,False,False,True,False,False,False,False,False,False,True,False,False,False,False,False,True,False,0.03849879359997556,-1.5590085665414932,-1.1070449409064569,0.6641729724549916,-1.2111746959463021,-1.1950704379504076,0.30974027122426084
ORD200012,2024-10-15,C38785,2,180.5,179 Main St,TRK20419991,6,FREESHIP,361.0,0,10,0,1,60.166666666666664,2024,False,False,True,False,False,False,False,True,False,False,False,True,False,False,False,False,False,True,False,False,False,False,True,False,False,False,False,-0.6722481651688036,-0.8925278411895362,-0.8461349765320064,0.22577497083453502,-0.9573666474649121,1.1980618533144887,0.30974027122426084
ORD200013,2023-08-30,C88348,3,201.49,903 Main St,TRK81913874,4,FREESHIP,604.47,0,8,0,1,151.1175,2023,False,True,False,False,False,False,True,False,False,False,False,False,True,False,True,False,False,False,False,False,False,False,False,True,False,False,False,0.03849879359997556,-0.7860309591467715,-0.548711299098504,-0.6510210324063782,-0.36708229229726375,0.5997787804982646,-1.0224759490947237
ORD200014,2023-03-27,C98474,2,393.33,980 Main St,TRK79186539,3,SAVE10,786.66,0,3,0,1,262.21999999999997,2023,False,False,False,False,False,True,False,True,False,False,False,True,False,False,False,False,True,False,True,False,False,False,False,False,False,True,False,-0.6722481651688036,0.1873069089372679,-0.3261474522524458,-1.0894190340268348,0.35398935890637506,-0.8959289015422955,-1.0224759490947237
ORD200015,2023-07-17,C39416,1,473.96,942 Main St,TRK54930938,3,None,473.96,0,7,1,0,157.98666666666665,2023,False,False,False,False,True,False,False,False,False,False,True,False,False,False,False,True,False,False,True,False,False,False,False,False,True,False,False,-1.3829951239375826,0.5963990289519473,-0.7081427039608952,-1.0894190340268348,-0.32250038504291473,0.3006372440901526,-1.0224759490947237
ORD200016,2023-01-24,C28976,2,533.81,914 Main St,TRK13194259,3,FREESHIP,1067.62,0,1,0,1,355.8733333333333,2023,False,False,False,False,True,False,True,False,False,False,False,True,False,False,False,False,False,False,False,False,False,False,True,False,False,False,False,-0.6722481651688036,0.9000597431139037,0.017074120884765384,-1.0894190340268348,0.9618133386313268,-1.4942119743585196,-1.0224759490947237
ORD200017,2024-03-02,C60672,1,423.4,382 Main St,TRK11972116,3,None,423.4,1,3,0,0,141.13333333333333,2024,False,False,False,False,False,True,False,True,False,False,False,False,False,True,False,False,False,True,False,True,False,False,False,False,True,False,False,-1.3829951239375826,0.3398729519589894,-0.769906950607455,-1.0894190340268348,-0.4318810100959242,-0.8959289015422955,0.30974027122426084
ORD200018,2025-03-26,C84329,1,431.44,891 Main St,TRK65191045,3,SAVE10,431.44,0,3,0,1,143.81333333333333,2025,True,False,False,False,False,False,False,False,True,False,False,True,False,False,True,False,False,False,False,False,False,False,False,True,False,True,False,-1.3829951239375826,0.38066546894916714,-0.7600852626517915,-1.0894190340268348,-0.41448741386518456,-0.8959289015422955,1.6419564915432456
ORD200019,2023-01-23,C14552,5,224.0,273 Main St,TRK59101365,9,SAVE10,1120.0,0,1,0,1,124.44444444444444,2023,False,False,True,False,False,False,False,False,False,False,False,False,True,False,False,True,False,False,True,False,False,False,False,False,False,True,False,1.4599927111375337,-0.6718220589665602,0.0810616849541246,1.5409689756959049,-0.5401943663918237,-1.4942119743585196,-1.0224759490947237
ORD200020,2023-05-08,C54829,5,62.51,587 Main St,TRK16718651,9,WINTER15,312.55,0,5,0,1,34.72777777777778,2023,False,False,False,False,False,False,False,False,False,False,False,True,False,False,False,False,True,False,True,False,False,False,False,False,False,False,True,1.4599927111375337,-1.491173249108822,-0.9053216408916943,1.5409689756959049,-1.122468797424607,-0.29764582872607154,-1.0224759490947237
ORD200021,2024-11-17,C99023,4,342.95,569 Main St,TRK52646983,6,None,1371.8,1,11,1,0,228.63333333333333,2024,False,False,True,False,False,False,False,False,False,False,True,False,False,False,False,True,False,False,False,False,True,False,False,False,True,False,False,0.7492457523687547,-0.06830590274993968,0.38866131520736275,0.22577497083453502,0.13600692654203095,1.4972033897226007,0.30974027122426084
ORD200022,2023-01-29,C34416,2,49.62,633 Main St,TRK75937350,2,SAVE10,99.24,1,1,0,1,49.62,2023,False,False,True,False,False,False,False,False,False,True,False,True,False,False,False,True,False,False,False,False,True,False,False,False,False,True,False,-0.6722481651688036,-1.5565731923928259,-1.1659017724616634,-1.5278170356472913,-1.0258160734276736,-1.4942119743585196,-1.0224759490947237
ORD200023,2025-04-09,C42372,4,273.25,755 Main St,TRK36168083,5,FREESHIP,1093.0,0,4,0,1,218.6,2025,False,False,False,True,False,False,False,True,False,False,False,False,False,False,False,False,False,True,False,False,False,False,False,True,False,False,False,0.7492457523687547,-0.4219425239210069,0.048078404506001364,-0.2126230307859216,0.07088910980754543,-0.5967873651341835,1.6419564915432456
ORD200024,2024-10-30,C17470,2,230.95,956 Main St,TRK28775057,3,WINTER15,461.9,0,10,1,1,153.96666666666667,2024,False,True,False,False,False,False,False,False,False,True,True,False,False,False,False,False,False,True,False,False,False,False,False,True,False,False,True,-0.6722481651688036,-0.6365598707723147,-0.7228752358943903,-1.0894190340268348,-0.3485907793890241,1.1980618533144887,0.30974027122426084
ORD200025,2024-07-24,C42577,1,399.98,709 Main St,TRK69423327,3,WINTER15,399.98,0,7,1,1,133.32666666666668,2024,False,False,True,False,False,False,False,True,False,False,True,False,False,False,False,False,False,False,False,False,False,False,False,True,False,False,True,-1.3829951239375826,0.2210469882885966,-0.7985168923887529,-1.0894190340268348,-0.4825474309571085,0.3006372440901526,0.30974027122426084
ORD200026,2024-03-06,C21944,5,59.55,296 Main St,TRK80276812,6,None,297.75,0,3,1,0,49.625,2024,False,True,False,False,False,False,False,False,False,True,True,False,False,False,False,False,False,True,False,False,False,False,False,True,True,False,False,1.4599927111375337,-1.5061913896922705,-0.923401364989184,0.22577497083453502,-1.0257836226884371,-0.8959289015422955,0.30974027122426084
ORD200027,2024-02-22,C97593,1,472.74,881 Main St,TRK89117573,6,WINTER15,472.74,0,2,0,1,78.79,2024,False,False,False,False,True,False,False,False,False,True,False,False,False,True,False,True,False,False,False,False,False,True,False,False,False,False,True,-1.3829951239375826,0.590209119657418,-0.7096330595959586,0.22577497083453502,-0.8364984607221975,-1.1950704379504076,0.30974027122426084
ORD200028,2023-11-21,C59823,4,160.07,568 Main St,TRK65895539,5,None,640.28,0,11,0,0,128.05599999999998,2023,False,False,False,True,False,False,False,False,False,True,False,True,False,False,False,False,False,False,False,False,False,False,True,False,True,False,False,0.7492457523687547,-0.9961834533921891,-0.5049656964004562,-0.2126230307859216,-0.5167548368775634,1.4972033897226007,-1.0224759490947237
ORD200029,2024-09-20,C33260,3,423.53,930 Main St,TRK59744090,6,SAVE10,1270.59,0,9,1,1,211.765,2024,True,False,False,False,False,False,True,False,False,False,True,False,False,False,False,False,False,True,False,False,False,False,False,False,False,True,False,0.03849879359997556,0.3405325324575868,0.26502287764608295,0.22577497083453502,0.026528949271311955,0.8989203169063766,0.30974027122426084
ORD200030,2025-03-22,C44267,2,426.7,895 Main St,TRK54751444,5,SAVE10,853.4,1,3,0,1,170.68,2025,False,False,True,False,False,False,False,False,False,True,False,True,False,False,False,False,False,True,False,True,False,False,False,False,False,True,False,-0.6722481651688036,0.3566161492310773,-0.2446176693966034,-0.2126230307859216,-0.24011877503463522,-0.8959289015422955,1.6419564915432456
ORD200031,2023-06-30,C26445,3,500.08,996 Main St,TRK31229981,6,None,1500.24,0,6,0,0,250.04,2023,False,False,False,False,False,False,False,True,False,False,False,False,True,False,True,False,False,False,False,False,False,False,False,False,True,False,False,0.03849879359997556,0.7289239722085941,0.5455640019020646,0.22577497083453502,0.2749393581263718,0.0014957076820405282,-1.0224759490947237
ORD200032,2023-05-01,C12388,5,536.72,830 Main St,TRK99261395,10,None,2683.6,0,5,1,0,268.36,2023,False,False,False,False,False,True,False,False,False,False,True,False,False,False,False,False,False,False,True,False,False,False,False,False,True,False,False,1.4599927111375337,0.9148241988901998,1.991160103794328,1.9793669773163614,0.3938388666887415,-0.29764582872607154,-1.0224759490947237
ORD200033,2023-06-05,C52184,1,162.77,912 Main St,TRK73312471,4,WINTER15,162.77,0,6,0,1,40.6925,2023,False,False,False,False,False,False,False,False,False,True,False,False,False,False,True,False,False,False,True,False,False,False,False,False,False,False,True,-1.3829951239375826,-0.9824844738059353,-1.088293335170209,-0.6510210324063782,-1.0837568683343632,0.0014957076820405282,-1.0224759490947237
ORD200034,2023-01-07,C67195,4,576.52,926 Main St,TRK55467915,5,WINTER15,2306.08,1,1,0,1,461.216,2023,False,False,False,False,False,False,True,False,False,False,False,True,False,False,True,False,False,False,False,True,False,False,False,False,False,False,True,0.7492457523687547,1.1167573053838649,1.5299805469507914,-0.2126230307859216,1.6455028199258785,-1.4942119743585196,-1.0224759490947237
ORD200035,2024-12-07,C50304,2,465.15,128 Main St,TRK46850888,2,SAVE10,930.3,1,12,0,1,465.15,2024,False,False,True,False,False,False,False,False,False,True,False,False,False,True,True,False,False,False,False,True,False,False,False,False,False,True,False,-0.6722481651688036,0.5516997659316158,-0.1506764002684302,-1.5278170356472913,1.6710350615571208,1.7963449261307127,0.30974027122426084
ORD200036,2025-05-08,C59337,2,534.43,465 Main St,TRK50961250,5,None,1068.86,0,5,0,0,213.772,2025,False,True,False,False,False,False,False,True,False,False,False,True,False,False,True,False,False,False,False,False,False,True,False,False,True,False,False,-0.6722481651688036,0.9032054347225991,0.018588908579419944,-0.2126230307859216,0.03955467600082486,-0.29764582872607154,1.6419564915432456
ORD200037,2024-10-14,C10054,2,76.74,409 Main St,TRK94005261,7,SAVE10,153.48,0,10,0,1,21.925714285714285,2024,False,True,False,False,False,False,False,False,False,False,False,False,True,False,False,False,True,False,True,False,False,False,False,False,False,True,False,-0.6722481651688036,-1.4189745529931221,-1.0996420268503224,0.6641729724549916,-1.2055560822385045,1.1980618533144887,0.30974027122426084
ORD200038,2024-12-19,C15924,1,245.89,549 Main St,TRK14835975,3,SAVE10,245.89,0,12,1,1,81.96333333333332,2024,False,True,False,False,False,False,False,True,False,False,True,False,False,False,False,True,False,False,False,False,False,True,False,False,False,True,False,-1.3829951239375826,-0.5607588503950443,-0.9867536955091718,-1.0894190340268348,-0.8159030582201278,1.7963449261307127,0.30974027122426084
ORD200039,2025-02-27,C96664,3,256.46,666 Main St,TRK85508960,4,SAVE10,769.3799999999999,0,2,1,1,192.34499999999997,2025,False,False,False,False,True,False,True,False,False,False,True,False,False,False,False,False,False,True,False,False,False,True,False,False,False,True,False,0.03849879359997556,-0.5071298821629326,-0.3472567517392448,-0.6510210324063782,-0.09950972192307775,-1.1950704379504076,1.6419564915432456
ORD200040,2023-08-20,C84766,2,344.02,267 Main St,TRK78967923,4,FREESHIP,688.04,1,8,1,1,172.01,2023,True,False,False,False,False,False,False,False,False,True,True,False,False,False,False,False,True,False,False,False,True,False,False,False,False,False,False,-0.6722481651688036,-0.06287704787686882,-0.44662193809666484,-0.6510210324063782,-0.2314868783977384,0.5997787804982646,-1.0224759490947237
ORD200041,2023-12-05,C20212,3,611.45,657 Main St,TRK69733327,4,FREESHIP,1834.35,0,12,0,1,458.5875,2023,False,False,True,False,False,False,False,False,True,False,False,True,False,False,False,False,True,False,False,False,False,False,True,False,False,False,False,0.03849879359997556,1.2939815116608435,0.9537137734028961,-0.6510210324063782,1.6284434663092742,1.7963449261307127,-1.0224759490947237
ORD200042,2024-05-06,C28712,2,151.66,980 Main St,TRK40772558,6,None,303.32,0,5,0,0,50.553333333333335,2024,False,False,False,False,True,False,False,False,False,False,False,False,False,False,False,False,True,False,True,False,False,False,False,False,True,False,False,-0.6722481651688036,-1.0388532379552977,-0.9165970363930342,0.22577497083453502,-1.0197586021035354,-0.29764582872607154,0.30974027122426084
ORD200043,2023-12-14,C60572,3,499.21,871 Main St,TRK20351666,8,None,1497.63,0,12,0,0,187.20375,2023,False,False,False,False,False,False,False,False,False,True,False,False,False,False,False,False,True,False,False,False,False,True,False,False,True,False,False,0.03849879359997556,0.7245098565641345,0.5423756181254128,1.1025709740754481,-0.13287719454296187,1.7963449261307127,-1.0224759490947237
ORD200044,2025-04-21,C73225,2,550.18,996 Main St,TRK73848522,3,FREESHIP,1100.36,0,4,0,1,366.78666666666663,2025,False,False,False,True,False,False,False,False,True,False,False,False,True,False,False,False,False,True,True,False,False,False,False,False,False,False,False,-0.6722481651688036,0.9831161489757455,0.05706940243556372,-1.0894190340268348,1.0326424854714285,-0.5967873651341835,1.6419564915432456
ORD200045,2024-02-10,C17388,1,317.25,157 Main St,TRK47077395,1,SAVE10,317.25,1,2,0,1,317.25,2024,False,False,False,False,False,False,False,True,False,False,False,False,True,False,True,False,False,False,False,True,False,False,False,False,False,True,False,-1.3829951239375826,-0.19869989362650245,-0.8995801068877617,-1.966215037267748,0.7111421949427944,-1.1950704379504076,0.30974027122426084
ORD200046,2024-06-26,C43212,4,550.14,223 Main St,TRK25100762,4,FREESHIP,2200.56,0,6,0,1,550.14,2024,False,False,True,False,False,False,False,True,False,False,False,True,False,False,False,False,True,False,False,False,False,False,False,True,False,False,False,0.7492457523687547,0.9829132011300235,1.4010770005476076,-0.6510210324063782,2.2226327270983757,0.0014957076820405282,0.30974027122426084
ORD200047,2023-07-19,C38134,2,209.94,323 Main St,TRK42450754,3,FREESHIP,419.88,0,7,0,1,139.96,2023,True,False,False,False,False,False,True,False,False,False,False,False,True,False,False,False,False,False,False,False,False,False,False,True,False,False,False,-0.6722481651688036,-0.7431582267379405,-0.7742069930955066,-1.0894190340268348,-0.43949611690341217,0.3006372440901526,-1.0224759490947237
ORD200048,2023-08-26,C12408,2,80.77,464 Main St,TRK38938858,4,None,161.54,1,8,0,0,40.385,2023,False,False,True,False,False,False,False,True,False,False,False,False,False,True,False,True,False,False,False,True,False,False,False,False,True,False,False,-0.6722481651688036,-1.398527557536603,-1.089795906835068,-0.6510210324063782,-1.0857525887974053,0.5997787804982646,-1.0224759490947237
ORD200049,2023-10-07,C11985,1,30.44,633 Main St,TRK53272402,1,SAVE10,30.44,1,10,0,1,30.44,2023,False,False,False,False,True,False,True,False,False,False,False,False,False,True,False,False,False,False,False,True,False,False,False,False,False,True,False,-1.3829951239375826,-1.6538866844166575,-1.2499480574553996,-1.966215037267748,-1.1502971091387133,1.1980618533144887,-1.0224759490947237
ORD200050,2023-07-31,C96494,1,179.22,446 Main St,TRK14675049,6,FREESHIP,179.22,0,7,0,1,29.87,2023,False,False,False,False,False,True,False,False,False,True,False,False,False,False,False,False,True,False,True,False,False,False,False,False,False,False,False,-1.3829951239375826,-0.899022172252649,-1.068197966156445,0.22577497083453502,-1.153996493411669,0.3006372440901526,-1.0224759490947237
ORD200051,2024-12-30,C36778,1,388.33,434 Main St,TRK67610289,2,SAVE10,388.33,0,12,0,1,194.165,2024,False,False,False,False,False,True,False,False,False,False,False,False,True,False,True,False,False,False,True,False,False,False,False,False,False,True,False,-1.3829951239375826,0.1619384282219833,-0.8127485671006284,-1.5278170356472913,-0.08769765284100814,1.7963449261307127,0.30974027122426084
ORD200052,2024-09-08,C30513,1,586.44,232 Main St,TRK64320429,5,SAVE10,586.44,1,9,0,1,117.28800000000001,2024,False,False,False,False,False,True,False,False,False,True,False,False,True,False,True,False,False,False,False,False,True,False,False,False,False,True,False,-1.3829951239375826,1.16708837112299,-0.5707368008199729,-0.2126230307859216,-0.5866407488971918,0.8989203169063766,0.30974027122426084
ORD200053,2024-05-18,C67551,4,488.78,512 Main St,TRK94992552,5,FREESHIP,1955.12,1,5,0,1,391.024,2024,False,False,False,True,False,False,False,False,False,True,False,False,True,False,False,True,False,False,False,True,False,False,False,False,False,False,False,0.7492457523687547,0.6715912057920508,1.1012467652443718,-0.2126230307859216,1.1899463622288344,-0.29764582872607154,0.30974027122426084
ORD200054,2025-03-27,C48120,1,280.25,623 Main St,TRK11014449,5,WINTER15,280.25,0,3,0,1,56.05,2025,False,False,False,False,False,False,False,False,False,True,False,True,False,False,False,False,False,False,False,False,False,True,False,False,False,False,True,-1.3829951239375826,-0.3864266509196085,-0.944779417131486,-0.2126230307859216,-0.984084422769593,-0.8959289015422955,1.6419564915432456
ORD200055,2025-06-24,C95984,3,344.4,565 Main St,TRK67434829,3,None,1033.2,0,6,0,0,344.40000000000003,2025,False,False,False,False,True,False,False,False,False,True,False,False,False,False,True,False,False,False,False,False,False,False,True,False,True,False,False,0.03849879359997556,-0.06094904334250721,-0.024973453671693752,-1.0894190340268348,0.8873497089967429,0.0014957076820405282,1.6419564915432456
ORD200056,2023-05-21,C54298,3,479.21,566 Main St,TRK62902341,5,WINTER15,1437.63,1,5,0,1,287.526,2023,False,False,False,False,False,True,False,False,False,False,False,False,False,False,False,False,False,True,False,False,True,False,False,False,False,False,True,0.03849879359997556,0.6230359337029961,0.4690794393518056,-0.2126230307859216,0.5182290403299192,-0.29764582872607154,-1.0224759490947237
ORD200057,2023-01-22,C88036,5,314.27,842 Main St,TRK52470128,6,SAVE10,1571.35,1,1,0,1,261.89166666666665,2023,False,False,False,False,True,False,False,False,False,False,False,False,True,False,False,False,True,False,False,False,True,False,False,False,False,True,False,1.4599927111375337,-0.21381950813281217,0.6324321897785846,0.22577497083453502,0.35185842702984793,-1.4942119743585196,-1.0224759490947237
ORD200058,2023-01-15,C60190,4,474.69,202 Main St,TRK70857868,6,SAVE10,1898.76,1,1,0,1,316.46,2023,False,False,False,True,False,False,False,False,True,False,False,False,False,False,False,True,False,False,False,False,True,False,False,False,False,True,False,0.7492457523687547,0.600102827136379,1.0323972213163635,0.22577497083453502,0.7060149781434344,-1.4942119743585196,-1.0224759490947237
ORD200059,2024-09-11,C97603,4,593.27,811 Main St,TRK47055028,5,None,2373.08,0,9,0,0,474.616,2024,False,False,False,False,False,False,False,False,False,True,False,False,False,True,True,False,False,False,False,False,False,False,False,True,True,False,False,0.7492457523687547,1.2017417157800683,1.6118279465813197,-0.2126230307859216,1.7324708010795766,0.8989203169063766,0.30974027122426084
ORD200060,2024-08-21,C39256,1,417.1,634 Main St,TRK23412025,3,FREESHIP,417.1,0,8,0,1,139.03333333333333,2024,True,False,False,False,False,False,False,True,False,False,False,False,True,False,False,False,False,True,False,False,False,False,False,True,False,False,False,-1.3829951239375826,0.30790866625773106,-0.7776030493786836,-1.0894190340268348,-0.44551032057523515,0.5997787804982646,0.30974027122426084
ORD200061,2024-03-24,C61618,4,122.2,104 Main St,TRK43458485,7,FREESHIP,488.8,1,3,1,1,69.82857142857144,2024,True,False,False,False,False,False,False,False,False,False,True,False,False,False,True,False,False,False,False,False,True,False,False,False,False,False,False,0.7492457523687547,-1.1883243263297547,-0.6900141157442231,0.6641729724549916,-0.8946594570737061,-0.8959289015422955,0.30974027122426084
ORD200062,2023-08-22,C36497,2,43.15,691 Main St,TRK12102911,3,WINTER15,86.3,0,8,0,1,28.766666666666666,2023,True,False,False,False,False,False,False,True,False,False,False,True,False,False,False,False,False,False,False,False,False,False,True,False,False,False,True,-0.6722481651688036,-1.5894000064384042,-1.1817093150171714,-1.0894190340268348,-1.161157289869847,0.5997787804982646,-1.0224759490947237
ORD200063,2025-02-02,C96695,1,564.86,813 Main St,TRK64283851,6,WINTER15,564.86,1,2,0,1,94.14333333333333,2025,False,False,False,False,False,False,False,True,False,False,False,False,False,True,False,False,False,True,False,False,True,False,False,False,False,False,True,-1.3829951239375826,1.0575980083558214,-0.5970989931188804,0.22577497083453502,-0.7368530574401244,-1.1950704379504076,1.6419564915432456
ORD200064,2025-06-25,C49720,3,130.61,752 Main St,TRK55785217,4,FREESHIP,391.83,0,6,0,1,97.9575,2025,False,False,False,False,True,False,False,True,False,False,False,False,False,False,True,False,False,False,False,False,False,False,False,True,False,False,False,0.03849879359997556,-1.145654541766646,-0.808472956672168,-0.6510210324063782,-0.712098551859249,0.0014957076820405282,1.6419564915432456
ORD200065,2023-12-30,C97735,5,81.7,385 Main St,TRK13743703,6,None,408.5,1,12,1,0,68.08333333333333,2023,False,False,True,False,False,False,True,False,False,False,True,False,False,False,False,False,True,False,False,True,False,False,False,False,True,False,False,1.4599927111375337,-1.3938090201235598,-0.7881088350029007,0.22577497083453502,-0.9059863103405258,1.7963449261307127,-1.0224759490947237
ORD200066,2024-11-15,C18104,5,127.18,715 Main St,TRK15488568,9,SAVE10,635.9000000000001,0,11,0,1,70.65555555555557,2024,False,False,False,False,False,False,False,False,False,False,False,False,False,False,False,False,False,True,False,False,False,False,False,False,False,True,False,1.4599927111375337,-1.163057319537331,-0.5103163174509293,1.5409689756959049,-0.8892922078222162,1.4972033897226007,0.30974027122426084
ORD200067,2024-12-09,C25587,4,12.1,440 Main St,TRK55105323,8,None,48.4,0,12,0,0,6.05,2024,False,False,False,False,True,False,False,True,False,False,False,False,False,False,False,True,False,False,True,False,False,False,False,False,True,False,False,0.7492457523687547,-1.7469382716803212,-1.2280080679424998,1.1025709740754481,-1.3085918151341387,1.7963449261307127,0.30974027122426084
ORD200068,2023-12-11,C41598,3,490.92,709 Main St,TRK81665940,5,FREESHIP,1472.76,0,12,0,1,294.552,2023,False,False,False,False,False,False,True,False,False,False,False,True,False,False,False,False,False,False,True,False,False,False,False,False,False,False,False,0.03849879359997556,0.6824489155381929,0.5119943520237524,-0.2126230307859216,0.5638288191049853,1.7963449261307127,-1.0224759490947237
ORD200069,2023-05-11,C43338,3,478.65,552 Main St,TRK35241775,4,None,1435.95,0,5,0,0,358.9875,2023,False,False,True,False,False,False,False,False,False,True,False,False,False,True,False,False,False,True,False,False,False,True,False,False,True,False,False,0.03849879359997556,0.6201946638628842,0.46702714634614456,-0.6510210324063782,0.9820247407190991,-0.29764582872607154,-1.0224759490947237
ORD200070,2023-05-26,C25123,1,629.21,384 Main St,TRK27812282,2,FREESHIP,629.21,0,5,0,1,314.605,2023,True,False,False,False,False,False,False,False,True,False,False,True,False,False,False,False,True,False,False,False,False,False,False,False,False,False,False,-1.3829951239375826,1.3840903551615342,-0.5184888413841866,-1.5278170356472913,0.69397575388671,-0.29764582872607154,-1.0224759490947237
ORD200071,2025-06-10,C37454,3,434.45,923 Main St,TRK28252730,4,None,1303.35,0,6,0,0,325.8375,2025,False,False,True,False,False,False,True,False,False,False,False,True,False,False,False,False,False,True,False,False,False,False,True,False,True,False,False,0.03849879359997556,0.39593729433976843,0.3050425912564725,-0.6510210324063782,0.766876339581405,0.0014957076820405282,1.6419564915432456
ORD200072,2024-12-22,C19451,4,589.44,942 Main St,TRK87787793,5,None,2357.76,1,12,0,0,471.552,2024,False,False,False,False,False,True,False,False,True,False,False,False,True,False,True,False,False,False,False,False,True,False,False,False,True,False,False,0.7492457523687547,1.1823094595521608,1.5931129889344589,-0.2126230307859216,1.7125849880754775,1.7963449261307127,0.30974027122426084
ORD200073,2023-05-03,C17269,4,433.45,129 Main St,TRK79608389,4,None,1733.8,0,5,0,0,433.45,2023,False,False,True,False,False,False,False,False,True,False,False,False,False,False,True,False,False,False,False,False,False,False,False,True,True,False,False,0.7492457523687547,0.3908635981967115,0.8308815938081261,-0.6510210324063782,1.4652973747979987,-0.29764582872607154,-1.0224759490947237
ORD200074,2023-06-24,C25382,5,90.87,622 Main St,TRK64691287,5,None,454.35,1,6,0,0,90.87,2023,False,False,False,True,False,False,False,False,False,False,False,True,False,False,False,False,True,False,False,True,False,False,False,False,True,False,False,1.4599927111375337,-1.3472832264917278,-0.7320983383900692,-0.2126230307859216,-0.7580974747269232,0.0014957076820405282,-1.0224759490947237
ORD200075,2023-09-26,C80651,3,398.17,917 Main St,TRK14846720,5,SAVE10,1194.51,0,9,1,1,238.902,2023,False,False,False,False,False,True,False,True,False,False,True,False,False,False,False,False,False,False,False,False,False,False,True,False,False,True,False,0.03849879359997556,0.21186359826966356,0.17208332296114912,-0.2126230307859216,0.20265209140324555,0.8989203169063766,-1.0224759490947237
ORD200076,2024-03-31,C58638,4,382.88,239 Main St,TRK38224871,6,WINTER15,1531.52,1,3,0,1,255.25333333333333,2024,False,True,False,False,False,False,False,False,False,False,False,False,False,False,False,False,False,False,False,False,True,False,False,False,False,False,True,0.7492457523687547,0.13428678424232315,0.5837757431027051,0.22577497083453502,0.3087746622369152,-0.8959289015422955,0.30974027122426084
ORD200077,2024-05-24,C50121,1,583.18,348 Main St,TRK79810059,5,None,583.18,0,5,0,0,116.636,2024,False,False,False,True,False,False,True,False,False,False,False,False,True,False,False,True,False,False,False,False,False,False,False,False,True,False,False,-1.3829951239375826,1.1505481216966238,-0.5747192265333391,-0.2126230307859216,-0.5908723252936255,-0.29764582872607154,0.30974027122426084
ORD200078,2024-08-06,C32029,4,175.36,146 Main St,TRK68535532,4,FREESHIP,701.44,0,8,1,1,175.36,2024,False,False,False,False,True,False,False,True,False,False,True,False,False,False,False,False,True,False,False,False,False,False,True,False,False,False,False,0.7492457523687547,-0.9186066393648487,-0.4302524581705591,-0.6510210324063782,-0.2097448831093137,0.5997787804982646,0.30974027122426084
ORD200079,2025-03-10,C76700,2,311.91,103 Main St,TRK13036341,2,None,623.82,0,3,0,0,311.91,2025,False,False,False,False,False,True,False,False,False,True,False,False,False,True,True,False,False,False,True,False,False,False,False,False,True,False,False,-0.6722481651688036,-0.2257934310304263,-0.5250732814440157,-1.5278170356472913,0.6764848054382611,-0.8959289015422955,1.6419564915432456
ORD200080,2023-06-27,C29041,3,589.56,591 Main St,TRK28840655,6,None,1768.68,0,6,0,0,294.78000000000003,2023,False,False,False,True,False,False,False,False,False,True,False,False,True,False,True,False,False,False,False,False,False,False,True,False,True,False,False,0.03849879359997556,1.182918303089327,0.8734911057351833,0.22577497083453502,0.5653085728141677,0.0014957076820405282,-1.0224759490947237
ORD200081,2023-06-08,C29314,2,394.3,496 Main St,TRK59876213,6,FREESHIP,788.6,0,6,0,1,131.43333333333334,2023,False,False,True,False,False,False,False,False,False,False,False,False,False,True,False,False,False,False,False,False,False,True,False,False,False,False,False,-0.6722481651688036,0.19222839419603324,-0.3237775424720991,0.22577497083453502,-0.49483544421464604,0.0014957076820405282,-1.0224759490947237
ORD200082,2024-01-05,C65799,4,565.2,971 Main St,TRK66906607,9,SAVE10,2260.8,0,1,0,1,251.20000000000002,2024,False,False,False,False,False,True,False,True,False,False,False,False,False,True,False,True,False,False,False,False,False,False,False,False,False,True,False,0.7492457523687547,1.059323065044461,1.4746663640363096,1.5409689756959049,0.28246792962922945,-1.4942119743585196,0.30974027122426084
ORD200083,2023-08-22,C15681,4,540.41,989 Main St,TRK75112172,6,None,2161.64,0,8,0,0,360.2733333333333,2023,False,True,False,False,False,False,True,False,False,False,False,False,False,False,False,False,False,True,False,False,False,False,True,False,True,False,False,0.7492457523687547,0.9335461376580795,1.3535322125831277,0.22577497083453502,0.9903699891594071,0.5997787804982646,-1.0224759490947237
ORD200084,2023-08-28,C64160,2,165.49,967 Main St,TRK34121529,4,WINTER15,330.98,0,8,0,1,82.745,2023,False,False,True,False,False,False,False,False,False,True,False,False,False,True,False,False,True,False,True,False,False,False,False,False,False,False,True,-0.6722481651688036,-0.9686840202968205,-0.8828074979784012,-0.6510210324063782,-0.810829925986162,0.5997787804982646,-1.0224759490947237
ORD200085,2024-09-09,C14553,3,146.73,768 Main St,TRK93538334,8,FREESHIP,440.1899999999999,0,9,1,1,55.023749999999986,2024,False,False,False,False,False,True,False,False,False,False,True,False,False,False,False,False,False,False,True,False,False,False,False,False,False,False,False,0.03849879359997556,-1.0638665599405683,-0.7493962365806407,1.1025709740754481,-0.9907449369978755,0.8989203169063766,0.30974027122426084
ORD200086,2024-06-19,C88205,5,643.03,447 Main St,TRK93504166,5,FREESHIP,3215.15,0,6,0,1,643.03,2024,False,False,False,False,True,False,False,False,False,True,False,False,False,False,False,False,False,True,False,False,False,False,False,True,False,False,False,1.4599927111375337,1.4542088358585805,2.64050316757951,-0.2126230307859216,2.825502560633229,0.0014957076820405282,0.30974027122426084
ORD200087,2024-10-10,C91245,3,225.11,915 Main St,TRK46976391,4,SAVE10,675.33,0,10,0,1,168.8325,2024,False,False,False,False,False,True,False,False,False,False,False,False,False,True,True,False,False,False,False,False,False,True,False,False,False,True,False,0.03849879359997556,-0.666190256247767,-0.46214851196687384,-0.6510210324063782,-0.2521093231825052,1.1980618533144887,0.30974027122426084
ORD200088,2025-06-05,C75439,3,114.81,318 Main St,TRK19831653,7,None,344.43,0,6,0,0,49.20428571428572,2025,True,False,False,False,False,False,False,False,True,False,False,False,False,False,False,True,False,False,False,False,False,True,False,False,True,False,False,0.03849879359997556,-1.2258189408269453,-0.8663769379033175,0.6641729724549916,-1.0285141206041901,0.0014957076820405282,1.6419564915432456
ORD200089,2025-02-25,C17181,5,455.33,291 Main St,TRK78912978,8,FREESHIP,2276.65,0,2,0,1,284.58125,2025,False,False,False,False,True,False,True,False,False,False,False,False,False,False,False,True,False,False,False,False,False,False,True,False,False,False,False,1.4599927111375337,0.5018760698067969,1.4940287712623375,1.1025709740754481,0.49911717745660933,-1.1950704379504076,1.6419564915432456
ORD200090,2023-09-18,C36540,4,182.08,611 Main St,TRK35828122,4,SAVE10,728.32,0,9,1,1,182.08,2023,False,False,False,False,False,False,False,False,True,False,True,False,False,False,False,False,False,False,True,False,False,False,False,False,False,True,False,0.7492457523687547,-0.8845114012835061,-0.39741577007998313,-0.6510210324063782,-0.16613108957551873,0.8989203169063766,-1.0224759490947237
ORD200091,2023-03-15,C98216,5,492.75,196 Main St,TRK40986666,6,WINTER15,2463.75,0,3,0,1,410.625,2023,False,True,False,False,False,False,False,False,False,False,False,False,False,True,False,False,False,True,False,False,False,False,False,True,False,False,True,1.4599927111375337,0.6917337794799869,1.7225906887380358,0.22577497083453502,1.3171597501835837,-0.8959289015422955,-1.0224759490947237
ORD200092,2024-06-10,C29568,4,48.61,203 Main St,TRK46531075,7,FREESHIP,194.44,0,6,0,1,27.777142857142856,2024,False,False,False,False,True,False,False,False,False,True,False,False,False,True,True,False,False,False,True,False,False,False,False,False,False,False,False,0.7492457523687547,-1.5616976254973132,-1.0496051688075398,0.6641729724549916,-1.167579445692071,0.0014957076820405282,0.30974027122426084
ORD200093,2023-01-14,C97262,4,431.01,837 Main St,TRK65990229,7,None,1724.04,1,1,0,0,246.29142857142855,2023,True,False,False,False,False,False,True,False,False,False,False,False,True,False,False,False,False,True,False,True,False,False,False,False,True,False,False,0.7492457523687547,0.37848377960765267,0.8189587487276194,0.6641729724549916,0.25061057533881265,-1.4942119743585196,-1.0224759490947237
ORD200094,2023-02-11,C79821,1,531.18,781 Main St,TRK12780193,6,WINTER15,531.18,1,2,0,1,88.52999999999999,2023,False,False,False,False,False,False,False,False,True,False,False,False,True,False,False,False,True,False,False,True,False,False,False,False,False,False,True,-1.3829951239375826,0.886715922257664,-0.6382425814704653,0.22577497083453502,-0.7732844206895841,-1.1950704379504076,-1.0224759490947237
ORD200095,2023-03-24,C76761,4,117.51,839 Main St,TRK60179774,7,None,470.04,0,3,0,0,67.14857142857143,2023,False,False,False,False,True,False,False,True,False,False,False,False,True,False,False,False,False,True,False,False,False,False,False,False,True,False,False,0.7492457523687547,-1.2121199612406917,-0.712931387640771,0.6641729724549916,-0.9120530533044457,-0.8959289015422955,-1.0224759490947237
ORD200096,2024-06-01,C93007,2,232.83,103 Main St,TRK85696091,7,None,465.66,1,6,1,0,66.52285714285715,2024,False,False,False,True,False,False,False,False,True,False,True,False,False,False,False,False,True,False,False,True,False,False,False,False,True,False,False,-0.6722481651688036,-0.6270213220233676,-0.7182820086912441,0.6641729724549916,-0.9161140315288933,0.0014957076820405282,0.30974027122426084
ORD200097,2025-01-21,C15624,5,619.52,922 Main St,TRK40621141,9,None,3097.6,0,1,0,0,344.17777777777775,2025,False,False,False,False,False,True,False,True,False,False,False,True,False,False,False,False,False,False,False,False,False,False,True,False,True,False,False,1.4599927111375337,1.3349262395353125,2.4969037373322176,1.5409689756959049,0.8859074539195668,-1.4942119743585196,1.6419564915432456
ORD200098,2023-01-14,C70921,2,228.54,533 Main St,TRK54983109,3,None,457.08,1,1,0,0,152.35999999999999,2023,False,False,False,False,True,False,False,True,False,False,False,True,False,False,False,False,False,False,False,True,False,False,False,False,True,False,False,-0.6722481651688036,-0.6487874784770818,-0.7287633622558701,-1.0894190340268348,-0.35901828359700494,-1.4942119743585196,-1.0224759490947237
ORD200099,2025-04-12,C30477,1,201.58,717 Main St,TRK51829648,2,WINTER15,201.58,1,4,0,1,100.79,2025,False,False,False,False,True,False,False,True,False,False,False,False,False,False,False,False,False,False,False,True,False,False,False,False,False,False,True,-1.3829951239375826,-0.7855743264938962,-1.0408829235334807,-1.5278170356472913,-0.6937152080817973,-0.5967873651341835,1.6419564915432456
ORD200100,2023-02-17,C74866,3,664.79,743 Main St,TRK53783265,6,None,1994.37,0,2,1,0,332.395,2023,False,False,False,True,False,False,False,False,False,True,True,False,False,False,True,False,False,False,False,False,False,False,False,False,True,False,False,0.03849879359997556,1.564612463931499,1.1491946821921064,0.22577497083453502,0.8094354840900152,-1.1950704379504076,-1.0224759490947237
ORD200101,2023-11-25,C15283,1,381.02,152 Main St,TRK19286291,6,None,381.02,1,11,0,0,63.50333333333333,2023,False,False,False,False,True,False,False,False,False,False,False,False,False,True,False,True,False,False,False,True,False,False,False,False,True,False,False,-1.3829951239375826,0.1248497094162372,-0.8216784848812129,0.22577497083453502,-0.935711187481118,1.4972033897226007,-1.0224759490947237
ORD200102,2023-03-08,C18037,2,70.34,944 Main St,TRK47362236,3,FREESHIP,140.68,0,3,0,1,46.89333333333334,2023,False,True,False,False,False,False,False,False,True,False,False,False,False,False,False,False,False,False,False,False,False,False,False,True,False,False,False,-0.6722481651688036,-1.4514462083086865,-1.115278544988692,-1.0894190340268348,-1.0435125432246202,-0.8959289015422955,-1.0224759490947237
ORD200103,2025-01-25,C62656,4,218.43,514 Main St,TRK86296459,9,SAVE10,873.72,1,1,0,1,97.08,2025,False,False,False,True,False,False,True,False,False,False,False,False,False,False,False,False,False,False,False,True,False,False,False,False,False,True,False,0.7492457523687547,-0.7000825464833872,-0.2197946968519417,1.5409689756959049,-0.7177936565952467,-1.4942119743585196,1.6419564915432456
ORD200104,2024-07-30,C65744,1,582.04,647 Main St,TRK39906058,1,FREESHIP,582.04,0,7,1,1,582.04,2024,False,False,False,True,False,False,False,False,True,False,True,False,False,False,False,False,False,False,False,False,False,False,True,False,False,False,False,-1.3829951239375826,1.1447641080935391,-0.5761118539300375,-1.966215037267748,2.429668443426956,0.3006372440901526,0.30974027122426084
ORD200105,2024-10-24,C72290,3,185.4,810 Main St,TRK68792129,7,None,556.2,0,10,0,0,79.45714285714287,2024,False,False,False,False,True,False,False,False,True,False,False,False,False,False,True,False,False,False,False,False,False,True,False,False,True,False,False,0.03849879359997556,-0.8676667300885572,-0.607678074921871,0.6641729724549916,-0.8321686049440763,1.1980618533144887,0.30974027122426084
ORD200106,2023-09-08,C73514,3,465.05,126 Main St,TRK96777924,3,SAVE10,1395.15,0,9,0,1,465.05,2023,True,False,False,False,False,False,True,False,False,False,False,False,False,False,False,False,False,False,False,False,False,False,False,False,False,True,False,0.03849879359997556,0.5511923963173103,0.4171857447800917,-1.0894190340268348,1.6703860467723919,0.8989203169063766,-1.0224759490947237
ORD200107,2023-03-27,C16775,5,670.75,848 Main St,TRK34392124,8,FREESHIP,3330.4075,0,3,0,1,416.3009375,2023,False,False,False,False,True,False,False,False,True,False,False,False,False,True,False,False,True,False,True,False,False,False,False,False,False,False,False,1.4599927111375337,1.5948516929441185,2.7813020729961604,1.1025709740754481,1.3539974237305663,-0.8959289015422955,-1.0224759490947237
ORD200108,2024-12-28,C33099,5,48.38,522 Main St,TRK28522330,9,WINTER15,241.9,1,12,1,1,26.87777777777778,2024,False,True,False,False,False,False,False,False,True,False,True,False,False,False,False,False,False,False,False,True,False,False,False,False,False,False,True,1.4599927111375337,-1.5628645756102164,-0.9916278913976168,1.5409689756959049,-1.1734164580258406,1.7963449261307127,0.30974027122426084
ORD200109,2023-09-17,C51157,3,592.87,131 Main St,TRK18674578,3,FREESHIP,1778.61,1,9,0,1,592.87,2023,True,False,False,False,False,False,False,False,True,False,False,False,False,True,False,False,False,True,False,False,True,False,False,False,False,False,False,0.03849879359997556,1.1997122373228457,0.8856216233222151,-1.0894190340268348,2.4999567446131166,0.8989203169063766,-1.0224759490947237
ORD200110,2024-04-21,C74562,1,220.77,388 Main St,TRK32062079,5,FREESHIP,220.77,1,4,0,1,44.154,2024,False,False,False,False,False,True,False,False,True,False,False,True,False,False,False,False,True,False,False,False,True,False,False,False,False,False,False,-1.3829951239375826,-0.688210097508634,-1.017440362355722,-0.2126230307859216,-1.0612912215609658,-0.5967873651341835,0.30974027122426084
ORD200111,2025-05-07,C95271,3,309.22,620 Main St,TRK74904969,7,FREESHIP,927.6600000000001,0,5,0,1,132.52285714285716,2025,True,False,False,False,False,False,False,False,False,True,False,False,False,False,False,True,False,False,False,False,False,False,False,True,False,False,False,0.03849879359997556,-0.23944167365524938,-0.15390143213446877,0.6641729724549916,-0.4877642736076928,-0.29764582872607154,1.6419564915432456
ORD200112,2023-01-01,C81366,1,410.6,423 Main St,TRK17062206,2,WINTER15,410.6,1,1,0,1,205.3,2023,False,False,True,False,False,False,False,False,False,True,False,False,False,False,False,False,False,True,False,False,True,False,False,False,False,False,True,-1.3829951239375826,0.2749296413278611,-0.7855434687458245,-1.5278170356472913,-0.015429856561423656,-1.4942119743585196,-1.0224759490947237
ORD200113,2024-01-17,C65905,5,190.08,605 Main St,TRK73954365,9,FREESHIP,950.4000000000001,0,1,0,1,105.60000000000001,2024,False,True,False,False,False,False,False,False,False,False,False,False,False,True,False,False,True,False,False,False,False,False,False,True,False,False,False,1.4599927111375337,-0.8439218321390508,-0.12612218037927161,1.5409689756959049,-0.662497596936328,-1.4942119743585196,0.30974027122426084
ORD200114,2025-01-27,C77272,5,498.48,115 Main St,TRK29708128,8,SAVE10,2492.4,0,1,0,1,311.55,2025,False,False,True,False,False,False,False,False,False,True,False,True,False,False,False,True,False,False,True,False,False,False,False,False,False,True,False,1.4599927111375337,0.7208060583797031,1.7575896141024332,1.1025709740754481,0.6741483522132362,-1.4942119743585196,1.6419564915432456
ORD200115,2023-11-27,C32580,5,374.99,122 Main St,TRK23670394,9,SAVE10,1874.95,0,11,0,1,208.32777777777778,2023,False,False,False,True,False,False,False,False,False,True,False,False,False,True,True,False,False,False,True,False,False,False,False,False,False,True,False,1.4599927111375337,0.09425532167360412,1.0033108543730371,1.5409689756959049,0.004220868865096023,1.4972033897226007,-1.0224759490947237
ORD200116,2023-03-19,C47761,4,291.35,109 Main St,TRK66669207,6,WINTER15,1165.4,1,3,0,1,194.23333333333335,2023,False,False,False,False,True,False,True,False,False,False,False,False,False,False,True,False,False,False,False,False,True,False,False,False,False,False,True,0.7492457523687547,-0.33010862373167654,0.13652246022615416,0.22577497083453502,-0.08725415940477643,-0.8959289015422955,-1.0224759490947237
ORD200117,2023-03-08,C49187,1,535.5,593 Main St,TRK81888598,5,WINTER15,535.5,0,3,0,1,107.1,2023,False,False,False,False,False,True,False,False,True,False,False,False,False,False,False,False,False,True,False,False,False,False,False,True,False,False,True,-1.3829951239375826,0.9086342895956702,-0.6329652565987655,-0.2126230307859216,-0.6527623751653917,-0.8959289015422955,-1.0224759490947237
ORD200118,2023-10-09,C27898,5,502.71,807 Main St,TRK61957665,7,FREESHIP,2513.55,0,10,0,1,359.0785714285715,2023,False,False,False,False,True,False,False,False,True,False,False,False,False,True,False,True,False,False,True,False,False,False,False,False,False,False,False,1.4599927111375337,0.7422677930648337,1.78342651712013,0.6641729724549916,0.9826158077551919,1.1980618533144887,-1.0224759490947237
ORD200119,2025-06-11,C14683,2,534.67,187 Main St,TRK47373682,7,FREESHIP,1069.34,0,6,0,1,152.76285714285714,2025,True,False,False,False,False,False,False,True,False,False,False,False,False,True,False,False,False,True,False,False,False,False,False,True,False,False,False,-0.6722481651688036,0.9044231217969327,0.019175278009608825,0.6641729724549916,-0.3564036811785248,0.0014957076820405282,1.6419564915432456
ORD200120,2023-04-11,C58108,4,629.34,986 Main St,TRK66218053,4,WINTER15,2517.36,0,4,0,1,629.34,2023,False,False,False,False,False,True,False,False,False,False,False,False,False,False,False,False,True,False,False,False,False,False,True,False,False,False,True,0.7492457523687547,1.3847499356601316,1.788080824472254,-0.6510210324063782,2.7366524366038165,-0.5967873651341835,-1.0224759490947237
ORD200121,2023-11-30,C89822,1,410.78,673 Main St,TRK24138598,1,FREESHIP,410.78,0,11,0,1,410.78,2023,True,False,False,False,False,False,False,False,False,False,False,False,False,False,False,False,True,False,False,False,False,True,False,False,False,False,False,-1.3829951239375826,0.2758429066336111,-0.7853235802095037,-1.966215037267748,1.3181657230999135,1.4972033897226007,-1.0224759490947237
ORD200122,2024-04-15,C96787,2,533.02,588 Main St,TRK30422853,2,None,1066.04,0,4,0,0,533.02,2024,False,True,False,False,False,False,False,False,True,False,False,False,False,True,True,False,False,False,True,False,False,False,False,False,True,False,False,-0.6722481651688036,0.896051523160889,0.015143988177060483,-1.5278170356472913,2.1115213959527552,-0.5967873651341835,0.30974027122426084
ORD200123,2023-07-06,C86064,3,278.04,727 Main St,TRK62182901,5,None,834.1200000000001,0,7,1,0,166.824,2023,True,False,False,False,False,False,False,False,False,True,True,False,False,False,False,False,True,False,False,False,False,True,False,False,True,False,False,0.03849879359997556,-0.39763951939576414,-0.2681701748425223,-0.2126230307859216,-0.265144785133789,0.3006372440901526,-1.0224759490947237
ORD200124,2024-07-28,C97148,4,283.79,563 Main St,TRK85321126,8,None,1135.16,1,7,0,0,141.895,2024,False,False,False,False,True,False,False,False,False,True,False,True,False,False,False,True,False,False,False,False,True,False,False,False,True,False,False,0.7492457523687547,-0.36846576657318686,0.09958118612425612,1.1025709740754481,-0.4269376808189042,0.3006372440901526,0.30974027122426084
ORD200125,2024-11-06,C91099,2,512.65,758 Main St,TRK81846174,5,SAVE10,1025.3,0,11,0,1,205.06,2024,False,False,False,True,False,False,True,False,False,False,False,False,False,True,False,False,False,False,False,False,False,False,False,True,False,True,False,-0.6722481651688036,0.7927003327268195,-0.03462411721021881,-0.2126230307859216,-0.016987492044773535,1.4972033897226007,0.30974027122426084
ORD200126,2025-05-03,C55606,4,275.5,353 Main St,TRK68250319,8,FREESHIP,1102.0,1,5,0,1,137.75,2025,True,False,False,False,False,False,False,False,True,False,False,False,False,True,False,True,False,False,False,True,False,False,False,False,False,False,False,0.7492457523687547,-0.41052670759912885,0.05907283132204244,1.1025709740754481,-0.45383934364592515,-0.29764582872607154,1.6419564915432456
ORD200127,2023-08-10,C71486,3,469.32,365 Main St,TRK73929833,3,None,1407.96,0,8,0,0,469.32,2023,True,False,False,False,False,False,False,True,False,False,False,False,False,True,False,True,False,False,False,False,False,True,False,False,True,False,False,0.03849879359997556,0.5728570788481633,0.4328344789482568,-1.0894190340268348,1.698098978080324,0.5997787804982646,-1.0224759490947237
ORD200128,2023-02-17,C86408,4,21.07,244 Main St,TRK41432648,4,FREESHIP,84.28,0,2,1,1,21.07,2023,False,False,False,False,False,True,False,False,True,False,True,False,False,False,False,True,False,False,False,False,False,False,False,False,False,False,False,0.7492457523687547,-1.7014272172771008,-1.1841769530358828,-0.6510210324063782,-1.2111097944678293,-1.1950704379504076,-1.0224759490947237
ORD200129,2023-10-27,C52751,4,263.93,427 Main St,TRK72481234,4,FREESHIP,1055.72,0,10,0,1,263.93,2023,False,True,False,False,False,False,False,True,False,False,False,False,False,True,True,False,False,False,False,False,False,False,False,False,False,False,False,0.7492457523687547,-0.46922937197429737,0.002537045428000124,-0.6510210324063782,0.36508751172524273,1.1980618533144887,-1.0224759490947237
ORD200130,2025-01-22,C29059,3,501.3,513 Main St,TRK88360704,3,WINTER15,1503.9,0,1,0,1,501.3,2025,True,False,False,False,False,False,False,False,False,True,False,False,False,False,True,False,False,False,False,False,False,False,False,True,False,False,True,0.03849879359997556,0.7351138815031236,0.5500350688072547,-1.0894190340268348,1.9056539062366875,-1.4942119743585196,1.6419564915432456
ORD200131,2023-01-08,C72862,1,84.8,606 Main St,TRK51648833,5,None,84.8,1,1,0,0,16.96,2023,False,False,False,False,False,True,False,False,True,False,False,True,False,False,False,False,True,False,False,False,True,False,False,False,True,False,False,-1.3829951239375826,-1.3780805620800833,-1.1835417194865117,-0.2126230307859216,-1.2377843021201949,-1.4942119743585196,-1.0224759490947237
ORD200132,2023-03-28,C96257,4,450.75,583 Main St,TRK13137948,6,WINTER15,1803.0,0,3,0,1,300.5,2023,False,False,False,False,False,True,True,False,False,False,False,False,False,True,False,False,False,False,False,False,False,False,True,False,False,False,True,0.7492457523687547,0.4786385414715963,0.9154165199936865,0.22577497083453502,0.6024322185006715,-0.8959289015422955,-1.0224759490947237
ORD200133,2025-06-20,C87432,4,302.05,636 Main St,TRK68969625,6,SAVE10,1208.2,0,6,0,1,201.36666666666667,2025,False,False,False,False,False,False,False,True,False,False,False,False,False,False,False,True,False,False,False,False,False,False,False,False,False,True,False,0.7492457523687547,-0.27582007500096756,0.18880706775132722,0.22577497083453502,-0.04095777142743462,0.0014957076820405282,1.6419564915432456
ORD200134,2025-06-23,C16253,2,199.7,583 Main St,TRK17354894,4,None,399.4,0,6,0,0,99.85,2025,False,True,False,False,False,False,False,False,False,False,False,True,False,False,False,False,False,False,True,False,False,False,False,False,True,False,False,-0.6722481651688036,-0.7951128752428434,-0.7992254221168978,-0.6510210324063782,-0.6998159470582509,0.0014957076820405282,1.6419564915432456
ORD200135,2023-08-04,C79909,2,68.81,642 Main St,TRK86742257,5,SAVE10,137.62,0,8,0,1,27.524,2023,False,False,False,False,True,False,False,False,True,False,False,False,False,True,False,False,False,True,False,False,False,False,False,False,False,True,False,-0.6722481651688036,-1.4592089634075636,-1.119016650106146,-0.2126230307859216,-1.1692223802614137,0.5997787804982646,-1.0224759490947237
ORD200136,2024-04-27,C73370,1,44.35,595 Main St,TRK67820278,1,SAVE10,44.35,1,4,0,1,44.35,2024,False,True,False,False,False,False,False,False,True,False,False,False,False,False,False,False,True,False,False,True,False,False,False,False,False,True,False,-1.3829951239375826,-1.5833115710667356,-1.2329555600097184,-1.966215037267748,-1.0600191525828968,-0.5967873651341835,0.30974027122426084
ORD200137,2024-11-26,C50682,2,250.98,598 Main St,TRK12242337,5,None,501.96,0,11,1,0,100.392,2024,False,False,True,False,False,False,True,False,False,False,True,False,False,False,False,True,False,False,False,False,False,False,True,False,True,False,False,-0.6722481651688036,-0.5349337370268845,-0.6739378205332118,-0.2126230307859216,-0.6962982869250192,1.4972033897226007,0.30974027122426084
ORD200138,2023-12-21,C21905,1,298.06,478 Main St,TRK31863841,3,WINTER15,298.06,0,12,0,1,99.35333333333334,2023,False,False,False,False,False,True,False,True,False,False,False,True,False,False,False,True,False,False,False,False,False,True,False,False,False,False,True,-1.3829951239375826,-0.29606412261176474,-0.9230226680655205,-1.0894190340268348,-0.7030393871557387,1.7963449261307127,-1.0224759490947237
ORD200139,2023-04-10,C61440,1,583.9,714 Main St,TRK33114521,1,None,583.9,0,4,0,0,583.9,2023,False,False,False,True,False,False,False,False,False,False,False,False,True,False,False,False,False,False,True,False,False,False,False,False,True,False,False,-1.3829951239375826,1.154201182919625,-0.5738396723880557,-1.966215037267748,2.441740118422917,-0.5967873651341835,-1.0224759490947237
ORD200140,2025-05-31,C33110,3,528.14,388 Main St,TRK38624225,3,FREESHIP,1584.42,1,5,1,1,528.14,2025,False,False,False,False,False,False,False,False,False,True,True,False,False,False,False,False,False,False,False,True,False,False,False,False,False,False,False,0.03849879359997556,0.8712918859827712,0.6483985407214355,-1.0894190340268348,2.0798494744579754,-0.29764582872607154,1.6419564915432456
ORD200141,2023-11-18,C80004,3,684.14,151 Main St,TRK66230753,3,WINTER15,2052.42,1,11,0,1,684.14,2023,False,False,False,False,True,False,False,False,False,False,False,False,False,False,False,False,True,False,False,True,False,False,False,False,False,False,True,0.03849879359997556,1.6627884842996505,1.2201087351555717,-1.0894190340268348,3.0923125386353587,1.4972033897226007,-1.0224759490947237
ORD200142,2023-09-06,C86374,5,272.77,573 Main St,TRK79451491,7,WINTER15,1363.85,0,9,0,1,194.83571428571426,2023,True,False,False,False,False,False,False,False,False,False,False,True,False,False,False,False,False,False,False,False,False,False,False,True,False,False,True,1.4599927111375337,-0.42437789806967435,0.37894957151985975,0.6641729724549916,-0.08334461796343241,0.8989203169063766,-1.0224759490947237
ORD200143,2024-06-13,C66521,4,400.07,933 Main St,TRK34654244,5,None,1600.28,0,6,0,0,320.056,2024,False,False,False,False,False,False,False,False,False,True,False,False,False,True,False,False,False,True,False,False,False,True,False,False,True,False,False,0.7492457523687547,0.22150362094147158,0.6677731639772589,-0.2126230307859216,0.7293535498022926,0.0014957076820405282,0.30974027122426084
ORD200144,2023-08-04,C63365,5,219.78,895 Main St,TRK80100887,8,None,1098.9,0,8,0,0,137.3625,2023,True,False,False,False,False,False,True,False,False,False,False,True,False,False,True,False,False,False,False,False,False,False,False,False,True,False,False,1.4599927111375337,-0.6932330566902604,0.05528586208540618,1.1025709740754481,-0.45635427593675026,0.5997787804982646,-1.0224759490947237
ORD200145,2024-03-02,C85929,3,146.91,798 Main St,TRK29318610,6,FREESHIP,440.73,1,3,1,1,73.455,2024,False,False,False,False,True,False,True,False,False,False,True,False,False,False,False,True,False,False,False,True,False,False,False,False,False,False,False,0.03849879359997556,-1.0629532946348181,-0.748736570971678,0.22577497083453502,-0.8711233994874947,-0.8959289015422955,0.30974027122426084
ORD200146,2025-04-30,C84645,2,411.49,404 Main St,TRK68893369,4,None,822.98,0,4,0,0,205.745,2025,False,False,False,False,False,True,True,False,False,False,False,False,True,False,False,False,True,False,False,False,False,False,False,True,True,False,False,-0.6722481651688036,0.2794452308951817,-0.2817788320348222,-0.6510210324063782,-0.012541740769379242,-0.5967873651341835,1.6419564915432456
ORD200147,2025-05-06,C46316,2,465.18,893 Main St,TRK16196000,2,SAVE10,930.36,0,5,0,1,465.18,2025,False,True,False,False,False,False,True,False,False,False,False,False,False,False,False,True,False,False,False,False,False,False,True,False,False,True,False,-0.6722481651688036,0.5518519768159077,-0.15060310408965652,-1.5278170356472913,1.6712297659925397,-0.29764582872607154,1.6419564915432456
ORD200148,2024-12-15,C35100,2,319.91,139 Main St,TRK56853491,3,WINTER15,639.82,1,12,0,1,213.27333333333334,2024,False,False,False,True,False,False,True,False,False,False,False,False,False,False,False,True,False,False,False,False,True,False,False,False,False,False,True,-0.6722481651688036,-0.18520386188597093,-0.5055276337710537,-1.0894190340268348,0.036318255607642555,1.7963449261307127,0.30974027122426084
ORD200149,2023-12-27,C39671,1,217.56,174 Main St,TRK47153818,3,None,217.56,0,12,1,0,72.52,2023,False,True,False,False,False,False,False,True,False,False,True,False,False,False,True,False,False,False,False,False,False,False,False,True,True,False,False,-1.3829951239375826,-0.7044966621278468,-1.02136170792011,-1.0894190340268348,-0.8771916877247117,1.7963449261307127,-1.0224759490947237
ORD200150,2023-12-13,C25503,2,105.57,981 Main St,TRK29878837,5,WINTER15,211.14,0,12,0,1,42.227999999999994,2023,False,False,False,True,False,False,False,True,False,False,False,False,True,False,False,True,False,False,False,False,False,False,False,True,False,False,True,-0.6722481651688036,-1.2726998931887912,-1.029204399048886,-0.2126230307859216,-1.073791246314848,1.7963449261307127,-1.0224759490947237
ORD200151,2023-12-01,C32960,5,444.76,947 Main St,TRK91226500,7,None,2223.8,0,12,0,0,317.6857142857143,2023,False,False,False,False,True,False,False,True,False,False,False,False,True,False,False,False,False,False,False,False,False,False,False,False,True,False,False,1.4599927111375337,0.4482471015746853,1.429467053792585,0.6641729724549916,0.7139700450762569,1.7963449261307127,-1.0224759490947237
ORD200152,2025-01-02,C77736,2,399.04,659 Main St,TRK90329250,3,FREESHIP,798.08,0,1,0,1,266.0266666666667,2025,False,False,False,False,False,False,False,False,False,False,False,False,False,False,False,False,False,True,False,False,False,True,False,False,False,False,False,-0.6722481651688036,0.2162777139141231,-0.3121967462258691,-1.0894190340268348,0.3786951883783962,-1.4942119743585196,1.6419564915432456
ORD200153,2024-12-18,C71570,4,534.48,437 Main St,TRK95992269,9,WINTER15,2137.92,0,12,0,1,237.54666666666668,2024,False,False,False,False,False,False,False,False,False,True,False,False,True,False,False,False,True,False,False,False,False,False,False,True,False,False,True,0.7492457523687547,0.9034591195297522,1.3245557899079619,1.5409689756959049,0.19385577768755077,1.7963449261307127,0.30974027122426084
ORD200154,2023-07-20,C73587,4,408.21,727 Main St,TRK13955543,9,None,1632.84,0,7,0,0,181.42666666666665,2023,False,False,False,True,False,False,True,False,False,False,False,True,False,False,False,False,True,False,False,False,False,True,False,False,True,False,False,0.7492457523687547,0.26280350754595483,0.7075485569917364,1.5409689756959049,-0.17037131950241566,0.3006372440901526,-1.0224759490947237
ORD200155,2023-02-27,C62740,1,424.4,446 Main St,TRK20706408,6,WINTER15,424.4,0,2,0,1,70.73333333333333,2023,False,False,False,True,False,False,False,False,False,True,False,False,False,True,False,False,False,True,True,False,False,False,False,False,False,False,True,-1.3829951239375826,0.34494664810204634,-0.7686853476278949,0.22577497083453502,-0.8887874185452046,-1.1950704379504076,-1.0224759490947237
ORD200156,2024-11-08,C58808,2,269.83,651 Main St,TRK24451893,4,SAVE10,539.66,0,11,1,1,134.915,2024,False,False,False,False,False,False,False,False,False,True,True,False,False,False,False,False,False,False,False,False,False,False,False,False,False,True,False,-0.6722481651688036,-0.4392945647302617,-0.6278833882037954,-0.6510210324063782,-0.47223891279299496,1.4972033897226007,0.30974027122426084
ORD200157,2025-02-21,C50422,2,564.58,636 Main St,TRK71227815,4,WINTER15,1129.16,0,2,0,1,282.29,2025,False,False,True,False,False,False,False,False,False,True,False,False,True,False,True,False,False,False,False,False,False,False,False,False,False,False,True,-0.6722481651688036,1.0561773734357656,0.0922515682468954,-0.6510210324063782,0.48424662620150405,-1.1950704379504076,1.6419564915432456
ORD200158,2024-05-16,C23334,1,331.06,737 Main St,TRK46335144,5,WINTER15,331.06,0,5,0,1,66.212,2024,False,False,False,False,False,True,True,False,False,False,False,True,False,False,False,False,True,False,False,False,False,True,False,False,False,False,True,-1.3829951239375826,-0.1286321498908864,-0.8827097697400365,-0.2126230307859216,-0.9181315403454228,-0.29764582872607154,0.30974027122426084
ORD200159,2023-10-31,C48965,1,299.35,819 Main St,TRK50921780,5,WINTER15,299.35,0,10,0,1,59.870000000000005,2023,False,False,False,False,True,False,True,False,False,False,False,False,False,False,False,False,False,False,False,False,False,False,True,False,False,False,True,-1.3829951239375826,-0.2895190545872212,-0.9214468002218877,-0.2126230307859216,-0.9592920579929417,1.1980618533144887,-1.0224759490947237
ORD200160,2023-02-17,C38669,4,101.32,240 Main St,TRK81738254,7,None,405.28,0,2,0,0,57.89714285714285,2023,False,False,True,False,False,False,False,False,False,False,False,True,False,False,False,False,False,True,False,False,False,False,False,False,True,False,False,0.7492457523687547,-1.2942631017967832,-0.7920423965970843,0.6641729724549916,-0.9720961925316686,-1.1950704379504076,-1.0224759490947237
ORD200161,2024-03-29,C35091,1,211.14,513 Main St,TRK53784452,1,SAVE10,211.14,0,3,0,1,211.14,2024,False,False,True,False,False,False,True,False,False,False,False,False,False,False,True,False,False,False,False,False,False,False,False,False,False,True,False,-1.3829951239375826,-0.7370697913662723,-1.029204399048886,-1.966215037267748,0.022472606866755132,-0.8959289015422955,0.30974027122426084
ORD200162,2023-07-27,C82313,3,65.86,917 Main St,TRK79854624,8,WINTER15,197.58,0,7,0,1,24.6975,2023,False,False,False,False,False,False,False,False,False,True,False,True,False,False,False,True,False,False,False,False,False,True,False,False,False,False,True,0.03849879359997556,-1.4741763670295813,-1.0457693354517212,1.1025709740754481,-1.1875667831517815,0.3006372440901526,-1.0224759490947237
ORD200163,2025-06-24,C99589,1,641.39,277 Main St,TRK16695001,1,None,641.39,0,6,0,0,641.39,2025,False,False,False,False,False,True,False,False,False,True,False,False,False,False,False,False,False,True,False,False,False,False,True,False,True,False,False,-1.3829951239375826,1.4458879741839674,-0.5036097170931444,-1.966215037267748,2.8148587181636717,0.0014957076820405282,1.6419564915432456
ORD200164,2023-12-28,C70566,5,536.58,667 Main St,TRK49673411,5,SAVE10,2682.9,0,12,0,1,536.58,2023,True,False,False,False,False,False,False,False,True,False,False,True,False,False,False,True,False,False,False,False,False,True,False,False,False,True,False,1.4599927111375337,0.9141138814301719,1.990304981708636,-0.2126230307859216,2.1346263222891113,1.7963449261307127,-1.0224759490947237
ORD200165,2024-09-14,C60355,2,500.29,226 Main St,TRK30155194,7,WINTER15,1000.58,1,9,0,1,142.94,2024,False,False,True,False,False,False,False,False,False,True,False,False,True,False,False,True,False,False,False,True,False,False,False,False,False,False,True,-0.6722481651688036,0.7299894483986362,-0.06482214286494486,0.6641729724549916,-0.42015547631848527,0.8989203169063766,0.30974027122426084
ORD200166,2025-03-04,C28889,3,86.29,565 Main St,TRK23791726,6,WINTER15,258.87,0,3,1,1,43.145,2025,False,False,False,False,False,False,False,False,False,False,True,False,False,False,False,False,True,False,False,False,False,False,True,False,False,False,True,0.03849879359997556,-1.3705207548269285,-0.9708972888344815,0.22577497083453502,-1.0678397807388822,-0.8959289015422955,1.6419564915432456
ORD200167,2023-05-27,C88304,2,384.14,219 Main St,TRK44268941,2,WINTER15,768.28,1,5,0,1,384.14,2023,False,False,False,False,False,False,False,False,False,True,False,False,True,False,False,False,False,False,False,True,False,False,False,False,False,False,True,-0.6722481651688036,0.14067964138257483,-0.3486005150167608,-1.5278170356472913,1.1452681844480836,-0.29764582872607154,-1.0224759490947237
ORD200168,2025-01-04,C49517,1,594.96,878 Main St,TRK78551375,6,None,594.96,1,1,0,0,99.16000000000001,2025,False,False,False,False,True,False,False,False,False,False,False,False,True,False,True,False,False,False,False,True,False,False,False,False,True,False,False,-1.3829951239375826,1.2103162622618349,-0.5603287434341208,0.22577497083453502,-0.7042941490728816,-1.4942119743585196,1.6419564915432456
ORD200169,2024-04-07,C35785,1,427.82,732 Main St,TRK78923089,2,WINTER15,427.82,1,4,1,1,213.91,2024,False,False,False,False,True,False,False,False,False,True,True,False,False,False,False,False,False,False,False,False,True,False,False,False,False,False,True,-1.3829951239375826,0.36229868891130107,-0.7645074654377992,-1.5278170356472913,0.04045031640375104,-0.5967873651341835,0.30974027122426084
ORD200170,2025-04-04,C80223,4,662.94,535 Main St,TRK68632951,8,SAVE10,2651.76,0,4,0,1,331.47,2025,True,False,False,False,False,False,False,False,False,False,False,False,False,False,False,False,True,False,False,False,False,False,False,False,False,True,False,0.7492457523687547,1.5552261260668443,1.952264264925134,1.1025709740754481,0.8034320973312714,-0.5967873651341835,1.6419564915432456
ORD200171,2023-08-15,C20448,2,148.22,336 Main St,TRK67379895,7,WINTER15,296.44,0,8,1,1,42.348571428571425,2023,False,False,False,False,False,True,True,False,False,False,True,False,False,False,False,False,True,False,False,False,False,False,True,False,False,False,True,-0.6722481651688036,-1.0563067526874135,-0.9250016648924076,0.6641729724549916,-1.0730087199172604,0.5997787804982646,-1.0224759490947237
ORD200172,2025-04-06,C34134,1,254.12,365 Main St,TRK43074303,1,WINTER15,254.12,1,4,1,1,254.12,2025,False,False,False,False,True,False,False,False,False,True,True,False,False,False,False,False,False,False,False,False,True,False,False,False,False,False,True,-1.3829951239375826,-0.5190023311376858,-0.9766999029873921,-1.966215037267748,0.30141916134331886,-0.5967873651341835,1.6419564915432456
ORD200173,2024-03-24,C95901,3,664.46,806 Main St,TRK56989066,4,FREESHIP,1993.38,1,3,1,1,498.345,2024,False,False,False,True,False,False,False,False,False,True,True,False,False,False,False,True,False,False,False,False,True,False,False,False,False,False,False,0.03849879359997556,1.5629381442042907,1.1479852952423422,-0.6510210324063782,1.886475519347943,-0.8959289015422955,0.30974027122426084
ORD200174,2024-04-16,C51145,4,600.81,790 Main St,TRK59154274,9,SAVE10,2403.24,0,4,1,1,267.02666666666664,2024,False,False,False,False,True,False,False,True,False,False,True,False,False,False,False,False,False,False,False,False,False,False,True,False,False,True,False,0.7492457523687547,1.2399973846987173,1.6486714924448527,1.5409689756959049,0.38518533622568674,-0.5967873651341835,0.30974027122426084
ORD200175,2025-02-08,C78170,5,68.34,332 Main St,TRK71410605,6,WINTER15,341.7,1,2,0,1,56.949999999999996,2025,False,False,False,False,False,False,False,True,False,False,False,True,False,False,False,False,False,True,False,True,False,False,False,False,False,False,True,1.4599927111375337,-1.4615936005948005,-0.8697119140375167,0.22577497083453502,-0.9782432897070312,-1.1950704379504076,1.6419564915432456
ORD200176,2025-06-28,C80151,4,430.83,553 Main St,TRK88251529,8,WINTER15,1723.32,1,6,0,1,215.415,2025,False,False,False,False,False,True,False,False,True,False,False,True,False,False,False,False,False,True,False,True,False,False,False,False,False,False,True,0.7492457523687547,0.37757051430190236,0.818079194582336,1.1025709740754481,0.05021798891392384,0.0014957076820405282,1.6419564915432456
ORD200177,2023-08-05,C55632,5,431.69,354 Main St,TRK13003066,10,None,2158.45,1,8,0,0,215.84499999999997,2023,False,False,False,False,False,False,True,False,False,False,False,True,False,False,True,False,False,False,False,True,False,False,False,False,True,False,False,1.4599927111375337,0.3819338929849314,1.349635299078331,1.9793669773163614,0.053008752488258794,0.5997787804982646,-1.0224759490947237
ORD200178,2024-04-11,C53070,4,512.06,283 Main St,TRK49791755,5,SAVE10,2048.24,0,4,1,1,409.64799999999997,2024,False,False,False,False,False,False,False,False,False,True,True,False,False,False,False,True,False,False,False,False,False,True,False,False,False,True,False,0.7492457523687547,0.7897068520024157,1.21500243470101,-0.2126230307859216,1.3108188757367802,-0.5967873651341835,0.30974027122426084
ORD200179,2024-11-24,C27401,3,539.91,500 Main St,TRK14332053,8,None,1619.73,1,11,1,0,202.46625,2024,False,True,False,False,False,False,True,False,False,False,True,False,False,False,False,False,False,False,False,False,True,False,False,False,True,False,False,0.03849879359997556,0.931009289586551,0.6915333419297034,1.1025709740754481,-0.03382131302368435,1.4972033897226007,0.30974027122426084
ORD200180,2023-03-18,C87216,5,316.07,970 Main St,TRK18713727,10,None,1580.35,1,3,0,0,158.035,2023,False,False,False,False,False,True,False,False,False,False,False,False,True,False,False,True,False,False,False,True,False,False,False,False,True,False,False,1.4599927111375337,-0.20468685507530965,0.6434266165946256,1.9793669773163614,-0.3221866945636289,-0.8959289015422955,-1.0224759490947237
ORD200181,2024-08-31,C38966,5,404.39,247 Main St,TRK17205146,10,None,2021.95,1,8,0,0,202.195,2024,False,False,False,False,True,False,False,False,False,True,False,False,False,True,False,False,False,True,False,True,False,False,False,False,True,False,False,1.4599927111375337,0.24342198827947745,1.1828864923683748,1.9793669773163614,-0.03558176562726207,0.5997787804982646,0.30974027122426084
ORD200182,2025-03-19,C16612,1,600.54,596 Main St,TRK96188223,4,WINTER15,600.54,0,3,0,1,150.135,2025,True,False,False,False,False,False,False,True,False,False,False,True,False,False,False,True,False,False,False,False,False,False,False,True,False,False,True,-1.3829951239375826,1.2386274867400922,-0.5535121988081754,-0.6510210324063782,-0.3734588625572272,-0.8959289015422955,1.6419564915432456
ORD200183,2024-04-18,C39246,5,186.28,258 Main St,TRK16658182,8,SAVE10,931.4,0,4,1,1,116.425,2024,False,False,True,False,False,False,False,True,False,False,True,False,False,False,False,False,False,False,False,False,False,True,False,False,False,True,False,1.4599927111375337,-0.8632018774826672,-0.14933263699091404,1.1025709740754481,-0.592241746489404,-0.5967873651341835,0.30974027122426084
ORD200184,2024-04-04,C65180,4,214.54,231 Main St,TRK39255469,7,None,858.16,0,4,0,0,122.5942857142857,2024,False,False,False,False,False,True,False,False,True,False,False,False,False,False,False,False,False,True,False,False,False,True,False,False,True,False,False,0.7492457523687547,-0.7198192244798787,-0.23880283921389725,0.6641729724549916,-0.55220217009151,-0.5967873651341835,0.30974027122426084
ORD200185,2025-02-02,C46877,1,210.7,572 Main St,TRK96935978,2,WINTER15,210.7,1,2,0,1,105.35,2025,False,True,False,False,False,False,False,False,False,True,False,False,False,True,False,False,False,True,False,False,True,False,False,False,False,False,True,-1.3829951239375826,-0.7393022176692173,-1.0297419043598923,-1.5278170356472913,-0.6641201338981508,-1.1950704379504076,1.6419564915432456
ORD200186,2023-12-07,C30334,2,133.55,322 Main St,TRK66388885,7,FREESHIP,267.1,0,12,0,1,38.15714285714286,2023,False,False,False,True,False,False,False,False,False,False,False,True,False,False,True,False,False,False,False,False,False,True,False,False,False,False,False,-0.6722481651688036,-1.1307378751060586,-0.9608434963127016,0.6641729724549916,-1.1002117110371912,1.7963449261307127,-1.0224759490947237
ORD200187,2023-02-08,C21227,1,590.87,689 Main St,TRK79129657,6,FREESHIP,590.87,0,2,0,1,98.47833333333334,2023,False,False,False,False,False,False,False,False,True,False,False,False,True,False,False,False,False,True,False,False,False,False,False,True,False,False,False,-1.3829951239375826,1.1895648450367318,-0.5653250996205217,0.22577497083453502,-0.7087182665221182,-1.1950704379504076,-1.0224759490947237
ORD200188,2025-03-15,C97715,2,363.91,927 Main St,TRK19515949,2,FREESHIP,727.82,1,3,0,1,363.91,2025,False,False,False,False,False,False,False,False,True,False,False,False,False,True,False,False,False,True,False,True,False,False,False,False,False,False,False,-0.6722481651688036,0.038038768408533534,-0.3980265715697632,-1.5278170356472913,1.0139724934973886,-0.8959289015422955,1.6419564915432456
ORD200189,2023-07-05,C48939,5,429.45,597 Main St,TRK62786764,5,WINTER15,2147.25,0,7,0,1,429.45,2023,False,False,False,False,True,False,False,False,True,False,False,False,False,False,False,False,False,False,False,False,False,False,False,True,False,False,True,1.4599927111375337,0.37056881362448385,1.3359533457072579,-0.2126230307859216,1.439336783408835,0.3006372440901526,-1.0224759490947237
ORD200190,2024-08-31,C35483,3,223.7,725 Main St,TRK79638203,3,SAVE10,671.0999999999999,1,8,0,1,223.69999999999996,2024,False,False,False,False,True,False,False,False,False,False,False,False,True,False,False,False,False,False,False,True,False,False,False,False,False,True,False,0.03849879359997556,-0.6733441678094774,-0.46731589257041334,-1.0894190340268348,0.10398886382872888,0.5997787804982646,0.30974027122426084
ORD200191,2025-03-08,C51494,2,488.87,505 Main St,TRK58520306,4,FREESHIP,977.74,1,3,0,1,244.435,2025,False,True,False,False,False,False,False,False,False,True,False,False,False,False,False,True,False,False,False,True,False,False,False,False,False,False,False,-0.6722481651688036,0.6720478384449261,-0.09272355491809804,-0.6510210324063782,0.23856207944230629,-0.8959289015422955,1.6419564915432456
ORD200192,2023-08-11,C58410,1,645.46,151 Main St,TRK19749672,5,SAVE10,645.46,0,8,0,1,129.092,2023,True,False,False,False,False,False,False,False,True,False,False,False,False,False,False,True,False,False,False,False,False,False,False,False,False,True,False,-1.3829951239375826,1.4665379174862092,-0.49863779296633465,-0.2126230307859216,-0.5100310437077697,0.5997787804982646,-1.0224759490947237
ORD200193,2023-07-21,C11644,1,46.66,429 Main St,TRK81320339,6,None,46.66,0,7,0,0,7.776666666666666,2023,False,False,False,False,True,False,False,False,False,False,False,False,False,False,False,True,False,False,False,False,False,False,False,False,True,False,False,-1.3829951239375826,-1.571591332976274,-1.2301336571269346,0.22577497083453502,-1.297385493184483,0.3006372440901526,-1.0224759490947237
ORD200194,2024-06-08,C53501,1,249.57,899 Main St,TRK90144892,3,FREESHIP,249.57,1,6,0,1,83.19,2024,False,False,True,False,False,False,False,False,False,False,False,False,False,True,False,True,False,False,False,True,False,False,False,False,False,False,False,-1.3829951239375826,-0.5420876485885948,-0.9822581965443906,-1.0894190340268348,-0.8079418101941176,0.0014957076820405282,0.30974027122426084
ORD200195,2024-04-22,C63619,3,619.21,801 Main St,TRK65385674,6,None,1857.63,0,4,0,0,309.605,2024,False,False,False,False,False,False,False,True,False,False,False,False,False,False,False,False,False,False,True,False,False,False,False,False,True,False,False,0.03849879359997556,1.3333533937309652,0.982152690767056,0.22577497083453502,0.6615250146502554,-0.5967873651341835,0.30974027122426084
ORD200196,2025-01-24,C40882,4,217.13,719 Main St,TRK64165503,8,WINTER15,868.52,0,1,1,1,108.565,2025,True,False,False,False,False,False,False,False,False,False,True,False,False,False,False,False,False,False,False,False,False,False,False,False,False,False,True,0.7492457523687547,-0.7066783514693612,-0.22614703234565436,1.1025709740754481,-0.6432543085691106,-1.4942119743585196,1.6419564915432456
ORD200197,2023-08-27,C80135,5,221.51,723 Main St,TRK95222269,5,WINTER15,1107.55,1,8,0,1,221.51,2023,False,True,False,False,False,False,False,False,False,False,False,False,True,False,False,False,False,True,False,False,True,False,False,False,False,False,True,1.4599927111375337,-0.6844555623627719,0.06585272785860105,-0.2126230307859216,0.08977544004316197,0.5997787804982646,-1.0224759490947237
ORD200198,2024-06-11,C37594,4,340.3,926 Main St,TRK94405162,8,SAVE10,1361.2,0,6,0,1,170.15,2024,False,True,False,False,False,False,False,False,False,False,False,False,False,False,False,False,False,True,False,False,False,False,True,False,False,True,False,0.7492457523687547,-0.0817511975290404,0.37571232362402557,1.1025709740754481,-0.2435585533936994,0.0014957076820405282,0.30974027122426084
ORD200199,2025-01-23,C87524,1,625.0,358 Main St,TRK21114341,5,WINTER15,625.0,0,1,0,1,125.0,2025,False,False,False,True,False,False,False,False,False,True,False,False,True,False,False,True,False,False,False,False,False,True,False,False,False,False,True,-1.3829951239375826,1.3627300943992644,-0.5236317899281347,-0.2126230307859216,-0.5365887286988843,-1.4942119743585196,1.6419564915432456
ORD200200,2025-06-07,C97681,5,433.26,895 Main St,TRK37531040,9,SAVE10,2166.3,1,6,1,1,240.70000000000002,2025,False,False,False,False,False,True,True,False,False,False,True,False,False,False,False,True,False,False,False,True,False,False,False,False,False,True,False,1.4599927111375337,0.3898995959295307,1.3592248824678783,1.5409689756959049,0.21432137723267483,0.0014957076820405282,1.6419564915432456
ORD200201,2023-06-18,C10126,2,674.9,146 Main St,TRK75607531,4,SAVE10,1349.8,1,6,0,1,337.45,2023,False,False,True,False,False,False,False,False,False,True,False,False,False,True,True,False,False,False,False,False,True,False,False,False,False,True,False,-0.6722481651688036,1.6159075319378047,0.3617860496570401,-0.6510210324063782,0.8422431814580708,0.0014957076820405282,-1.0224759490947237
ORD200202,2025-02-06,C36938,3,253.98,636 Main St,TRK52522904,3,FREESHIP,761.9399999999999,0,2,0,1,253.98,2025,False,False,True,False,False,False,True,False,False,False,False,False,False,False,False,False,False,False,False,False,False,True,False,False,False,False,False,0.03849879359997556,-0.5197126485977138,-0.356345477907172,-1.0894190340268348,0.300510540644698,-1.1950704379504076,1.6419564915432456
ORD200203,2025-01-21,C99173,3,356.84,172 Main St,TRK89849342,5,SAVE10,1070.52,0,1,0,1,214.10399999999998,2025,False,False,False,False,True,False,False,False,False,True,False,False,False,True,False,False,True,False,False,False,False,False,True,False,False,True,False,0.03849879359997556,0.0021677366771208567,0.020616769525489843,-0.2126230307859216,0.0417094050861254,-1.4942119743585196,1.6419564915432456
ORD200204,2023-09-05,C99775,4,413.71,478 Main St,TRK21638425,9,FREESHIP,1654.84,0,9,0,1,183.8711111111111,2023,False,True,False,False,False,False,False,False,True,False,False,False,False,False,True,False,False,False,False,False,False,False,True,False,False,False,False,0.7492457523687547,0.2907088363327679,0.7344238225420591,1.5409689756959049,-0.15450651365348222,0.8989203169063766,-1.0224759490947237
ORD200205,2023-03-04,C19266,3,147.39,609 Main St,TRK58357269,3,None,442.17,1,3,0,0,147.39000000000001,2023,True,False,False,False,False,False,False,True,False,False,False,False,True,False,False,False,False,False,False,True,False,False,False,False,True,False,False,0.03849879359997556,-1.0605179204861508,-0.7469774626811114,-1.0894190340268348,-0.3912743183980406,-0.8959289015422955,-1.0224759490947237
ORD200206,2024-04-16,C31072,4,229.1,729 Main St,TRK77172975,8,WINTER15,916.4,0,4,0,1,114.55,2024,False,True,False,False,False,False,False,False,True,False,False,False,True,False,False,False,False,False,False,False,False,False,True,False,False,False,True,0.7492457523687547,-0.6459462086369699,-0.16765668168431586,1.1025709740754481,-0.6044107737030744,-0.5967873651341835,0.30974027122426084
ORD200207,2025-03-18,C54595,1,121.96,999 Main St,TRK44416659,3,None,121.96,0,3,1,0,40.65333333333333,2025,False,False,False,True,False,False,False,True,False,False,True,False,False,False,False,True,False,False,False,False,False,False,True,False,True,False,False,-1.3829951239375826,-1.1895420134040884,-1.1381469527660575,-1.0894190340268348,-1.0840110657917155,-0.8959289015422955,1.6419564915432456
ORD200208,2024-10-08,C87777,2,408.32,597 Main St,TRK29003608,3,FREESHIP,816.64,0,10,0,1,272.2133333333333,2024,True,False,False,False,False,False,False,False,False,True,False,False,False,True,True,False,False,False,False,False,False,False,True,False,False,False,False,-0.6722481651688036,0.2633616141216912,-0.2895237949252334,-1.0894190340268348,0.41884756972696896,1.1980618533144887,0.30974027122426084
ORD200209,2023-08-29,C35854,5,187.97,706 Main St,TRK30615168,9,SAVE10,939.85,0,8,0,1,104.42777777777778,2023,False,False,False,False,False,True,False,False,False,False,False,False,True,False,False,True,False,False,False,False,False,False,True,False,False,True,False,1.4599927111375337,-0.854627331000901,-0.13901009181363097,1.5409689756959049,-0.6701054924684302,0.5997787804982646,-1.0224759490947237
ORD200210,2024-12-05,C93821,3,358.48,513 Main St,TRK10658539,7,FREESHIP,1075.44,0,12,1,1,153.6342857142857,2024,False,False,False,False,False,False,False,False,True,False,True,False,False,False,True,False,False,False,False,False,False,True,False,False,False,False,False,0.03849879359997556,0.010488598351734423,0.02662705618492572,0.6641729724549916,-0.35074798091159987,1.7963449261307127,0.30974027122426084
ORD200211,2025-01-03,C54390,3,193.58,185 Main St,TRK83853742,7,FREESHIP,580.74,0,1,0,1,82.96285714285715,2025,False,False,False,False,True,False,False,False,True,False,False,True,False,False,False,False,False,False,False,False,False,False,False,False,False,False,False,0.03849879359997556,-0.8261638956383516,-0.5776999378034656,0.6641729724549916,-0.8094160009194308,-1.4942119743585196,1.6419564915432456
ORD200212,2023-06-20,C53215,1,265.38,367 Main St,TRK34751835,6,WINTER15,265.38,0,6,0,1,44.23,2023,False,False,True,False,False,False,True,False,False,False,False,False,False,False,False,False,False,False,False,False,False,False,True,False,False,False,True,-1.3829951239375826,-0.4618725125668649,-0.9629446534375451,0.22577497083453502,-1.0607979703245718,0.0014957076820405282,-1.0224759490947237
ORD200213,2023-04-20,C71122,1,634.4,317 Main St,TRK54757882,6,SAVE10,634.4,0,4,0,1,105.73333333333333,2023,False,True,False,False,False,False,False,False,False,False,False,False,False,False,False,False,False,False,False,False,False,True,False,False,False,True,False,-1.3829951239375826,1.4104228381439994,-0.5121487219202696,0.22577497083453502,-0.6616322438900226,-0.5967873651341835,-1.0224759490947237
ORD200214,2024-08-21,C29483,4,305.72,673 Main St,TRK89423603,5,None,1222.88,0,8,1,0,244.57600000000002,2024,True,False,False,False,False,False,False,False,False,True,True,False,False,False,True,False,False,False,False,False,False,False,False,True,True,False,False,0.7492457523687547,-0.2571996101559486,0.20674019949126987,-0.2126230307859216,0.23947719028877446,0.5997787804982646,0.30974027122426084
ORD200215,2023-08-10,C26767,1,303.6,432 Main St,TRK24585307,5,FREESHIP,303.6,0,8,0,1,60.720000000000006,2023,False,False,False,False,True,False,False,False,False,False,False,False,False,True,True,False,False,False,False,False,False,True,False,False,False,False,False,-1.3829951239375826,-0.2679558459792293,-0.9162549875587572,-0.2126230307859216,-0.9537754323227444,0.5997787804982646,-1.0224759490947237
ORD200216,2025-04-15,C70492,4,496.0,811 Main St,TRK84625405,8,WINTER15,1984.0,0,4,0,1,248.0,2025,False,False,True,False,False,False,False,False,False,True,False,False,False,False,False,True,False,False,False,False,False,False,True,False,False,False,True,0.7492457523687547,0.7082232919449218,1.1365266592940682,1.1025709740754481,0.2616994565178984,-0.5967873651341835,1.6419564915432456
ORD200217,2024-05-20,C61549,4,321.51,908 Main St,TRK65596914,9,None,1286.04,0,5,0,0,142.89333333333332,2024,True,False,False,False,False,False,False,False,False,False,False,False,True,False,False,True,False,False,True,False,False,False,False,False,True,False,False,0.7492457523687547,-0.17708594805708003,0.2838966436802869,1.5409689756959049,-0.4204583498846923,-0.29764582872607154,0.30974027122426084
ORD200218,2023-04-28,C11665,3,112.46,882 Main St,TRK10993930,6,SAVE10,337.38,0,4,0,1,56.23,2023,False,False,False,False,False,True,False,False,True,False,False,False,False,True,False,False,True,False,False,False,False,False,False,False,False,True,False,0.03849879359997556,-1.237742126763129,-0.8749892389092164,0.22577497083453502,-0.9829161961570807,-0.5967873651341835,-1.0224759490947237
ORD200219,2025-05-02,C48946,5,61.97,457 Main St,TRK99387220,6,SAVE10,309.85,0,5,1,1,51.64166666666667,2025,False,True,False,False,False,False,False,False,False,False,True,False,False,False,False,False,False,False,False,False,False,False,False,False,False,True,False,1.4599927111375337,-1.493913045026073,-0.9086199689365065,0.22577497083453502,-1.012695157863067,-0.29764582872607154,1.6419564915432456
ORD200220,2023-07-18,C79506,2,373.17,497 Main St,TRK95188748,6,SAVE10,746.34,0,7,0,1,124.39,2023,False,True,False,False,False,False,True,False,False,False,False,True,False,False,False,False,False,True,False,False,False,False,True,False,False,True,False,-0.6722481651688036,0.08502119469324056,-0.37540248438830975,0.22577497083453502,-0.5405477188857317,0.3006372440901526,-1.0224759490947237
ORD200221,2024-02-23,C93473,5,639.37,552 Main St,TRK50003989,6,SAVE10,3196.85,0,2,0,1,532.8083333333333,2024,False,False,False,False,False,True,False,True,False,False,False,True,False,False,False,True,False,False,False,False,False,False,False,False,False,True,False,1.4599927111375337,1.4356391079749924,2.61814783305356,0.22577497083453502,2.110147647991745,-1.1950704379504076,0.30974027122426084
ORD200222,2023-05-04,C43124,4,693.36,931 Main St,TRK17293348,8,None,2773.44,0,5,0,0,346.68,2023,False,False,False,False,False,False,False,False,False,True,False,False,False,True,False,False,True,False,False,False,False,True,False,False,True,False,False,0.7492457523687547,1.7095679627386355,2.1009089154780094,1.1025709740754481,0.9021472460885661,-0.29764582872607154,-1.0224759490947237
ORD200223,2024-09-11,C22783,4,692.91,673 Main St,TRK55009149,9,SAVE10,2771.64,0,9,0,1,307.96,2024,False,False,False,True,False,False,True,False,False,False,False,True,False,False,False,False,True,False,False,False,False,False,False,True,False,True,False,0.7492457523687547,1.7072847994742597,2.098710030114801,1.5409689756959049,0.6508487214414617,0.8989203169063766,0.30974027122426084
ORD200224,2023-09-23,C18567,4,91.46,507 Main St,TRK17554673,9,SAVE10,365.84,1,9,0,1,40.648888888888884,2023,False,False,False,False,True,False,False,False,False,False,False,False,False,False,False,False,False,True,False,True,False,False,False,False,False,True,False,0.7492457523687547,-1.3442897457673244,-0.8402224181109356,1.5409689756959049,-1.084039910893259,0.8989203169063766,-1.0224759490947237
ORD200225,2024-03-13,C99879,3,273.96,692 Main St,TRK50246700,8,SAVE10,821.8799999999999,0,3,0,1,102.73499999999999,2024,False,False,False,True,False,False,False,True,False,False,False,False,True,False,False,True,False,False,False,False,False,False,False,True,False,True,False,0.03849879359997556,-0.4183401996594366,-0.28312259531233847,1.1025709740754481,-0.6810918705188167,-0.8959289015422955,0.30974027122426084
ORD200226,2025-06-27,C31501,3,588.05,242 Main St,TRK93063929,8,None,1764.15,0,6,1,0,220.51875,2025,True,False,False,False,False,False,False,False,True,False,True,False,False,False,False,False,True,False,False,False,False,False,False,False,True,False,False,0.03849879359997556,1.1752570219133112,0.867957244237776,1.1025709740754481,0.08334208098953498,0.0014957076820405282,1.6419564915432456
ORD200227,2023-11-02,C93220,2,365.17,353 Main St,TRK89023251,4,FREESHIP,730.34,0,11,0,1,182.585,2023,False,False,True,False,False,False,False,False,False,True,False,False,False,False,True,False,False,False,False,False,False,True,False,False,False,False,False,-0.6722481651688036,0.0444316255487852,-0.39494813206127166,-0.6510210324063782,-0.16285356491263683,1.4972033897226007,-1.0224759490947237
ORD200228,2023-05-17,C57867,4,385.92,579 Main St,TRK92055007,8,None,1543.68,0,5,0,0,192.96,2023,False,False,False,False,False,False,True,False,False,False,False,False,False,False,False,False,True,False,False,False,False,False,False,True,True,False,False,0.7492457523687547,0.1497108205172163,0.5986304353341563,1.1025709740754481,-0.09551828099699358,-0.29764582872607154,-1.0224759490947237
ORD200229,2025-03-28,C62622,1,562.61,762 Main St,TRK70997648,3,WINTER15,562.61,0,3,1,1,187.53666666666666,2025,False,False,False,False,False,True,True,False,False,False,True,False,False,False,True,False,False,False,False,False,False,False,False,False,False,False,True,-1.3829951239375826,1.0461821920339434,-0.5998475998228906,-1.0894190340268348,-0.13071651615546806,-0.8959289015422955,1.6419564915432456
ORD200230,2023-12-16,C94595,4,61.91,948 Main St,TRK24497305,6,WINTER15,247.64,1,12,1,1,41.27333333333333,2023,True,False,False,False,False,False,False,False,True,False,True,False,False,False,False,False,False,False,False,True,False,False,False,False,False,False,True,0.7492457523687547,-1.4942174667946562,-0.9846158902949416,0.22577497083453502,-1.079987174126395,1.7963449261307127,-1.0224759490947237
ORD200231,2023-11-05,C30955,4,41.9,327 Main St,TRK46898848,9,FREESHIP,167.6,1,11,0,1,18.62222222222222,2023,False,False,False,True,False,False,False,False,True,False,False,True,False,False,False,False,True,False,False,False,True,False,False,False,False,False,False,0.7492457523687547,-1.5957421266172254,-1.0823929927789335,1.5409689756959049,-1.2269962341429204,1.4972033897226007,-1.0224759490947237
ORD200232,2023-05-19,C20731,4,444.44,610 Main St,TRK75568437,8,WINTER15,1777.76,0,5,0,1,222.22,2023,False,False,False,False,True,False,False,True,False,False,False,False,False,False,False,True,False,False,False,False,False,False,False,False,False,False,True,0.7492457523687547,0.4466235188089071,0.884583260789589,1.1025709740754481,0.09438344501473857,-0.29764582872607154,-1.0224759490947237
ORD200233,2024-08-24,C30168,3,311.33,146 Main St,TRK73699939,3,WINTER15,933.99,1,8,0,1,311.33,2024,False,False,False,True,False,False,False,False,False,False,False,False,False,False,False,False,True,False,False,True,False,False,False,False,False,False,True,0.03849879359997556,-0.2287361747933995,-0.1461686852738533,-1.0894190340268348,0.672720519686832,0.5997787804982646,0.30974027122426084
ORD200234,2024-11-26,C79842,4,236.41,337 Main St,TRK26957950,7,SAVE10,945.64,0,11,0,1,135.09142857142857,2024,False,False,False,False,True,False,False,True,False,False,False,True,False,False,False,True,False,False,False,False,False,False,True,False,False,True,False,0.7492457523687547,-0.6088574898312238,-0.13193701056197793,0.6641729724549916,-0.4710938652799372,1.4972033897226007,0.30974027122426084
ORD200235,2023-02-20,C32854,1,65.45,815 Main St,TRK30009218,2,WINTER15,65.45,0,2,0,1,32.725,2023,True,False,False,False,False,False,False,False,False,False,False,True,False,False,False,True,False,False,True,False,False,False,False,False,False,False,True,-1.3829951239375826,-1.4762565824482348,-1.2071797371409998,-1.5278170356472913,-1.1354671213076537,-1.1950704379504076,-1.0224759490947237
ORD200236,2023-01-01,C14847,1,318.81,562 Main St,TRK39663243,3,WINTER15,318.81,1,1,0,1,106.27,2023,False,False,True,False,False,False,False,True,False,False,False,True,False,False,False,False,False,False,False,False,True,False,False,False,False,False,True,-1.3829951239375826,-0.19078492764333366,-0.8976744062396479,-1.0894190340268348,-0.6581491978786432,-1.4942119743585196,-1.0224759490947237
ORD200237,2024-03-14,C88645,3,583.72,783 Main St,TRK74097570,5,FREESHIP,1751.16,0,3,0,1,350.232,2024,False,False,True,False,False,False,True,False,False,False,False,False,False,True,True,False,False,False,False,False,False,True,False,False,False,False,False,0.03849879359997556,1.153287917613875,0.85208862153329,-0.2126230307859216,0.9252002512421436,-0.8959289015422955,0.30974027122426084
ORD200238,2024-12-13,C66149,4,384.32,770 Main St,TRK76307307,6,WINTER15,1537.28,0,12,0,1,256.2133333333333,2024,True,False,False,False,False,False,True,False,False,False,False,True,False,False,False,True,False,False,False,False,False,False,False,False,False,False,True,0.7492457523687547,0.14159290668832508,0.5908121762649714,0.22577497083453502,0.3150052041703143,1.7963449261307127,0.30974027122426084
ORD200239,2024-12-11,C20256,3,538.74,456 Main St,TRK71127943,6,FREESHIP,1616.22,0,12,0,1,269.37,2024,False,False,False,False,False,True,False,False,False,True,False,False,False,True,False,False,False,False,False,False,False,False,False,True,False,False,False,0.03849879359997556,0.9250730650991746,0.6872455154714473,0.22577497083453502,0.4003939160145053,1.7963449261307127,0.30974027122426084
ORD200240,2023-07-12,C14983,1,17.24,255 Main St,TRK93444157,2,FREESHIP,17.24,0,7,0,1,8.62,2023,False,False,False,False,False,True,False,False,False,True,False,True,False,False,False,False,True,False,False,False,False,False,False,True,False,False,False,-1.3829951239375826,-1.720859473505009,-1.2660732167855933,-1.5278170356472913,-1.2919121351666012,0.3006372440901526,-1.0224759490947237
ORD200241,2023-05-16,C20817,5,615.67,407 Main St,TRK44164590,6,SAVE10,3078.35,0,5,0,1,513.0583333333333,2023,False,False,False,False,False,False,False,False,False,True,False,True,False,False,False,False,False,False,False,False,False,False,True,False,False,True,False,1.4599927111375337,1.3153925093845433,2.4733878799756854,0.22577497083453502,1.9819672280077496,-0.29764582872607154,-1.0224759490947237
ORD200242,2023-05-09,C94921,2,219.1,134 Main St,TRK97794327,4,SAVE10,438.2,0,5,0,1,109.55,2023,False,False,False,False,True,False,False,False,False,True,False,True,False,False,False,False,False,True,False,False,False,False,True,False,False,True,False,-0.6722481651688036,-0.6966831700675391,-0.7518272265099651,-0.6510210324063782,-0.636861512939529,-0.29764582872607154,-1.0224759490947237
ORD200243,2025-05-09,C54725,2,144.66,506 Main St,TRK30601940,7,FREESHIP,289.32,0,5,0,1,41.33142857142857,2025,False,False,False,False,False,False,False,False,False,True,False,False,False,False,False,True,False,False,False,False,False,False,False,False,False,False,False,-0.6722481651688036,-1.0743691109566962,-0.9336994781068759,0.6641729724549916,-1.0796101274419334,-0.29764582872607154,1.6419564915432456
ORD200244,2023-02-16,C98096,2,317.77,838 Main St,TRK51518631,4,WINTER15,635.54,0,2,0,1,158.885,2023,True,False,False,False,False,False,False,True,False,False,False,False,False,False,True,False,False,False,False,False,False,True,False,False,False,False,True,-0.6722481651688036,-0.19606157163211296,-0.5107560945235712,-0.6510210324063782,-0.3166700688934317,-1.1950704379504076,-1.0224759490947237
ORD200245,2025-04-20,C12667,1,223.3,306 Main St,TRK25390491,1,None,223.3,1,4,0,0,223.3,2025,False,True,False,False,False,False,False,False,False,True,False,False,True,False,True,False,False,False,False,False,True,False,False,False,True,False,False,-1.3829951239375826,-0.6753736462666999,-1.014349706817435,-1.966215037267748,0.10139280468981283,-0.5967873651341835,1.6419564915432456
ORD200246,2024-08-30,C55354,2,342.11,164 Main St,TRK15439493,2,WINTER15,684.22,0,8,0,1,342.11,2024,True,False,False,False,False,False,False,False,True,False,False,False,False,True,False,False,True,False,False,False,False,False,False,False,False,False,True,-0.6722481651688036,-0.07256780751010737,-0.4512884614785844,-1.5278170356472913,0.8724872704264466,0.5997787804982646,0.30974027122426084
ORD200247,2023-07-20,C14600,2,220.9,785 Main St,TRK84984764,4,None,441.8,0,7,0,0,110.45,2023,False,False,False,False,True,False,False,False,True,False,False,False,False,True,False,False,False,False,False,False,False,True,False,False,True,False,False,-0.6722481651688036,-0.6875505170100367,-0.7474294557835488,-0.6510210324063782,-0.6310203798769671,0.3006372440901526,-1.0224759490947237
ORD200248,2023-07-02,C97187,1,670.54,471 Main St,TRK62283713,6,FREESHIP,670.54,1,7,0,1,111.75666666666666,2023,False,True,False,False,False,False,False,False,False,False,False,False,False,True,False,False,False,True,False,False,True,False,False,False,False,False,False,-1.3829951239375826,1.5937862167540764,-0.46799999023896693,0.22577497083453502,-0.6225399200231737,0.3006372440901526,-1.0224759490947237
ORD200249,2024-02-07,C39106,1,546.19,245 Main St,TRK35464433,5,FREESHIP,546.19,0,2,0,1,109.23800000000001,2024,False,False,False,False,True,False,False,False,False,False,False,True,False,False,False,False,False,True,False,False,False,False,False,True,False,False,False,-1.3829951239375826,0.9628721013649489,-0.6199063207472677,-0.2126230307859216,-0.6388864390678837,-1.1950704379504076,0.30974027122426084
ORD200250,2023-04-05,C93379,3,42.95,318 Main St,TRK67954150,8,SAVE10,128.85,0,4,0,1,16.10625,2023,True,False,False,False,False,False,False,False,True,False,False,False,True,False,False,False,False,False,False,False,False,False,False,True,False,True,False,0.03849879359997556,-1.5904147456670155,-1.1297301082368882,1.1025709740754481,-1.2433252658448195,-0.5967873651341835,-1.0224759490947237
ORD200251,2025-05-15,C93175,4,14.69,814 Main St,TRK32995144,9,None,58.76,0,5,0,0,6.528888888888889,2025,False,False,True,False,False,False,False,False,False,False,False,False,False,False,False,False,False,False,False,False,False,True,False,False,True,False,False,0.7492457523687547,-1.733797398669804,-1.215352261074257,1.5409689756959049,-1.305483755442825,-0.29764582872607154,1.6419564915432456
ORD200252,2024-09-20,C19648,4,668.36,821 Main St,TRK51297879,5,FREESHIP,2673.44,0,9,0,1,534.688,2024,False,False,False,True,False,False,False,False,True,False,False,False,False,False,True,False,False,False,False,False,False,False,False,False,False,False,False,0.7492457523687547,1.5827255591622127,1.9787486175219973,-0.2126230307859216,2.1223469625620366,0.8989203169063766,0.30974027122426084
ORD200253,2024-03-23,C14891,4,413.74,743 Main St,TRK79471534,7,FREESHIP,1654.96,1,3,0,1,236.42285714285714,2024,False,False,False,False,False,False,False,False,True,False,False,False,True,False,False,False,True,False,False,True,False,False,False,False,False,False,False,0.7492457523687547,0.29086104721705974,0.7345704148996064,0.6641729724549916,0.18656208772583327,-0.8959289015422955,0.30974027122426084
ORD200254,2023-12-26,C10866,3,263.19,770 Main St,TRK34809583,5,None,789.5699999999999,0,12,1,0,157.914,2023,False,False,True,False,False,False,False,False,False,True,True,False,False,False,False,False,True,False,False,False,False,False,True,False,True,False,False,0.03849879359997556,-0.47298390712015953,-0.3225925875819259,-0.2126230307859216,-0.32297200245315116,1.7963449261307127,-1.0224759490947237
ORD200255,2024-05-13,C47283,1,263.96,806 Main St,TRK56235117,2,SAVE10,263.96,0,5,0,1,131.98,2024,False,False,True,False,False,False,False,False,True,False,False,False,True,False,False,True,False,False,True,False,False,False,False,False,False,True,False,-1.3829951239375826,-0.4690771610900058,-0.9646793296685204,-1.5278170356472913,-0.49128749672479377,-0.29764582872607154,0.30974027122426084
ORD200256,2025-06-30,C94323,5,75.81,463 Main St,TRK22663277,10,WINTER15,379.05,0,6,0,1,37.905,2025,False,False,False,False,False,False,False,False,True,False,False,False,True,False,False,False,True,False,True,False,False,False,False,False,False,False,True,1.4599927111375337,-1.423693090406165,-0.8240850427509463,1.9793669773163614,-1.1018481554586868,0.0014957076820405282,1.6419564915432456
ORD200257,2024-04-23,C89732,1,406.22,712 Main St,TRK41059233,5,SAVE10,406.22,0,4,0,1,81.244,2024,False,False,False,True,False,False,True,False,False,False,False,False,False,False,False,False,False,True,False,False,False,False,True,False,False,True,False,-1.3829951239375826,0.2527068522212718,-0.7908940897962977,-0.2126230307859216,-0.8205716379049457,-0.5967873651341835,0.30974027122426084
ORD200258,2024-02-26,C87764,2,103.41,294 Main St,TRK94082469,2,FREESHIP,206.82,0,2,0,1,103.41,2024,False,False,False,False,False,True,False,False,False,True,False,False,False,True,False,False,False,True,True,False,False,False,False,False,False,False,False,-0.6722481651688036,-1.2836590768577942,-1.0344817239205857,-1.5278170356472913,-0.6767110207218953,-1.1950704379504076,0.30974027122426084
ORD200259,2023-06-11,C20977,4,435.12,636 Main St,TRK54991561,9,SAVE10,1740.48,1,6,1,1,193.38666666666666,2023,False,False,False,False,False,False,True,False,False,False,True,False,False,False,False,False,True,False,False,False,True,False,False,False,False,True,False,0.7492457523687547,0.3993366707556167,0.8390419017115878,1.5409689756959049,-0.09274915124881625,0.0014957076820405282,-1.0224759490947237
ORD200260,2023-05-17,C12245,2,407.79,153 Main St,TRK22000463,3,None,815.58,0,5,0,0,271.86,2023,False,False,True,False,False,False,False,True,False,False,False,False,False,True,False,True,False,False,False,False,False,False,False,True,True,False,False,-0.6722481651688036,0.2606725551658711,-0.29081869408356703,-1.0894190340268348,0.41655438415425977,-0.29764582872607154,-1.0224759490947237
ORD200261,2025-05-28,C68976,5,173.65,460 Main St,TRK25491356,9,SAVE10,868.25,0,5,1,1,96.47222222222223,2025,False,False,False,True,False,False,False,False,True,False,True,False,False,False,False,False,False,False,False,False,False,False,False,True,False,True,False,1.4599927111375337,-0.9272826597694761,-0.2264768651501356,1.5409689756959049,-0.7217382242313224,-0.29764582872607154,1.6419564915432456
ORD200262,2023-01-10,C69476,4,249.07,642 Main St,TRK65869386,5,WINTER15,996.28,0,1,0,1,199.256,2023,False,False,False,True,False,False,True,False,False,False,False,False,True,False,False,False,False,True,False,False,False,False,True,False,False,False,True,0.7492457523687547,-0.5446244966601232,-0.07007503567705348,-0.2126230307859216,-0.05465631015045003,-1.4942119743585196,-1.0224759490947237
ORD200263,2023-03-25,C71040,4,434.85,250 Main St,TRK41397604,4,WINTER15,1739.4,1,3,0,1,434.85,2023,False,False,False,True,False,False,True,False,False,False,False,True,False,False,False,True,False,False,False,True,False,False,False,False,False,False,True,0.7492457523687547,0.3979667727969914,0.8377225704936629,-0.6510210324063782,1.4743835817842064,-0.8959289015422955,-1.0224759490947237
ORD200264,2024-08-03,C71035,1,436.77,977 Main St,TRK19599578,5,FREESHIP,436.77,1,8,0,1,87.354,2024,False,False,False,False,False,True,False,False,False,False,False,False,True,False,False,True,False,False,False,True,False,False,False,False,False,False,False,-1.3829951239375826,0.40770826939166044,-0.7535741187707361,-0.2126230307859216,-0.7809168345579982,0.5997787804982646,0.30974027122426084
ORD200265,2023-12-22,C20752,1,572.13,150 Main St,TRK22298450,4,SAVE10,572.13,0,12,0,1,143.0325,2023,False,False,False,False,True,False,False,True,False,False,False,False,False,False,False,True,False,False,False,False,False,False,False,False,False,True,False,-1.3829951239375826,1.094483779315845,-0.5882179394574782,-0.6510210324063782,-0.4195551376426109,1.7963449261307127,-1.0224759490947237
ORD200266,2024-06-08,C38840,4,583.07,589 Main St,TRK48484633,6,FREESHIP,2332.28,1,6,0,1,388.71333333333337,2024,False,False,False,False,False,False,True,False,False,False,False,False,False,False,False,False,False,True,False,True,False,False,False,False,False,False,False,0.7492457523687547,1.1499900151208882,1.561986545015267,0.22577497083453502,1.1749497939363611,0.0014957076820405282,0.30974027122426084
ORD200267,2025-04-17,C84480,5,468.51,803 Main St,TRK62361867,9,None,2342.55,0,4,1,0,260.28333333333336,2025,False,False,False,False,False,False,False,True,False,False,True,False,False,False,True,False,False,False,False,False,False,True,False,False,True,False,False,1.4599927111375337,0.5687473849722872,1.5745324076153495,1.5409689756959049,0.3414201059087887,-0.5967873651341835,1.6419564915432456
ORD200268,2023-08-11,C37032,2,423.88,655 Main St,TRK48639226,7,SAVE10,847.76,0,8,1,1,121.10857142857142,2023,False,False,False,True,False,False,False,True,False,False,True,False,False,False,False,False,False,True,False,False,False,False,False,False,False,True,False,-0.6722481651688036,0.3423083261076568,-0.25150751020132245,0.6641729724549916,-0.5618446754646279,0.5997787804982646,-1.0224759490947237
ORD200269,2023-11-25,C48942,4,663.67,129 Main St,TRK29355120,7,FREESHIP,2654.68,1,11,0,1,379.23999999999995,2023,False,False,False,False,False,True,True,False,False,False,False,True,False,False,False,True,False,False,False,True,False,False,False,False,False,False,False,0.7492457523687547,1.5589299242512753,1.9558313456254492,0.6641729724549916,1.113466459996358,1.4972033897226007,-1.0224759490947237
ORD200270,2023-06-04,C13540,4,309.91,127 Main St,TRK81087373,5,WINTER15,1239.64,1,6,0,1,247.92800000000003,2023,False,False,False,False,True,False,False,True,False,False,False,False,False,True,False,True,False,False,False,False,True,False,False,False,False,False,True,0.7492457523687547,-0.23594082331654012,0.22721426542869747,-0.2126230307859216,0.2612321658728936,0.0014957076820405282,-1.0224759490947237
ORD200271,2023-03-28,C59572,1,542.07,791 Main St,TRK16792991,6,WINTER15,542.07,0,3,0,1,90.34500000000001,2023,False,False,True,False,False,False,False,False,False,False,False,False,False,True,False,False,False,True,False,False,False,False,True,False,False,False,True,-1.3829951239375826,0.9419684732555544,-0.6249393250230555,0.22577497083453502,-0.7615048023467509,-0.8959289015422955,-1.0224759490947237
ORD200272,2023-09-19,C29758,2,399.32,119 Main St,TRK12990043,6,WINTER15,798.64,0,9,0,1,133.10666666666665,2023,False,False,False,False,False,False,False,False,False,True,False,True,False,False,False,False,True,False,False,False,False,False,True,False,False,False,True,-0.6722481651688036,0.21769834883417888,-0.31151264855731553,0.22577497083453502,-0.4839752634835127,0.8989203169063766,-1.0224759490947237
ORD200273,2024-10-27,C11849,2,238.25,974 Main St,TRK91195261,7,FREESHIP,476.5,1,10,0,1,68.07142857142857,2024,False,False,False,False,False,True,False,False,False,True,False,False,False,False,False,False,False,False,False,False,True,False,False,False,False,False,False,-0.6722481651688036,-0.5995218889279991,-0.7050398323928125,0.6641729724549916,-0.9060635740053744,1.1980618533144887,0.30974027122426084
ORD200274,2023-02-04,C50967,2,182.4,884 Main St,TRK65300814,5,SAVE10,364.8,1,2,0,1,72.96000000000001,2023,False,False,False,True,False,False,False,False,True,False,False,False,False,False,False,False,False,True,False,True,False,False,False,False,False,True,False,-0.6722481651688036,-0.882887818517728,-0.841492885209678,-0.2126230307859216,-0.8743360226719036,-1.1950704379504076,-1.0224759490947237
ORD200275,2023-11-04,C80735,2,65.07,360 Main St,TRK99880231,4,SAVE10,130.14,1,11,0,1,32.535,2023,False,False,False,False,False,False,True,False,False,False,False,False,False,False,False,True,False,False,False,True,False,False,False,False,False,True,False,-0.6722481651688036,-1.4781845869825965,-1.1281542403932556,-0.6510210324063782,-1.136700249398639,1.4972033897226007,-1.0224759490947237
ORD200276,2025-03-29,C99050,2,600.57,654 Main St,TRK56927089,3,WINTER15,1201.14,1,3,0,1,400.38000000000005,2025,False,False,False,False,True,False,False,True,False,False,False,False,True,False,False,False,True,False,False,True,False,False,False,False,False,False,True,-0.6722481651688036,1.2387796976243841,0.18018255071563286,-1.0894190340268348,1.2506681854880886,-0.8959289015422955,1.6419564915432456
ORD200277,2024-09-09,C11210,5,90.92,910 Main St,TRK44929965,9,SAVE10,454.6,0,9,1,1,50.51111111111111,2024,False,False,False,False,False,False,True,False,False,False,True,False,False,False,True,False,False,False,True,False,False,False,False,False,False,True,False,1.4599927111375337,-1.347029541684575,-0.7317929376451792,1.5409689756959049,-1.0200326305681988,0.8989203169063766,0.30974027122426084
ORD200278,2024-11-18,C46015,5,362.46,299 Main St,TRK46598430,6,FREESHIP,1812.3,0,11,1,1,302.05,2024,False,True,False,False,False,False,False,False,False,False,True,False,False,False,False,False,True,False,True,False,False,False,False,False,False,False,False,1.4599927111375337,0.030681909001100766,0.9267774277035955,0.22577497083453502,0.6124919476639725,1.4972033897226007,0.30974027122426084
ORD200279,2023-10-20,C69167,3,55.01,263 Main St,TRK12425655,7,WINTER15,165.03,0,10,0,1,23.575714285714287,2023,False,False,False,False,False,False,False,False,False,True,False,True,False,False,False,False,False,False,False,False,False,False,False,False,False,False,True,0.03849879359997556,-1.529225970181749,-1.0855325124364033,0.6641729724549916,-1.1948473382904745,1.1980618533144887,-1.0224759490947237
ORD200280,2023-03-27,C55388,3,404.62,740 Main St,TRK75741001,6,FREESHIP,1213.86,0,3,1,1,202.30999999999997,2023,False,False,False,False,False,True,False,False,True,False,True,False,False,False,False,False,True,False,True,False,False,False,False,False,False,False,False,0.03849879359997556,0.2445889383923806,0.19572134061563734,0.22577497083453502,-0.03483539862482374,-0.8959289015422955,-1.0224759490947237
ORD200281,2023-07-27,C87181,4,654.79,195 Main St,TRK60093390,9,None,2619.16,0,7,0,0,291.0177777777778,2023,True,False,False,False,False,False,False,False,False,False,False,True,False,False,False,False,False,True,False,False,False,True,False,False,True,False,False,0.7492457523687547,1.5138755025009298,1.9124400077914738,1.5409689756959049,0.5408911943575819,0.3006372440901526,-1.0224759490947237
ORD200282,2025-04-22,C30411,4,637.79,375 Main St,TRK71810536,9,FREESHIP,2551.16,0,4,0,1,283.4622222222222,2025,False,False,False,False,True,False,False,False,True,False,False,False,False,False,False,True,False,False,False,False,False,False,True,False,False,False,False,0.7492457523687547,1.4276226680689623,1.8293710051813856,1.5409689756959049,0.4918545217336058,-0.5967873651341835,1.6419564915432456
ORD200283,2025-02-28,C39638,4,540.33,990 Main St,TRK69745608,6,None,2161.32,0,2,0,0,360.22,2025,False,True,False,False,False,False,False,False,False,False,False,False,False,True,False,True,False,False,False,False,False,False,False,False,True,False,False,0.7492457523687547,0.9331402419666354,1.3531412996296688,0.22577497083453502,0.9900238479408852,-1.1950704379504076,1.6419564915432456
ORD200284,2023-02-16,C27203,5,208.17,516 Main St,TRK22023906,6,SAVE10,1040.85,0,2,0,1,173.475,2023,False,True,False,False,False,False,True,False,False,False,False,False,True,False,True,False,False,False,False,False,False,True,False,False,False,True,False,1.4599927111375337,-0.7521386689111513,-0.015628190878059004,0.22577497083453502,-0.22197881180145718,-1.1950704379504076,-1.0224759490947237
ORD200285,2025-06-10,C67583,1,338.31,974 Main St,TRK93281700,3,None,338.31,0,6,1,0,112.77,2025,False,False,False,True,False,False,False,False,False,True,True,False,False,False,False,True,False,False,False,False,False,False,True,False,True,False,False,-1.3829951239375826,-0.09184785285372372,-0.8738531481382256,-1.0894190340268348,-0.6159632368712522,0.0014957076820405282,1.6419564915432456
ORD200286,2025-04-07,C70554,3,139.45,187 Main St,TRK61086952,8,WINTER15,418.35,0,4,0,1,52.29375,2025,False,False,True,False,False,False,False,False,True,False,False,False,True,False,False,True,False,False,True,False,False,False,False,False,False,False,True,0.03849879359997556,-1.1008030678620229,-0.7760760456542335,1.1025709740754481,-1.0084630406209796,-0.5967873651341835,1.6419564915432456
ORD200287,2023-11-24,C70437,4,655.18,630 Main St,TRK26628830,5,None,2620.72,0,11,0,0,524.144,2023,False,False,False,False,False,False,False,False,False,True,False,False,False,True,True,False,False,False,False,False,False,False,False,False,True,False,False,0.7492457523687547,1.515854243996722,1.9143457084395874,-0.2126230307859216,2.053914843660201,1.4972033897226007,-1.0224759490947237
ORD200288,2023-03-12,C97643,4,512.75,537 Main St,TRK60831391,8,WINTER15,2051.0,1,3,0,1,256.375,2023,False,True,False,False,False,False,False,True,False,False,False,False,True,False,False,True,False,False,False,False,True,False,False,False,False,False,True,0.7492457523687547,0.7932077023411253,1.2183740589245962,1.1025709740754481,0.3160544447389598,-0.8959289015422955,-1.0224759490947237
ORD200289,2023-07-26,C17136,4,160.49,333 Main St,TRK55362541,8,WINTER15,641.96,0,7,0,1,80.245,2023,False,False,False,False,False,False,True,False,False,False,False,False,False,True,False,False,False,True,False,False,False,False,False,True,False,False,True,0.7492457523687547,-0.9940525010121051,-0.5029134033947951,1.1025709740754481,-0.8270552956043893,0.3006372440901526,-1.0224759490947237
ORD200290,2023-05-05,C24901,3,99.9,258 Main St,TRK14029489,8,FREESHIP,299.7,0,5,1,1,37.4625,2023,False,False,False,False,False,False,False,False,False,False,True,False,False,False,True,False,False,False,False,False,False,False,False,False,False,False,False,0.03849879359997556,-1.3014677503199237,-0.9210192391790417,1.1025709740754481,-1.1047200458811128,-0.29764582872607154,-1.0224759490947237
ORD200291,2024-05-12,C61521,2,345.01,670 Main St,TRK93676567,6,FREESHIP,690.02,1,5,1,1,115.00333333333333,2024,False,False,False,True,False,False,True,False,False,False,True,False,False,False,False,True,False,False,False,False,True,False,False,False,False,False,False,-0.6722481651688036,-0.05785408869524242,-0.4442031641971358,0.22577497083453502,-0.6014685733456359,-0.29764582872607154,0.30974027122426084
ORD200292,2025-01-15,C39639,1,65.95,185 Main St,TRK31042152,5,None,65.95,0,1,1,0,13.190000000000001,2025,False,False,True,False,False,False,True,False,False,False,True,False,False,False,True,False,False,False,False,False,False,False,False,True,True,False,False,-1.3829951239375826,-1.4737197343767063,-1.2065689356512197,-0.2126230307859216,-1.2622521595044818,-1.4942119743585196,1.6419564915432456
ORD200293,2023-02-16,C33220,4,463.04,564 Main St,TRK40450219,9,None,1852.16,0,2,0,0,205.79555555555555,2023,False,False,False,False,False,True,False,False,True,False,False,False,True,False,False,False,True,False,False,False,False,True,False,False,True,False,False,0.7492457523687547,0.5409942670697659,0.9754705224688621,1.5409689756959049,-0.01221362773932181,-1.1950704379504076,-1.0224759490947237
ORD200294,2025-04-01,C65414,2,297.71,208 Main St,TRK67562517,7,SAVE10,595.42,0,4,0,1,85.05999999999999,2025,False,False,False,True,False,False,False,False,False,True,False,False,False,True,False,False,False,True,False,False,False,False,True,False,False,True,False,-0.6722481651688036,-0.29783991626183476,-0.5597668060635231,0.6641729724549916,-0.7958052337196836,-0.5967873651341835,1.6419564915432456
ORD200295,2023-01-25,C49009,5,107.48,278 Main St,TRK46285799,9,FREESHIP,537.4,0,1,0,1,59.71111111111111,2023,False,False,False,False,True,False,False,True,False,False,False,False,False,False,False,False,False,False,False,False,False,False,False,True,False,False,False,1.4599927111375337,-1.2630091335555524,-0.6306442109376013,1.5409689756959049,-0.9603232703731224,-1.4942119743585196,-1.0224759490947237
ORD200296,2024-06-19,C48453,5,638.8,434 Main St,TRK52110494,10,WINTER15,3194.0,0,6,0,1,319.4,2024,True,False,False,False,False,False,False,True,False,False,False,False,False,False,False,False,False,True,False,False,False,False,False,True,False,False,True,1.4599927111375337,1.4327471011734498,2.614666264561813,1.9793669773163614,0.7250960128144697,0.0014957076820405282,0.30974027122426084
ORD200297,2023-02-22,C68078,2,493.88,252 Main St,TRK64862812,7,SAVE10,987.76,0,2,0,1,141.10857142857142,2023,True,False,False,False,False,False,True,False,False,False,False,False,True,False,False,False,True,False,False,False,False,False,False,True,False,True,False,-0.6722481651688036,0.6974670561216412,-0.08048309306290567,0.6641729724549916,-0.4320417185188095,-1.1950704379504076,-1.0224759490947237
ORD200298,2023-12-19,C19402,4,301.17,267 Main St,TRK97825212,6,None,1204.68,0,12,0,0,200.78,2023,False,False,False,False,True,False,False,False,False,True,False,False,False,False,False,False,False,False,False,False,False,False,True,False,True,False,False,0.7492457523687547,-0.28028492760685764,0.18450702526327564,0.22577497083453502,-0.04476532483117866,1.7963449261307127,-1.0224759490947237
ORD200299,2024-01-20,C30711,1,278.66,856 Main St,TRK42696593,2,FREESHIP,278.66,1,1,0,1,139.33,2024,False,False,True,False,False,False,False,False,True,False,False,False,False,False,False,False,True,False,False,True,False,False,False,False,False,False,False,-1.3829951239375826,-0.3944938277870689,-0.9467217658689866,-1.5278170356472913,-0.4435849100472054,-1.4942119743585196,0.30974027122426084
ORD200300,2024-09-02,C39000,1,287.46,894 Main St,TRK33753945,3,FREESHIP,287.46,0,9,0,1,95.82,2024,False,False,False,True,False,False,False,True,False,False,False,False,True,False,True,False,False,False,True,False,False,False,False,False,False,False,False,-1.3829951239375826,-0.3498453017281682,-0.9359716596488575,-1.0894190340268348,-0.7259712428828333,0.8989203169063766,0.30974027122426084
ORD200301,2023-05-11,C31105,1,583.99,726 Main St,TRK40149095,2,SAVE10,583.99,0,5,0,1,291.995,2023,False,False,False,False,False,False,False,False,False,False,False,False,False,False,False,False,False,False,False,False,False,True,False,False,False,True,False,-1.3829951239375826,1.1546578155725002,-0.5737297281198953,-1.5278170356472913,0.5472335110594623,-0.29764582872607154,-1.0224759490947237
ORD200302,2023-05-16,C29432,3,468.74,121 Main St,TRK44142517,4,FREESHIP,1406.22,0,5,0,1,351.555,2023,False,False,False,False,False,False,False,False,False,False,False,True,False,False,False,False,True,False,False,False,False,False,True,False,False,False,False,0.03849879359997556,0.5699143350851903,0.43070888976382216,-0.6510210324063782,0.9337867168441093,-0.29764582872607154,-1.0224759490947237
ORD200303,2024-12-07,C48531,1,30.54,368 Main St,TRK95462192,1,None,30.54,1,12,0,0,30.54,2024,False,False,False,False,False,True,False,True,False,False,False,False,True,False,False,True,False,False,False,True,False,False,False,False,True,False,False,-1.3829951239375826,-1.6533793148023517,-1.2498258971574436,-1.966215037267748,-1.1496480943539844,1.7963449261307127,0.30974027122426084
ORD200304,2024-10-18,C86762,5,408.73,326 Main St,TRK75686292,10,FREESHIP,2043.65,0,10,1,1,204.365,2024,False,False,True,False,False,False,False,False,True,False,True,False,False,False,False,False,True,False,False,False,False,False,False,False,False,False,False,1.4599927111375337,0.2654418295403446,1.2093952770248295,1.9793669773163614,-0.021498144798640678,1.1980618533144887,0.30974027122426084
ORD200305,2023-11-25,C63822,4,126.89,235 Main St,TRK59353216,9,FREESHIP,507.56,1,11,0,1,56.39555555555555,2023,False,True,False,False,False,False,False,False,False,False,False,True,False,False,False,False,True,False,False,True,False,False,False,False,False,False,False,0.7492457523687547,-1.1645286914188178,-0.6670968438476753,1.5409689756959049,-0.9818417161245847,1.4972033897226007,-1.0224759490947237
ORD200306,2024-06-07,C70495,2,57.07,238 Main St,TRK65511225,3,SAVE10,114.14,0,6,0,1,38.04666666666667,2024,False,False,False,False,True,False,False,True,False,False,False,False,True,False,False,False,True,False,False,False,False,False,False,False,False,True,False,-0.6722481651688036,-1.5187741561270518,-1.1476998880662177,-1.0894190340268348,-1.100928717846987,0.0014957076820405282,0.30974027122426084
ORD200307,2023-07-01,C92407,3,557.41,135 Main St,TRK11755610,4,None,1672.23,1,7,1,0,418.0575,2023,False,True,False,False,False,False,False,False,False,True,True,False,False,False,False,False,False,False,False,True,False,False,False,False,True,False,False,0.03849879359997556,1.019798972090047,0.7556674983566096,-0.6510210324063782,1.3653977740585734,0.3006372440901526,-1.0224759490947237
ORD200308,2023-12-11,C75888,3,448.9,790 Main St,TRK98467398,7,SAVE10,1346.7,0,12,0,1,192.3857142857143,2023,False,False,False,False,True,False,False,True,False,False,False,False,True,False,False,False,True,False,True,False,False,False,False,False,False,True,False,0.03849879359997556,0.46925220360694087,0.35799908042040385,0.6641729724549916,-0.0992454801892949,1.7963449261307127,-1.0224759490947237
ORD200309,2023-10-03,C63153,4,549.76,625 Main St,TRK38033305,4,FREESHIP,2199.04,0,10,1,1,549.76,2023,False,False,False,False,False,False,False,True,False,False,True,False,False,False,True,False,False,False,False,False,False,False,True,False,False,False,False,0.7492457523687547,0.9809851965956619,1.3992201640186763,-0.6510210324063782,2.2201664709164053,1.1980618533144887,-1.0224759490947237
ORD200310,2024-02-24,C85863,3,132.48,968 Main St,TRK16094218,4,None,397.4399999999999,1,2,0,0,99.35999999999997,2024,False,False,False,False,True,False,False,False,False,True,False,False,False,True,False,False,False,True,False,True,False,False,False,False,True,False,False,0.03849879359997556,-1.1361667299791296,-0.8016197639568359,-0.6510210324063782,-0.7029961195034236,-1.1950704379504076,0.30974027122426084
ORD200311,2025-05-17,C71698,5,489.37,274 Main St,TRK34786818,8,None,2446.85,1,5,0,0,305.85625,2025,True,False,False,False,False,False,False,False,False,True,False,False,True,False,False,False,True,False,False,True,False,False,False,False,True,False,False,1.4599927111375337,0.6745846865164545,1.7019455983834695,1.1025709740754481,0.6371950729077234,-0.29764582872607154,1.6419564915432456
ORD200312,2025-05-24,C35397,5,66.31,579 Main St,TRK64742535,7,FREESHIP,331.55,1,5,0,1,47.364285714285714,2025,False,False,False,False,True,False,False,False,True,False,False,True,False,False,False,False,False,True,False,True,False,False,False,False,False,False,False,1.4599927111375337,-1.4718932037652057,-0.882111184280052,0.6641729724549916,-1.0404559926432055,-0.29764582872607154,1.6419564915432456
ORD200313,2023-07-09,C67687,2,434.3,978 Main St,TRK22838735,7,SAVE10,868.6,1,7,1,1,124.08571428571429,2023,False,False,False,False,False,False,False,False,False,False,True,False,False,False,False,False,True,False,False,False,True,False,False,False,False,True,False,-0.6722481651688036,0.39517623991831,-0.22604930410728952,0.6641729724549916,-0.5425225781592645,0.3006372440901526,-1.0224759490947237
ORD200314,2023-10-04,C29931,4,153.09,540 Main St,TRK48712417,4,FREESHIP,612.36,0,10,1,1,153.09,2023,True,False,False,False,False,False,False,False,False,True,True,False,False,False,False,False,False,True,False,False,False,False,False,True,False,False,False,0.7492457523687547,-1.0315978524707263,-0.5390728515897747,-0.6510210324063782,-0.3542804756684825,1.1980618533144887,-1.0224759490947237
ORD200315,2025-05-12,C59139,5,91.67,301 Main St,TRK45507090,9,FREESHIP,458.35,0,5,0,1,50.92777777777778,2025,False,False,False,False,False,True,False,False,False,True,False,False,False,False,False,False,False,False,True,False,False,False,False,False,False,False,False,1.4599927111375337,-1.3432242695772822,-0.7272119264718288,1.5409689756959049,-1.0173284022984943,-0.29764582872607154,1.6419564915432456
ORD200316,2023-10-02,C66078,4,275.28,101 Main St,TRK86474559,9,WINTER15,1101.12,0,10,0,1,122.34666666666665,2023,True,False,False,False,False,False,False,False,True,False,False,False,False,True,True,False,False,False,True,False,False,False,False,False,False,False,True,0.7492457523687547,-0.4116429207506015,0.0579978207000294,1.5409689756959049,-0.553809254320363,1.1980618533144887,-1.0224759490947237
ORD200317,2023-04-10,C88370,2,139.95,339 Main St,TRK22575151,5,None,279.9,0,4,0,0,55.98,2023,False,False,True,False,False,False,False,False,False,True,False,False,True,False,False,False,True,False,True,False,False,False,False,False,True,False,False,-0.6722481651688036,-1.0982662197904944,-0.9452069781743322,-0.2126230307859216,-0.9845387331189034,-0.5967873651341835,-1.0224759490947237
ORD200318,2024-07-27,C93375,3,148.72,317 Main St,TRK95706967,7,SAVE10,446.16,1,7,0,1,63.737142857142864,2024,False,False,False,False,False,False,False,True,False,False,False,False,False,False,False,True,False,False,False,True,False,False,False,False,False,True,False,0.03849879359997556,-1.053769904615885,-0.7421032667926665,0.6641729724549916,-0.9341937291034895,0.3006372440901526,0.30974027122426084
ORD200319,2023-12-02,C53049,2,563.06,413 Main St,TRK48974907,6,None,1126.12,1,12,0,0,187.68666666666664,2023,False,True,False,False,False,False,False,False,False,False,False,False,True,False,False,False,True,False,False,True,False,False,False,False,True,False,False,-0.6722481651688036,1.0484653552983185,0.08853789518903239,0.22577497083453502,-0.12974299397837458,1.7963449261307127,-1.0224759490947237
ORD200320,2024-12-19,C55590,1,625.51,772 Main St,TRK48792951,1,FREESHIP,625.51,0,12,0,1,625.51,2024,False,False,False,False,True,False,True,False,False,False,False,False,False,True,True,False,False,False,False,False,False,True,False,False,False,False,False,-1.3829951239375826,1.3653176794322235,-0.5230087724085591,-1.966215037267748,2.711795170348692,1.7963449261307127,0.30974027122426084
ORD200321,2023-08-09,C47086,4,152.29,135 Main St,TRK44194358,6,WINTER15,609.16,0,8,0,1,101.52666666666666,2023,False,False,False,True,False,False,False,True,False,False,False,False,False,False,False,True,False,False,False,False,False,False,False,True,False,False,True,0.7492457523687547,-1.035656809385172,-0.5429819811243671,0.22577497083453502,-0.6889341325009598,0.5997787804982646,-1.0224759490947237
ORD200322,2024-06-14,C48646,5,231.82,339 Main St,TRK18233748,6,SAVE10,1159.1,0,6,1,1,193.1833333333333,2024,False,False,False,True,False,False,False,True,False,False,True,False,False,False,True,False,False,False,False,False,False,False,False,False,False,True,False,1.4599927111375337,-0.6321457551278551,0.12882636145492518,0.22577497083453502,-0.09406881464443216,0.0014957076820405282,0.30974027122426084
ORD200323,2025-01-26,C29416,1,150.17,414 Main St,TRK63820842,1,SAVE10,150.17,1,1,0,1,150.17,2025,False,True,False,False,False,False,False,True,False,False,False,False,True,False,False,False,False,True,False,False,True,False,False,False,False,True,False,-1.3829951239375826,-1.0464130452084526,-1.1036855327126665,-1.966215037267748,-0.37323170738257205,-1.4942119743585196,1.6419564915432456
ORD200324,2024-06-13,C13525,3,70.93,847 Main St,TRK70193221,5,None,212.79,0,6,0,0,42.558,2024,False,False,False,False,False,True,False,True,False,False,False,False,True,False,False,False,False,True,False,False,False,True,False,False,True,False,False,0.03849879359997556,-1.448452727584283,-1.027188754132612,-0.2126230307859216,-1.0716494975252422,0.0014957076820405282,0.30974027122426084
ORD200325,2023-06-29,C53545,3,361.39,665 Main St,TRK61123177,8,None,1084.17,0,6,0,0,135.52125,2023,True,False,False,False,False,False,True,False,False,False,False,False,False,True,False,False,False,True,False,False,False,True,False,False,True,False,False,0.03849879359997556,0.025253054128029896,0.037291650196485594,1.1025709740754481,-0.4683042606605747,0.0014957076820405282,-1.0224759490947237
ORD200326,2024-07-01,C65986,5,670.48,273 Main St,TRK98353867,5,SAVE10,3330.4075,0,7,0,1,666.0815,2024,False,True,False,False,False,False,False,False,True,False,False,False,True,False,True,False,False,False,True,False,False,False,False,False,False,True,False,1.4599927111375337,1.5934817949854934,2.7813020729961604,-0.2126230307859216,2.975110203735056,0.3006372440901526,0.30974027122426084
ORD200327,2023-07-25,C17302,1,359.99,385 Main St,TRK43940016,5,SAVE10,359.99,0,7,0,1,71.998,2023,False,False,False,True,False,False,False,False,True,False,False,False,False,False,False,False,False,False,False,False,False,False,True,False,False,True,False,-1.3829951239375826,0.018149879527750327,-0.8473687955413621,-0.2126230307859216,-0.8805795449009975,0.3006372440901526,-1.0224759490947237
ORD200328,2023-02-28,C18404,5,674.04,546 Main St,TRK89401624,7,SAVE10,3330.4075,0,2,0,1,475.7725,2023,False,False,False,False,False,True,False,False,False,True,False,False,False,False,False,True,False,False,False,False,False,False,True,False,False,True,False,1.4599927111375337,1.6115441532547756,2.7813020729961604,0.6641729724549916,1.7399766570649686,-1.1950704379504076,-1.0224759490947237
ORD200329,2024-12-25,C88371,4,283.16,306 Main St,TRK63224811,6,None,1132.64,0,12,0,0,188.77333333333334,2024,False,False,False,False,False,False,True,False,False,False,False,False,False,True,False,True,False,False,False,False,False,False,False,True,True,False,False,0.7492457523687547,-0.3716621951433127,0.09650274661576463,0.22577497083453502,-0.1226903666509849,1.7963449261307127,0.30974027122426084
ORD200330,2024-06-02,C38068,5,260.53,532 Main St,TRK54059198,5,SAVE10,1302.65,1,6,0,1,260.53000000000003,2024,True,False,False,False,False,False,False,False,True,False,False,True,False,False,False,False,True,False,False,False,True,False,False,False,False,True,False,1.4599927111375337,-0.4864799388606911,0.3041874691707806,-0.2126230307859216,0.34302100904445376,0.0014957076820405282,0.30974027122426084
ORD200331,2023-04-15,C78724,3,422.13,187 Main St,TRK25703134,7,SAVE10,1266.39,1,4,1,1,180.91285714285715,2023,False,False,False,False,True,False,False,False,False,True,True,False,False,False,True,False,False,False,False,True,False,False,False,False,False,True,False,0.03849879359997556,0.3334293578573072,0.25989214513193065,0.6641729724549916,-0.17370601927728546,-0.5967873651341835,-1.0224759490947237
ORD200332,2024-07-03,C26163,5,125.02,607 Main St,TRK67499316,9,SAVE10,625.1,0,7,0,1,69.45555555555556,2024,True,False,False,False,False,False,False,True,False,False,False,True,False,False,False,True,False,False,False,False,False,False,False,True,False,True,False,1.4599927111375337,-1.174016503206334,-0.5235096296301787,1.5409689756959049,-0.8970803852389652,0.3006372440901526,0.30974027122426084
ORD200333,2024-04-16,C87124,1,198.51,818 Main St,TRK52086740,5,WINTER15,198.51,0,4,0,1,39.702,2024,False,False,False,True,False,False,True,False,False,False,False,False,True,False,False,False,True,False,False,False,False,False,True,False,False,False,True,-1.3829951239375826,-0.8011505736530811,-1.0446332446807303,-0.2126230307859216,-1.090185359777105,-0.5967873651341835,0.30974027122426084
ORD200334,2024-03-26,C90348,4,224.75,728 Main St,TRK20635777,7,WINTER15,899.0,0,3,1,1,128.42857142857142,2024,False,False,False,False,False,False,False,False,False,True,True,False,False,False,True,False,False,False,False,False,False,False,True,False,False,False,True,0.7492457523687547,-0.6680167868592675,-0.1889125735286619,0.6641729724549916,-0.5143367932224584,-0.8959289015422955,0.30974027122426084
ORD200335,2025-03-03,C58721,3,205.86,978 Main St,TRK34801199,4,None,617.58,0,3,0,0,154.395,2025,False,False,False,False,False,True,False,False,True,False,False,False,False,True,False,False,False,False,True,False,False,False,False,False,True,False,False,0.03849879359997556,-0.7638589070016126,-0.5326960840364708,-0.6510210324063782,-0.34581083272776775,-0.8959289015422955,1.6419564915432456
ORD200336,2023-12-29,C88174,1,18.2,441 Main St,TRK10143345,4,SAVE10,18.2,0,12,0,1,4.55,2023,False,True,False,False,False,False,False,True,False,False,False,True,False,False,False,False,True,False,False,False,False,False,False,False,False,True,False,-1.3829951239375826,-1.7159887252076742,-1.2649004779252155,-0.6510210324063782,-1.318327036905075,1.7963449261307127,-1.0224759490947237
ORD200337,2023-05-29,C77763,3,502.77,599 Main St,TRK66980447,8,WINTER15,1508.31,0,5,0,1,188.53875,2023,False,False,False,False,False,True,False,True,False,False,False,False,True,False,False,False,False,False,True,False,False,False,False,False,False,False,True,0.03849879359997556,0.7425722148334172,0.5554223379471147,1.1025709740754481,-0.12421284716682865,-0.29764582872607154,-1.0224759490947237
ORD200338,2023-11-08,C53627,5,305.49,704 Main St,TRK64112352,10,None,1527.45,0,11,0,0,152.745,2023,False,False,False,True,False,False,False,True,False,False,False,False,False,True,False,False,False,True,False,False,False,False,False,True,True,False,False,1.4599927111375337,-0.2583665602688518,0.5788038189758955,1.9793669773163614,-0.3565195766757978,1.4972033897226007,-1.0224759490947237
ORD200339,2024-04-10,C84563,2,236.33,398 Main St,TRK62422797,3,SAVE10,472.66,0,4,0,1,157.55333333333334,2024,False,False,False,False,True,False,False,False,False,True,False,True,False,False,False,False,True,False,False,False,False,False,False,True,False,True,False,-0.6722481651688036,-0.6092633855226683,-0.7097307878343233,-1.0894190340268348,-0.3253127824434073,-0.5967873651341835,0.30974027122426084
ORD200340,2023-04-23,C76207,5,521.25,826 Main St,TRK25569378,8,None,2606.25,1,4,0,0,325.78125,2023,False,True,False,False,False,False,False,False,False,False,False,False,False,False,False,False,False,False,False,False,True,False,False,False,True,False,False,1.4599927111375337,0.8363341195571091,1.8966691133253528,1.1025709740754481,0.766511268764995,-0.5967873651341835,-1.0224759490947237
ORD200341,2024-09-23,C94671,1,167.15,293 Main St,TRK61357272,5,WINTER15,167.15,0,9,0,1,33.43,2024,False,False,False,False,False,True,False,False,True,False,False,False,False,True,False,False,False,False,True,False,False,False,False,False,False,False,True,-1.3829951239375826,-0.960261684699346,-1.0829427141197356,-0.2126230307859216,-1.1308915670753135,0.8989203169063766,0.30974027122426084
ORD200342,2025-06-24,C69994,5,466.42,619 Main St,TRK95935805,5,None,2332.1,0,6,0,0,466.41999999999996,2025,False,False,True,False,False,False,False,False,True,False,False,False,True,False,False,False,False,True,False,False,False,False,True,False,True,False,False,1.4599927111375337,0.5581433600332983,1.5617666564789459,-0.2126230307859216,1.6792775493231802,0.0014957076820405282,1.6419564915432456
ORD200343,2023-02-26,C64638,1,527.57,919 Main St,TRK64087938,3,FREESHIP,527.57,1,2,0,1,175.85666666666668,2023,False,False,False,False,True,False,False,True,False,False,False,True,False,False,True,False,False,False,False,False,True,False,False,False,False,False,False,-1.3829951239375826,0.8683998791812291,-0.6426525682266772,-1.0894190340268348,-0.20652144301182584,-1.1950704379504076,-1.0224759490947237
ORD200344,2025-03-06,C95623,3,623.34,248 Main St,TRK67558189,3,SAVE10,1870.02,0,3,0,1,623.34,2025,False,False,False,False,False,True,False,False,False,True,False,False,False,False,False,False,True,False,False,False,False,True,False,False,False,True,False,0.03849879359997556,1.3543077588017902,0.9972883516838057,-1.0894190340268348,2.697711549520071,-0.8959289015422955,1.6419564915432456
ORD200345,2023-12-07,C24751,5,501.26,259 Main St,TRK37285406,10,FREESHIP,2506.3,0,12,0,1,250.63000000000002,2023,False,False,False,False,False,True,False,False,True,False,False,False,False,True,False,False,False,True,False,False,False,True,False,False,False,False,False,1.4599927111375337,0.7349109336574012,1.7745698955183191,1.9793669773163614,0.27876854535627366,1.7963449261307127,-1.0224759490947237
ORD200346,2024-12-06,C31764,1,655.09,876 Main St,TRK44680433,6,None,655.09,0,12,0,0,109.18166666666667,2024,False,False,False,False,False,True,False,False,False,False,False,True,False,False,False,False,False,True,False,False,False,False,False,False,True,False,False,-1.3829951239375826,1.5153976113438474,-0.4868737562731707,0.22577497083453502,-0.6392520507299477,1.7963449261307127,0.30974027122426084
ORD200347,2024-02-03,C83556,4,264.79,380 Main St,TRK21109187,5,SAVE10,1059.16,1,2,0,1,211.83200000000002,2024,False,False,False,False,True,False,True,False,False,False,False,True,False,False,False,True,False,False,False,True,False,False,False,False,False,True,False,0.7492457523687547,-0.4648659932912683,0.006739359677687003,-0.2126230307859216,0.02696378917708068,-1.1950704379504076,0.30974027122426084
ORD200348,2024-03-13,C24369,3,359.73,885 Main St,TRK72633998,7,FREESHIP,1079.19,0,3,0,1,154.17000000000002,2024,False,True,False,False,False,False,False,True,False,False,False,False,True,False,False,False,False,False,False,False,False,False,False,True,False,False,False,0.03849879359997556,0.016830718530555573,0.03120806735827617,0.6641729724549916,-0.3472711159934082,-0.8959289015422955,0.30974027122426084
ORD200349,2023-11-30,C39648,1,465.33,824 Main St,TRK56016905,2,FREESHIP,465.33,0,11,1,1,232.665,2023,False,False,False,False,False,False,False,False,True,False,True,False,False,False,False,True,False,False,False,False,False,True,False,False,False,False,False,-1.3829951239375826,0.552613031237366,-0.7186851376744992,-1.5278170356472913,0.16217303927969215,1.4972033897226007,-1.0224759490947237
ORD200350,2023-06-03,C13296,2,54.41,495 Main St,TRK60127216,6,None,108.82,1,6,0,0,18.136666666666667,2023,False,False,False,False,False,False,False,False,False,True,False,False,False,True,False,False,True,False,False,True,False,False,False,False,True,False,False,-0.6722481651688036,-1.532270187867583,-1.1541988159174774,0.22577497083453502,-1.2301475614865494,0.0014957076820405282,-1.0224759490947237
ORD200351,2025-02-15,C94248,1,64.66,494 Main St,TRK89406816,4,None,64.66,1,2,1,0,16.165,2025,False,True,False,False,False,False,False,True,False,False,True,False,False,False,False,False,True,False,False,True,False,False,False,False,True,False,False,-1.3829951239375826,-1.4802648024012497,-1.2081448034948523,-0.6510210324063782,-1.2429439696587912,-1.1950704379504076,1.6419564915432456
ORD200352,2023-08-31,C26637,5,173.96,995 Main St,TRK59546992,8,WINTER15,869.8000000000001,0,8,0,1,108.72500000000001,2023,False,False,False,False,False,False,False,True,False,False,False,True,False,False,False,False,True,False,False,False,False,True,False,False,False,False,True,1.4599927111375337,-0.9257098139651284,-0.2245833805318173,1.1025709740754481,-0.642215884913544,0.5997787804982646,-1.0224759490947237
ORD200353,2025-03-28,C16012,1,630.82,171 Main St,TRK15195225,5,FREESHIP,630.82,0,3,1,1,126.16400000000002,2025,False,False,False,False,False,True,False,False,False,True,True,False,False,False,False,True,False,False,False,False,False,False,False,False,False,False,False,-1.3829951239375826,1.392259005951856,-0.5165220605870948,-0.2126230307859216,-0.5290341966046376,-0.8959289015422955,1.6419564915432456
ORD200354,2023-07-11,C31772,1,693.41,992 Main St,TRK11970357,4,None,693.41,0,7,0,0,173.3525,2023,False,False,False,True,False,False,False,True,False,False,False,False,False,True,False,False,True,False,False,False,False,False,True,False,True,False,False,-1.3829951239375826,1.7098216475457881,-0.44006193009642697,-0.6510210324063782,-0.22277385491275034,0.3006372440901526,-1.0224759490947237
ORD200355,2025-06-03,C18353,3,433.33,677 Main St,TRK78766533,4,FREESHIP,1299.99,0,6,0,1,324.9975,2025,False,False,False,False,False,True,True,False,False,False,False,False,False,False,False,False,False,True,False,False,False,False,True,False,False,False,False,0.03849879359997556,0.3902547546595447,0.3009380052451506,-0.6510210324063782,0.7614246153896808,0.0014957076820405282,1.6419564915432456
ORD200356,2023-05-06,C26966,5,374.58,907 Main St,TRK83889574,10,FREESHIP,1872.9,1,5,0,1,187.29000000000002,2023,False,False,False,False,True,False,False,False,True,False,False,False,False,False,False,False,True,False,False,True,False,False,False,False,False,False,False,1.4599927111375337,0.09217510625495065,1.000806568264939,1.9793669773163614,-0.132317419291133,-0.29764582872607154,-1.0224759490947237
ORD200357,2023-07-08,C74982,5,408.56,398 Main St,TRK98700702,8,FREESHIP,2042.8,1,7,1,1,255.35,2023,False,True,False,False,False,False,False,True,False,False,True,False,False,False,False,False,True,False,False,True,False,False,False,False,False,False,False,1.4599927111375337,0.26457930119602485,1.2083569144922033,1.1025709740754481,0.3094020431954866,0.3006372440901526,-1.0224759490947237
ORD200358,2024-04-07,C70633,2,183.67,747 Main St,TRK82540521,3,SAVE10,367.34,1,4,0,1,122.44666666666666,2024,False,False,False,False,False,True,False,False,False,True,False,False,False,False,False,True,False,False,False,False,True,False,False,False,False,True,False,-0.6722481651688036,-0.8764442244160459,-0.8383900136415954,-1.0894190340268348,-0.5531602395356339,-0.5967873651341835,0.30974027122426084
ORD200359,2023-06-09,C95643,4,606.57,303 Main St,TRK23286689,5,WINTER15,2426.28,0,6,1,1,485.25600000000003,2023,True,False,False,False,False,False,False,True,False,False,True,False,False,False,False,False,False,True,False,False,False,False,False,False,False,False,True,0.7492457523687547,1.2692218744827257,1.6768172250939182,-0.2126230307859216,1.8015259741747522,0.0014957076820405282,-1.0224759490947237
ORD200360,2024-06-06,C53810,4,589.57,779 Main St,TRK34630612,8,None,2358.28,0,6,0,0,294.785,2024,False,False,False,True,False,False,False,False,False,False,False,True,False,False,False,False,True,False,False,False,False,True,False,False,True,False,False,0.7492457523687547,1.1829690400507582,1.5937482224838302,1.1025709740754481,0.5653410235534041,0.0014957076820405282,0.30974027122426084
ORD200361,2024-06-29,C53464,5,659.85,197 Main St,TRK32743531,9,SAVE10,3299.25,1,6,1,1,366.5833333333333,2024,False,False,False,False,True,False,True,False,False,False,True,False,False,False,True,False,False,False,False,True,False,False,False,False,False,True,False,1.4599927111375337,1.5395484049847983,2.7432399781605157,1.5409689756959049,1.0313228220758128,0.0014957076820405282,0.30974027122426084
ORD200362,2023-06-27,C53697,4,206.84,312 Main St,TRK60476656,5,WINTER15,827.36,0,6,0,1,165.472,2023,False,False,True,False,False,False,False,False,False,False,False,False,False,False,False,False,True,False,False,False,False,False,True,False,False,False,True,0.7492457523687547,-0.758886684781417,-0.2764282109843489,-0.2126230307859216,-0.2739194650233263,0.0014957076820405282,-1.0224759490947237
ORD200363,2024-05-24,C31668,5,113.87,871 Main St,TRK42584392,6,SAVE10,569.35,0,5,0,1,94.89166666666667,2024,False,True,False,False,False,False,True,False,False,False,False,True,False,False,False,False,False,False,False,False,False,False,False,False,False,True,False,1.4599927111375337,-1.2305882152014187,-0.5916139957406554,0.22577497083453502,-0.7319962634677349,-0.29764582872607154,0.30974027122426084
ORD200364,2023-11-24,C85282,5,628.74,740 Main St,TRK86767206,9,FREESHIP,3143.7,0,11,0,1,349.29999999999995,2023,False,False,False,True,False,False,False,False,False,False,False,False,False,False,True,False,False,False,False,False,False,False,False,False,False,False,False,1.4599927111375337,1.3817057179742975,2.5532196346899387,1.5409689756959049,0.919151433448468,1.4972033897226007,-1.0224759490947237
ORD200365,2025-02-14,C56796,1,678.38,607 Main St,TRK74263180,4,SAVE10,678.38,0,2,0,1,169.595,2025,False,False,False,True,False,False,True,False,False,False,False,False,False,False,False,False,False,True,False,False,False,False,False,False,False,True,False,-1.3829951239375826,1.6335639945156428,-0.45842262287921554,-0.6510210324063782,-0.2471605854489459,-1.1950704379504076,1.6419564915432456
ORD200366,2023-02-10,C95213,3,602.24,603 Main St,TRK40630538,8,None,1806.72,0,2,0,0,225.84,2023,False,False,False,False,True,False,False,True,False,False,False,True,False,False,False,False,False,True,False,False,False,False,False,False,True,False,False,0.03849879359997556,1.247252770183289,0.9199608830776502,1.1025709740754481,0.11787778022193171,-1.1950704379504076,-1.0224759490947237
ORD200367,2024-04-25,C13108,5,658.77,712 Main St,TRK82284400,10,FREESHIP,3293.85,0,4,0,1,329.385,2024,False,True,False,False,False,False,False,False,True,False,False,True,False,False,False,False,True,False,False,False,False,True,False,False,False,False,False,1.4599927111375337,1.5340688131502966,2.7366433220708912,1.9793669773163614,0.7899001390696696,-0.5967873651341835,0.30974027122426084
ORD200368,2023-05-01,C85322,3,271.02,403 Main St,TRK89728869,6,None,813.06,0,5,0,0,135.51,2023,False,False,True,False,False,False,True,False,False,False,False,False,False,False,False,True,False,False,True,False,False,False,False,False,True,False,False,0.03849879359997556,-0.4332568663200239,-0.29389713359205866,0.22577497083453502,-0.4683772748238568,-0.29764582872607154,-1.0224759490947237
ORD200369,2024-12-22,C43545,5,375.25,216 Main St,TRK73937402,9,SAVE10,1876.25,1,12,0,1,208.47222222222223,2024,False,False,True,False,False,False,False,False,True,False,False,True,False,False,False,False,False,False,False,False,True,False,False,False,False,True,False,1.4599927111375337,0.09557448267079888,1.0048989382464653,1.5409689756959049,0.005158334665260274,1.7963449261307127,0.30974027122426084
ORD200370,2025-05-03,C80649,1,312.11,870 Main St,TRK41143313,4,WINTER15,312.11,1,5,0,1,78.0275,2025,False,False,False,True,False,False,False,False,False,True,False,False,False,False,True,False,False,False,False,True,False,False,False,False,False,False,True,-1.3829951239375826,-0.22477869180181495,-0.9058591462027007,-0.6510210324063782,-0.8414471984557569,-0.29764582872607154,1.6419564915432456
ORD200371,2023-01-05,C59752,5,307.76,179 Main St,TRK82229639,9,FREESHIP,1538.8,0,1,0,1,170.97777777777776,2023,False,False,False,True,False,False,False,False,True,False,False,True,False,False,False,True,False,False,False,False,False,True,False,False,False,False,False,1.4599927111375337,-0.24684927002411267,0.5926690127939027,1.5409689756959049,-0.23818615323121986,-1.4942119743585196,-1.0224759490947237
ORD200372,2025-02-14,C53645,3,483.53,166 Main St,TRK12123939,4,None,1450.59,0,2,0,0,362.6475,2025,False,False,False,False,False,False,False,False,False,False,False,False,True,False,False,False,False,True,False,False,False,False,False,False,True,False,False,0.03849879359997556,0.6449543010410019,0.4849114139669045,-0.6510210324063782,1.0057786818401837,-1.1950704379504076,1.6419564915432456
ORD200373,2023-01-02,C60178,3,341.15,969 Main St,TRK84505143,4,FREESHIP,1023.45,0,1,0,1,255.8625,2023,False,True,False,False,False,False,False,False,False,False,False,True,False,False,False,False,True,False,True,False,False,False,False,False,False,False,False,0.03849879359997556,-0.0774385558074422,-0.036884082722404926,-0.6510210324063782,0.3127282439672233,-1.4942119743585196,-1.0224759490947237
ORD200374,2024-09-16,C20286,1,571.9,129 Main St,TRK67648338,1,WINTER15,571.9,0,9,0,1,571.9,2024,False,False,True,False,False,False,False,False,True,False,False,True,False,False,False,False,True,False,True,False,False,False,False,False,False,False,True,-1.3829951239375826,1.093316829202942,-0.5884989081427772,-1.966215037267748,2.363858344255426,0.8989203169063766,0.30974027122426084
ORD200375,2025-01-16,C87547,4,95.03,400 Main St,TRK71027262,8,FREESHIP,380.12,0,1,0,1,47.515,2025,False,False,True,False,False,False,False,False,False,True,False,False,False,True,True,False,False,False,False,False,False,True,False,False,False,False,False,0.7492457523687547,-1.326176650536611,-0.8227779275628169,1.1025709740754481,-1.039477834646221,-1.4942119743585196,1.6419564915432456
ORD200376,2023-08-24,C64549,5,201.22,341 Main St,TRK20788231,6,FREESHIP,1006.1,0,8,0,1,167.68333333333334,2023,False,False,True,False,False,False,False,True,False,False,False,True,False,False,True,False,False,False,False,False,False,True,False,False,False,False,False,1.4599927111375337,-0.7874008571053969,-0.05807889441777303,0.22577497083453502,-0.25956758475035036,0.5997787804982646,-1.0224759490947237
ORD200377,2024-07-22,C24884,1,260.26,625 Main St,TRK44538419,5,WINTER15,260.26,0,7,0,1,52.052,2024,False,False,True,False,False,False,False,False,False,True,False,True,False,False,False,False,True,False,True,False,False,False,False,False,False,False,True,-1.3829951239375826,-0.4878498368193163,-0.9691992606928929,-0.2126230307859216,-1.0100320338630622,0.3006372440901526,0.30974027122426084
ORD200378,2024-02-01,C62666,5,64.5,148 Main St,TRK91029390,8,WINTER15,322.5,0,2,0,1,40.3125,2024,False,False,False,False,False,False,True,False,False,False,False,True,False,False,False,False,True,False,False,False,False,True,False,False,False,False,True,1.4599927111375337,-1.4810765937841388,-0.893166691245071,1.1025709740754481,-1.0862231245163338,-1.1950704379504076,0.30974027122426084
ORD200379,2024-09-21,C47284,3,297.67,500 Main St,TRK85756094,6,None,893.01,1,9,0,0,148.835,2024,False,False,False,True,False,False,False,False,False,True,False,False,False,True,False,True,False,False,False,True,False,False,False,False,True,False,False,0.03849879359997556,-0.29804286410755687,-0.19622997537622702,0.22577497083453502,-0.38189605475870525,0.8989203169063766,0.30974027122426084
ORD200380,2024-04-20,C35355,4,331.9,127 Main St,TRK52935059,5,SAVE10,1327.6,1,4,0,1,265.52,2024,False,False,False,False,True,False,False,False,False,False,False,True,False,False,False,False,True,False,False,True,False,False,False,False,False,True,False,0.7492457523687547,-0.1243702451307187,0.33466646351080537,-0.2126230307859216,0.37540684680243513,-0.5967873651341835,0.30974027122426084
ORD200381,2023-06-07,C29467,1,191.76,223 Main St,TRK98103385,1,FREESHIP,191.76,0,6,0,1,191.76,2023,False,False,False,False,False,False,True,False,False,False,False,False,True,False,False,False,True,False,False,False,False,False,False,True,False,False,False,-1.3829951239375826,-0.8353980226187153,-1.052879064792761,-1.966215037267748,-0.1033064584137428,0.0014957076820405282,-1.0224759490947237
ORD200382,2025-01-30,C26718,4,263.09,272 Main St,TRK91702525,8,SAVE10,1052.36,0,1,0,1,131.545,2025,False,False,False,False,True,False,False,True,False,False,False,False,False,True,False,True,False,False,False,False,False,True,False,False,False,True,False,0.7492457523687547,-0.47349127673446534,-0.0015675405833220344,1.1025709740754481,-0.49411071103836535,-1.4942119743585196,1.6419564915432456
ORD200383,2023-01-20,C18944,4,393.8,837 Main St,TRK45275439,7,SAVE10,1575.2,0,1,0,1,225.02857142857144,2023,False,False,False,False,False,False,True,False,False,False,False,True,False,False,False,False,False,False,False,False,False,False,False,False,False,True,False,0.7492457523687547,0.18969154612450478,0.6371353612498912,0.6641729724549916,0.11261148882584428,-1.4942119743585196,-1.0224759490947237
ORD200384,2024-11-24,C35628,3,553.57,147 Main St,TRK45688220,4,FREESHIP,1660.71,1,11,0,1,415.1775,2024,False,False,False,False,False,False,True,False,False,False,False,False,True,False,True,False,False,False,False,False,True,False,False,False,False,False,False,0.03849879359997556,1.000315978900709,0.7415946320320771,-0.6510210324063782,1.3467061482583755,1.4972033897226007,0.30974027122426084
ORD200385,2023-10-31,C56851,5,191.63,752 Main St,TRK65290904,6,FREESHIP,958.15,0,10,1,1,159.69166666666666,2023,False,False,False,False,False,False,False,False,True,False,True,False,False,False,True,False,False,False,False,False,False,False,True,False,False,False,False,1.4599927111375337,-0.8360576031173127,-0.11665475728768084,0.22577497083453502,-0.31143468296328364,1.1980618533144887,-1.0224759490947237
ORD200386,2023-04-28,C12421,1,93.02,373 Main St,TRK32588504,4,None,93.02,0,4,0,0,23.255,2023,False,False,False,False,False,True,False,False,False,True,False,False,True,False,False,False,False,False,False,False,False,False,False,False,True,False,False,-1.3829951239375826,-1.3363747797841556,-1.1735001429945273,-0.6510210324063782,-1.1969288214214986,-0.5967873651341835,-1.0224759490947237
ORD200387,2024-06-27,C25316,2,39.53,904 Main St,TRK55423551,3,WINTER15,79.06,0,6,0,1,26.353333333333335,2024,False,False,False,False,True,False,True,False,False,False,False,False,False,True,False,True,False,False,False,False,False,True,False,False,False,False,True,-0.6722481651688036,-1.60776678647627,-1.1905537205891867,-1.0894190340268348,-1.1768201800079756,0.0014957076820405282,0.30974027122426084
ORD200388,2023-12-28,C22657,3,633.97,152 Main St,TRK49157047,7,WINTER15,1901.91,0,12,0,1,271.7014285714286,2023,False,False,False,False,True,False,False,False,False,False,False,True,False,False,True,False,False,False,False,False,False,True,False,False,False,False,True,0.03849879359997556,1.4082411488024853,1.036245270701978,0.6641729724549916,0.4155252321384752,1.7963449261307127,-1.0224759490947237
ORD200389,2023-12-17,C29703,4,697.5,558 Main St,TRK40543461,7,FREESHIP,2790.0,1,12,0,1,398.57142857142856,2023,True,False,False,False,False,False,False,False,False,False,False,False,False,True,False,False,False,True,False,False,True,False,False,False,False,False,False,0.7492457523687547,1.7305730647708912,2.1211386608195246,0.6641729724549916,1.2389302895242733,1.7963449261307127,-1.0224759490947237
ORD200390,2023-07-14,C55996,5,508.69,885 Main St,TRK30547638,10,FREESHIP,2543.45,0,7,1,1,254.34499999999997,2023,False,False,False,False,True,False,False,False,False,False,True,False,False,False,False,True,False,False,False,False,False,False,False,False,False,False,False,1.4599927111375337,0.7726084960003142,1.8199524462089771,1.9793669773163614,0.30287944460895905,0.3006372440901526,-1.0224759490947237
ORD200391,2025-01-16,C60037,2,527.46,516 Main St,TRK82009557,3,FREESHIP,1054.92,0,1,0,1,351.64000000000004,2025,False,True,False,False,False,False,False,True,False,False,False,False,False,False,False,False,False,True,False,False,False,True,False,False,False,False,False,-0.6722481651688036,0.8678417726054928,0.0015597630443520837,-1.0894190340268348,0.9343383794111293,-1.4942119743585196,1.6419564915432456
ORD200392,2024-02-28,C95100,1,627.2,197 Main St,TRK47366265,1,WINTER15,627.2,0,2,1,1,627.2,2024,False,False,False,True,False,False,False,False,False,True,True,False,False,False,False,False,False,False,False,False,False,False,False,True,False,False,True,-1.3829951239375826,1.3738922259139899,-0.5209442633731024,-1.966215037267748,2.722763520210614,-1.1950704379504076,0.30974027122426084
ORD200393,2024-07-14,C39906,1,75.01,921 Main St,TRK24632134,3,None,75.01,1,7,0,0,25.003333333333334,2024,False,False,False,False,True,False,True,False,False,False,False,False,True,False,False,True,False,False,False,False,True,False,False,False,True,False,False,-1.3829951239375826,-1.4277520473206107,-1.195501212656405,-1.0894190340268348,-1.1855818796018183,0.3006372440901526,0.30974027122426084
ORD200394,2023-07-05,C70148,5,529.55,359 Main St,TRK34848650,10,None,2647.75,0,7,0,0,264.775,2023,True,False,False,False,False,False,False,False,True,False,False,False,False,True,True,False,False,False,False,False,False,False,False,True,True,False,False,1.4599927111375337,0.8784457975444813,1.9473656369770977,1.9793669773163614,0.3705716866562034,0.3006372440901526,-1.0224759490947237
ORD200395,2025-04-25,C30010,3,127.41,830 Main St,TRK35386084,7,SAVE10,382.23,0,4,1,1,54.604285714285716,2025,False,False,False,True,False,False,False,False,True,False,True,False,False,False,False,False,False,True,False,False,False,False,False,False,False,True,False,0.03849879359997556,-1.161890369424428,-0.8202003452759451,0.6641729724549916,-0.9934673222288193,-0.5967873651341835,1.6419564915432456
ORD200396,2023-12-01,C99217,5,287.13,778 Main St,TRK82004594,10,SAVE10,1435.65,0,12,0,1,143.565,2023,False,False,False,False,False,True,False,False,False,True,False,False,False,True,False,False,False,False,False,False,False,False,False,False,False,True,False,1.4599927111375337,-0.3515196214553769,0.4666606654522766,1.9793669773163614,-0.41609913391392844,1.7963449261307127,-1.0224759490947237
ORD200397,2023-09-28,C30184,1,427.06,987 Main St,TRK86674704,1,WINTER15,427.06,0,9,0,1,427.06,2023,False,False,True,False,False,False,False,False,False,True,False,False,False,False,False,False,False,True,False,False,False,True,False,False,False,False,True,-1.3829951239375826,0.3584426798425779,-0.765435883702265,-1.966215037267748,1.42382533005381,0.8989203169063766,-1.0224759490947237
ORD200398,2024-09-04,C50275,5,53.93,729 Main St,TRK98925264,7,SAVE10,269.65,0,9,0,1,38.521428571428565,2024,False,False,False,True,False,False,False,False,True,False,False,False,False,True,False,False,True,False,False,False,False,False,False,True,False,True,False,1.4599927111375337,-1.5347055620162504,-0.9577284087148233,0.6641729724549916,-1.0978474428928209,0.8989203169063766,0.30974027122426084
ORD200399,2024-01-07,C64641,5,423.93,319 Main St,TRK32012588,5,FREESHIP,2119.65,1,1,0,1,423.93,2024,False,False,False,False,False,True,False,True,False,False,False,False,True,False,True,False,False,False,False,False,True,False,False,False,False,False,False,1.4599927111375337,0.34256201091480976,1.3022371034713986,-0.2126230307859216,1.4035111672917893,-1.4942119743585196,0.30974027122426084
ORD200400,2024-09-28,C56266,4,160.22,304 Main St,TRK60088901,9,WINTER15,640.88,1,9,0,1,71.2088888888889,2024,True,False,False,False,False,False,False,True,False,False,False,False,True,False,False,False,True,False,False,True,False,False,False,False,False,False,True,0.7492457523687547,-0.9954223989707305,-0.50423273461272,1.5409689756959049,-0.8857009926800484,0.8989203169063766,0.30974027122426084
ORD200401,2025-04-09,C98635,1,538.68,197 Main St,TRK14225465,6,None,538.68,0,4,0,0,89.77999999999999,2025,False,False,False,False,True,False,False,True,False,False,False,False,True,False,False,False,False,True,False,False,False,False,False,True,True,False,False,-1.3829951239375826,0.924768643330591,-0.6290805591237644,0.22577497083453502,-0.7651717358804705,-0.5967873651341835,1.6419564915432456
ORD200402,2023-04-09,C83026,5,337.38,858 Main St,TRK79746259,5,None,1686.9,1,4,0,0,337.38,2023,False,False,False,False,True,False,False,False,True,False,False,False,False,True,False,False,False,True,False,False,True,False,False,False,True,False,False,1.4599927111375337,-0.0965663902667667,0.7735884140667567,-0.2126230307859216,0.8417888711087604,-0.5967873651341835,-1.0224759490947237
ORD200403,2024-11-10,C28893,1,620.21,740 Main St,TRK98333066,1,FREESHIP,620.21,1,11,0,1,620.21,2024,False,False,False,False,False,True,False,False,False,True,False,False,True,False,False,False,False,True,False,False,True,False,False,False,False,False,False,-1.3829951239375826,1.338427089874022,-0.5294832682002277,-1.966215037267748,2.6773973867580505,1.4972033897226007,0.30974027122426084
ORD200404,2023-03-09,C45482,2,99.1,440 Main St,TRK54571699,6,None,198.2,0,3,1,0,33.03333333333333,2023,False,False,True,False,False,False,False,False,False,False,True,False,False,False,False,False,True,False,False,False,False,True,False,False,True,False,False,-0.6722481651688036,-1.3055267072343697,-1.045011941604394,0.22577497083453502,-1.1334659923880723,-0.8959289015422955,-1.0224759490947237
ORD200405,2025-01-26,C97774,4,451.97,603 Main St,TRK64664424,7,WINTER15,1807.88,1,1,0,1,258.2685714285714,2025,False,False,True,False,False,False,False,False,False,True,False,False,False,False,False,False,False,False,False,False,True,False,False,False,False,False,True,0.7492457523687547,0.48482845076612585,0.92137794253394,0.6641729724549916,0.3283440032697942,-1.4942119743585196,1.6419564915432456
ORD200406,2023-12-10,C11657,4,66.1,572 Main St,TRK50284486,9,WINTER15,264.4,1,12,0,1,29.377777777777776,2023,False,False,False,False,False,True,False,False,False,False,False,False,True,False,False,True,False,False,False,False,True,False,False,False,False,False,True,0.7492457523687547,-1.4729586799552479,-0.964141824357514,1.5409689756959049,-1.1571910884076135,1.7963449261307127,-1.0224759490947237
ORD200407,2023-08-13,C85993,4,547.32,250 Main St,TRK72547640,8,FREESHIP,2189.28,1,8,0,1,273.66,2023,False,False,False,False,False,True,False,False,False,False,False,False,True,False,False,False,True,False,False,False,True,False,False,False,False,False,False,0.7492457523687547,0.9686053780066033,1.3872973189381699,1.1025709740754481,0.42823665027938346,0.5997787804982646,-1.0224759490947237
ORD200408,2025-01-01,C11906,3,412.53,536 Main St,TRK31140158,6,WINTER15,1237.59,0,1,0,1,206.265,2025,False,False,False,False,True,False,False,False,False,True,False,True,False,False,False,True,False,False,False,False,False,False,False,True,False,False,True,0.03849879359997556,0.28472187488396067,0.224709979320599,0.22577497083453502,-0.009166863888788084,-1.4942119743585196,1.6419564915432456
ORD200409,2023-06-28,C45187,5,84.13,767 Main St,TRK12320793,9,SAVE10,420.65,0,6,1,1,46.73888888888889,2023,True,False,False,False,False,False,False,False,False,True,True,False,False,False,False,True,False,False,False,False,False,False,False,True,False,True,False,1.4599927111375337,-1.3814799384959315,-0.7732663588012453,1.5409689756959049,-1.0445149105032574,0.0014957076820405282,-1.0224759490947237
ORD200410,2024-01-18,C37375,2,518.23,184 Main St,TRK52470162,5,None,1036.46,0,1,0,0,207.292,2024,False,False,False,False,False,True,False,True,False,False,False,False,False,True,False,False,False,False,False,False,False,True,False,False,True,False,False,-0.6722481651688036,0.8210115572050773,-0.020991027958327774,-0.2126230307859216,-0.002501482049620214,-1.4942119743585196,0.30974027122426084
ORD200411,2024-06-19,C66567,2,39.51,981 Main St,TRK21174822,5,None,79.02,0,6,0,0,15.803999999999998,2024,True,False,False,False,False,False,False,False,False,True,False,False,False,True,True,False,False,False,False,False,False,False,False,True,True,False,False,-0.6722481651688036,-1.6078682603991312,-1.190602584708369,-0.2126230307859216,-1.2452869130316633,0.0014957076820405282,0.30974027122426084
ORD200412,2025-04-11,C42451,5,133.01,246 Main St,TRK31313343,10,None,665.05,0,4,0,0,66.505,2025,False,False,False,False,False,True,True,False,False,False,False,False,True,False,True,False,False,False,False,False,False,False,False,False,True,False,False,1.4599927111375337,-1.1334776710233094,-0.474706590596752,1.9793669773163614,-0.9162299270261665,-0.5967873651341835,1.6419564915432456
ORD200413,2023-10-08,C13923,1,118.8,123 Main St,TRK87598790,6,SAVE10,118.8,1,10,1,1,19.8,2023,False,False,False,False,False,True,False,False,False,True,True,False,False,False,False,False,False,False,False,False,True,False,False,False,False,True,False,-1.3829951239375826,-1.205574893216148,-1.1420072181814676,0.22577497083453502,-1.2193522822338887,1.1980618533144887,-1.0224759490947237
ORD200414,2025-05-04,C11829,2,139.57,797 Main St,TRK84229257,4,WINTER15,279.14,1,5,1,1,69.785,2025,True,False,False,False,False,False,False,False,False,False,True,False,False,False,True,False,False,False,False,False,True,False,False,False,False,False,True,-0.6722481651688036,-1.100194224324856,-0.9461353964387978,-0.6510210324063782,-0.8949422420870523,-0.29764582872607154,1.6419564915432456
ORD200415,2025-04-06,C62169,1,184.15,655 Main St,TRK64558985,5,FREESHIP,184.15,1,4,0,1,36.83,2025,False,False,False,False,False,False,False,False,True,False,False,False,False,True,True,False,False,False,False,False,True,False,False,False,False,False,False,-1.3829951239375826,-0.8740088502673784,-1.0621754634672136,-0.2126230307859216,-1.1088250643945246,-0.5967873651341835,1.6419564915432456
ORD200416,2023-07-18,C20881,2,644.05,652 Main St,TRK26263902,5,WINTER15,1288.1,0,7,0,1,257.62,2023,False,True,False,False,False,False,False,False,True,False,False,False,False,False,False,False,False,True,False,False,False,False,True,False,False,False,True,-0.6722481651688036,1.4593840059244987,0.28641314581818067,-0.2126230307859216,0.32413467880883706,0.3006372440901526,-1.0224759490947237
ORD200417,2023-10-24,C44492,5,55.41,954 Main St,TRK51429869,5,None,277.05,0,10,0,0,55.410000000000004,2023,False,True,False,False,False,False,False,False,False,True,False,False,False,False,False,True,False,False,False,False,False,False,True,False,True,False,False,1.4599927111375337,-1.5271964917245262,-0.9486885466660785,-0.2126230307859216,-0.9882381173918592,1.1980618533144887,-1.0224759490947237
ORD200418,2023-01-11,C74169,1,310.93,862 Main St,TRK66144809,3,None,310.93,0,1,0,0,103.64333333333333,2023,False,False,False,False,True,False,False,False,False,True,False,False,False,False,True,False,False,False,False,False,False,False,False,True,True,False,False,-1.3829951239375826,-0.23076565325062215,-0.9073006377185815,-1.0894190340268348,-0.6751966528908606,-1.4942119743585196,-1.0224759490947237
ORD200419,2024-04-17,C70999,2,216.66,885 Main St,TRK75644156,6,FREESHIP,433.32,0,4,0,1,72.22,2024,False,False,False,False,False,True,False,True,False,False,False,True,False,False,False,False,True,False,False,False,False,False,False,True,False,False,False,-0.6722481651688036,-0.709062988656598,-0.7577886490502186,0.22577497083453502,-0.8791387320788989,-0.5967873651341835,0.30974027122426084
ORD200420,2024-11-29,C11921,1,452.7,439 Main St,TRK91362635,5,FREESHIP,452.7,0,11,0,1,90.53999999999999,2024,False,False,False,True,False,False,False,True,False,False,False,False,False,True,False,False,True,False,False,False,False,False,False,False,False,False,False,-1.3829951239375826,0.48853224895055725,-0.7341139833063434,-0.2126230307859216,-0.7602392235165294,1.4972033897226007,0.30974027122426084
ORD200421,2023-10-15,C50683,2,288.21,769 Main St,TRK53032122,5,None,576.42,1,10,0,0,115.28399999999999,2023,False,False,False,False,False,False,False,True,False,False,False,False,False,False,False,False,False,False,False,False,True,False,False,False,True,False,False,-0.6722481651688036,-0.3460400296208755,-0.5829772626751655,-0.2126230307859216,-0.5996470051831629,1.1980618533144887,-1.0224759490947237
ORD200422,2023-06-05,C76140,4,206.6,914 Main St,TRK25861469,6,WINTER15,826.4,0,6,0,1,137.73333333333332,2023,False,False,False,True,False,False,False,False,True,False,False,False,True,False,False,False,False,True,True,False,False,False,False,False,False,False,True,0.7492457523687547,-0.7601043718557506,-0.2776009498447266,0.22577497083453502,-0.4539475127767134,0.0014957076820405282,-1.0224759490947237
ORD200423,2024-07-20,C94311,4,685.2,195 Main St,TRK97308771,6,WINTER15,2740.8,1,7,0,1,456.8,2024,False,False,False,False,True,False,False,False,True,False,False,False,False,False,False,True,False,False,False,True,False,False,False,False,False,False,True,0.7492457523687547,1.6681666022112913,2.0610357942251674,0.22577497083453502,1.6168423270322418,0.3006372440901526,0.30974027122426084
ORD200424,2023-04-12,C49491,5,22.94,339 Main St,TRK64012257,10,None,114.7,0,4,0,0,11.47,2023,False,False,False,False,False,False,False,False,False,False,False,True,False,False,False,False,False,False,False,False,False,False,False,True,True,False,False,1.4599927111375337,-1.6919394054895844,-1.1470157903976639,1.9793669773163614,-1.273415213801822,-0.5967873651341835,-1.0224759490947237
ORD200425,2023-03-09,C40648,2,301.88,488 Main St,TRK25325993,5,WINTER15,603.76,0,3,0,1,120.752,2023,False,True,False,False,False,False,False,False,True,False,False,False,True,False,False,False,False,False,False,False,False,True,False,False,False,False,True,-0.6722481651688036,-0.2766826033452873,-0.5495786372139917,-0.2126230307859216,-0.5641588767541762,-0.8959289015422955,-1.0224759490947237
ORD200426,2025-03-16,C40967,5,57.45,315 Main St,TRK24839296,10,None,287.25,1,3,0,0,28.725,2025,False,False,True,False,False,False,False,False,False,False,False,False,False,False,True,False,False,False,False,False,True,False,False,False,True,False,False,1.4599927111375337,-1.51684615159269,-0.9362281962745652,1.9793669773163614,-1.1614277126968173,-0.8959289015422955,1.6419564915432456
ORD200427,2024-12-18,C25406,1,161.24,379 Main St,TRK70952564,3,WINTER15,161.24,0,12,0,1,53.74666666666667,2024,True,False,False,False,False,False,True,False,False,False,False,True,False,False,False,False,True,False,False,False,False,False,False,True,False,False,True,-1.3829951239375826,-0.9902472289048124,-1.090162387728936,-1.0894190340268348,-0.9990333966445197,1.7963449261307127,0.30974027122426084
ORD200428,2024-11-26,C77085,4,262.58,895 Main St,TRK57227640,8,WINTER15,1050.32,0,11,0,1,131.29,2024,False,False,False,False,False,False,False,False,False,True,False,False,False,False,False,False,False,False,False,False,False,False,True,False,False,False,True,0.7492457523687547,-0.4760788617674243,-0.004059610661624634,1.1025709740754481,-0.4957656987394245,1.4972033897226007,0.30974027122426084
ORD200429,2024-12-19,C38126,4,515.19,522 Main St,TRK90838498,9,SAVE10,2060.76,0,12,0,1,228.97333333333336,2024,False,False,False,False,True,False,True,False,False,False,False,True,False,False,True,False,False,False,False,False,False,True,False,False,False,True,False,0.7492457523687547,0.8055875209301845,1.2302969040051033,1.5409689756959049,0.13821357681011007,1.7963449261307127,0.30974027122426084
ORD200430,2023-06-07,C87448,1,450.07,433 Main St,TRK44134016,6,FREESHIP,450.07,0,6,0,1,75.01166666666667,2023,False,False,False,True,False,False,False,False,True,False,False,False,False,True,False,True,False,False,False,False,False,False,False,True,False,False,False,-1.3829951239375826,0.47518842809431755,-0.7373267991425866,0.22577497083453502,-0.8610204026718785,0.0014957076820405282,-1.0224759490947237
ORD200431,2024-10-06,C62312,1,52.54,651 Main St,TRK59623037,6,WINTER15,52.54,1,10,0,1,8.756666666666666,2024,False,False,False,False,True,False,False,True,False,False,False,False,False,False,True,False,False,False,False,False,True,False,False,False,False,False,True,-1.3829951239375826,-1.5417579996550994,-1.222950631607121,0.22577497083453502,-1.2910251482941382,1.1980618533144887,0.30974027122426084
ORD200432,2023-09-04,C58443,2,424.32,662 Main St,TRK77163738,6,None,848.64,0,9,0,0,141.44,2023,False,False,False,False,False,True,True,False,False,False,False,False,True,False,False,False,False,True,True,False,False,False,False,False,True,False,False,-0.6722481651688036,0.3445407524106019,-0.2504324995793096,0.22577497083453502,-0.42989069808942165,0.8989203169063766,-1.0224759490947237
ORD200433,2023-08-26,C36613,3,631.64,785 Main St,TRK13282106,3,FREESHIP,1894.92,1,8,0,1,631.64,2023,False,False,True,False,False,False,True,False,False,False,False,False,True,False,True,False,False,False,False,True,False,False,False,False,False,False,False,0.03849879359997556,1.3964194367891625,1.0277062658748528,-1.0894190340268348,2.7515797766525854,0.5997787804982646,-1.0224759490947237
ORD200434,2023-10-22,C73893,5,327.68,384 Main St,TRK85939879,6,None,1638.4,1,10,0,0,273.06666666666666,2023,False,False,False,False,True,False,True,False,False,False,False,False,True,False,True,False,False,False,False,False,True,False,False,False,True,False,False,1.4599927111375337,-0.14578124285441876,0.7143406695580908,0.22577497083453502,0.424385829223324,1.1980618533144887,-1.0224759490947237
ORD200435,2023-05-27,C48601,1,414.47,101 Main St,TRK97868309,3,FREESHIP,414.47,1,5,0,1,138.15666666666667,2023,False,False,False,False,True,False,False,True,False,False,False,False,True,False,False,False,True,False,False,True,False,False,False,False,False,False,False,-1.3829951239375826,0.2945648454014914,-0.7808158652149267,-1.0894190340268348,-0.4512000168546935,-0.29764582872607154,-1.0224759490947237
ORD200436,2023-02-11,C14568,4,221.33,651 Main St,TRK73545796,5,None,885.32,1,2,0,0,177.06400000000002,2023,False,True,False,False,False,False,False,False,False,True,False,True,False,False,False,True,False,False,False,True,False,False,False,False,True,False,False,0.7492457523687547,-0.6853688276685221,-0.2056241022890443,-0.2126230307859216,-0.19868567117752992,-1.1950704379504076,-1.0224759490947237
ORD200437,2024-04-18,C63378,1,512.39,955 Main St,TRK20863705,2,FREESHIP,512.39,0,4,1,1,256.195,2024,False,False,False,True,False,False,False,False,False,True,True,False,False,False,False,False,True,False,False,False,False,True,False,False,False,False,False,-1.3829951239375826,0.7913811717296247,-0.6611965014563999,-1.5278170356472913,0.3148862181264474,-0.5967873651341835,0.30974027122426084
ORD200438,2025-01-03,C77800,3,459.34,436 Main St,TRK27439574,3,SAVE10,1378.02,0,1,0,1,459.34,2025,False,False,False,False,False,True,False,False,True,False,False,True,False,False,False,False,True,False,False,False,False,False,False,False,False,True,False,0.03849879359997556,0.5222215913404551,0.39625968574022674,-1.0894190340268348,1.6333273025643604,-1.4942119743585196,1.6419564915432456
ORD200439,2024-09-08,C91155,1,146.32,321 Main St,TRK36260319,4,WINTER15,146.32,1,9,0,1,36.58,2024,False,False,False,False,False,True,False,False,False,True,False,False,False,True,True,False,False,False,False,False,True,False,False,False,False,False,True,-1.3829951239375826,-1.0659467753592218,-1.108388704183973,-0.6510210324063782,-1.1104476013563473,0.8989203169063766,0.30974027122426084
ORD200440,2024-11-05,C60215,4,83.6,978 Main St,TRK31727767,4,SAVE10,334.4,0,11,0,1,83.6,2024,True,False,False,False,False,False,False,True,False,False,False,True,False,False,True,False,False,False,False,False,False,False,True,False,False,True,False,0.7492457523687547,-1.384168997451752,-0.8786296157883057,-0.6510210324063782,-0.8052808495767283,1.4972033897226007,0.30974027122426084
ORD200441,2023-12-13,C52915,2,328.54,475 Main St,TRK79466982,6,FREESHIP,657.08,0,12,0,1,109.51333333333334,2023,False,False,False,False,True,False,False,False,True,False,False,False,True,False,False,False,False,False,False,False,False,False,False,True,False,False,False,-0.6722481651688036,-0.14141786417138974,-0.48444276634384603,0.22577497083453502,-0.637099485027263,1.7963449261307127,-1.0224759490947237
ORD200442,2024-05-06,C72588,5,314.94,661 Main St,TRK43410829,8,SAVE10,1574.7,0,5,0,1,196.8375,2024,False,False,False,False,False,False,False,False,False,False,False,True,False,False,False,False,True,False,True,False,False,False,False,False,False,True,False,1.4599927111375337,-0.21042013171696394,0.6365245597601111,1.1025709740754481,-0.07035273271912307,-0.29764582872607154,0.30974027122426084
ORD200443,2024-05-14,C61668,2,69.64,813 Main St,TRK58970302,6,None,139.28,0,5,0,0,23.213333333333335,2024,False,False,False,False,False,False,False,False,False,False,False,False,True,False,True,False,False,False,False,False,False,False,True,False,True,False,False,-0.6722481651688036,-1.4549977956088262,-1.1169887891600763,0.22577497083453502,-1.1971992442484691,-0.29764582872607154,0.30974027122426084
ORD200444,2024-06-08,C79508,1,135.17,585 Main St,TRK61882353,6,FREESHIP,135.17,1,6,0,1,22.528333333333332,2024,False,False,False,False,True,False,False,False,False,True,False,False,False,True,False,False,True,False,False,True,False,False,False,False,False,False,False,-1.3829951239375826,-1.1225184873543064,-1.1220095774060683,0.22577497083453502,-1.2016449955238633,0.0014957076820405282,0.30974027122426084
ORD200445,2024-03-23,C94569,1,487.21,227 Main St,TRK31351770,3,SAVE10,487.21,1,3,1,1,162.40333333333334,2024,False,False,False,True,False,False,False,False,False,False,True,False,False,False,False,False,False,True,False,True,False,False,False,False,False,True,False,-1.3829951239375826,0.6636255028474515,-0.6919564644817237,-1.0894190340268348,-0.29383556538404637,-0.8959289015422955,0.30974027122426084
ORD200446,2023-10-18,C89592,5,509.58,262 Main St,TRK49442402,6,FREESHIP,2547.9,0,10,1,1,424.65000000000003,2023,False,True,False,False,False,False,False,False,False,True,True,False,False,False,False,False,True,False,False,False,False,False,False,True,False,False,False,1.4599927111375337,0.7771240855676348,1.82538857946802,0.22577497083453502,1.408184073741839,1.1980618533144887,-1.0224759490947237
ORD200447,2024-04-07,C48207,2,416.81,356 Main St,TRK45355655,2,None,833.62,1,4,0,0,416.81,2024,False,False,False,False,True,False,False,False,False,False,False,False,True,False,True,False,False,False,False,False,True,False,False,False,True,False,False,-0.6722481651688036,0.30643729437624445,-0.2687809763323025,-1.5278170356472913,1.357301314619078,-0.5967873651341835,0.30974027122426084
ORD200448,2023-09-04,C16776,2,160.0,854 Main St,TRK12860600,4,SAVE10,320.0,0,9,0,1,80.0,2023,False,True,False,False,False,False,False,False,False,False,False,True,False,False,False,False,True,False,True,False,False,False,False,False,False,True,False,-0.6722481651688036,-0.9965386121222031,-0.8962206986939714,-0.6510210324063782,-0.8286453818269756,0.8989203169063766,-1.0224759490947237
ORD200449,2024-08-26,C91518,3,253.05,286 Main St,TRK48688724,3,None,759.1500000000001,0,8,0,0,253.05000000000004,2024,False,False,False,False,False,True,False,False,False,True,False,True,False,False,False,False,True,False,True,False,False,False,False,False,True,False,False,0.03849879359997556,-0.5244311860107567,-0.35975375022014455,-1.0894190340268348,0.2944747031467178,0.5997787804982646,0.30974027122426084
ORD200450,2024-01-15,C36408,5,615.1,160 Main St,TRK94023253,10,WINTER15,3075.5,0,1,0,1,307.55,2024,False,False,True,False,False,False,False,False,True,False,False,False,True,False,False,False,True,False,True,False,False,False,False,False,False,False,True,1.4599927111375337,1.3125005025830012,2.469906311483939,1.9793669773163614,0.6481877608240726,-1.4942119743585196,0.30974027122426084
ORD200451,2023-04-01,C14837,1,183.18,647 Main St,TRK17501136,6,SAVE10,183.18,1,4,0,1,30.53,2023,False,False,True,False,False,False,False,True,False,False,False,False,False,False,False,False,False,False,False,True,False,False,False,False,False,True,False,-1.3829951239375826,-0.8789303355261436,-1.0633604183573868,0.22577497083453502,-1.1497129958324572,-0.5967873651341835,-1.0224759490947237
ORD200452,2023-07-23,C36467,1,75.78,581 Main St,TRK20863987,5,SAVE10,75.78,1,7,0,1,15.156,2023,False,False,False,False,True,False,False,False,False,False,False,True,False,False,False,True,False,False,False,False,True,False,False,False,False,True,False,-1.3829951239375826,-1.4238453012904566,-1.1945605783621438,-0.2126230307859216,-1.2494925288367078,0.3006372440901526,-1.0224759490947237
ORD200453,2025-05-02,C15017,1,675.57,492 Main St,TRK51241924,1,WINTER15,675.57,0,5,0,1,675.57,2025,False,False,False,False,False,True,False,False,False,False,False,False,False,True,True,False,False,False,False,False,False,False,False,False,False,False,True,-1.3829951239375826,1.619306908353653,-0.4618553272517794,-1.966215037267748,3.0366919715840757,-0.29764582872607154,1.6419564915432456
ORD200454,2024-11-27,C54759,1,109.29,686 Main St,TRK75583042,5,FREESHIP,109.29,0,11,0,1,21.858,2024,False,True,False,False,False,False,False,True,False,False,False,False,False,False,False,True,False,False,False,False,False,False,False,True,False,False,False,-1.3829951239375826,-1.2538257435366194,-1.1536246625170843,-0.2126230307859216,-1.205995557964164,1.4972033897226007,0.30974027122426084
ORD200455,2024-03-26,C58341,1,639.83,874 Main St,TRK32856728,2,SAVE10,639.83,0,3,0,1,319.915,2024,False,False,False,True,False,False,False,True,False,False,False,True,False,False,False,False,False,True,False,False,False,False,True,False,False,True,False,-1.3829951239375826,1.4379730082007989,-0.5055154177412581,-1.5278170356472913,0.7284384389558248,-0.8959289015422955,0.30974027122426084
ORD200456,2023-06-26,C94479,5,62.81,259 Main St,TRK69089975,9,SAVE10,314.05,0,6,0,1,34.894444444444446,2023,True,False,False,False,False,False,True,False,False,False,False,False,False,True,True,False,False,False,True,False,False,False,False,False,False,True,False,1.4599927111375337,-1.489651140265905,-0.9034892364223541,1.5409689756959049,-1.1213871061167253,0.0014957076820405282,-1.0224759490947237
ORD200457,2025-05-25,C50236,4,615.83,545 Main St,TRK67692578,4,WINTER15,2463.32,1,5,0,1,615.83,2025,True,False,False,False,False,False,False,False,False,True,False,False,True,False,False,False,True,False,False,False,True,False,False,False,False,False,True,0.7492457523687547,1.3162043007674327,1.7220653994568251,-0.6510210324063782,2.6489705391869163,-0.29764582872607154,1.6419564915432456
ORD200458,2024-07-02,C31412,4,510.58,196 Main St,TRK61946127,7,WINTER15,2042.32,0,7,0,1,291.76,2024,False,False,True,False,False,False,True,False,False,False,False,False,True,False,False,False,False,False,False,False,False,False,True,False,False,False,True,0.7492457523687547,0.7821977817106917,1.2077705450620144,0.6641729724549916,0.5457083263153488,0.3006372440901526,0.30974027122426084
ORD200459,2024-07-24,C90142,1,334.39,433 Main St,TRK39717191,2,None,334.39,0,7,0,0,167.195,2024,True,False,False,False,False,False,True,False,False,False,False,False,True,False,False,False,True,False,False,False,False,False,False,True,True,False,False,-1.3829951239375826,-0.11173674173450693,-0.8786418318181012,-1.5278170356472913,-0.26273694028244415,0.3006372440901526,0.30974027122426084
ORD200460,2024-10-06,C83548,1,144.25,474 Main St,TRK93822942,2,WINTER15,144.25,1,10,0,1,72.125,2024,False,True,False,False,False,False,False,False,False,False,False,False,True,False,False,False,False,True,False,False,True,False,False,False,False,False,True,-1.3829951239375826,-1.0764493263753496,-1.1109174223516625,-1.5278170356472913,-0.8797552961243915,1.1980618533144887,0.30974027122426084
ORD200461,2024-06-08,C29697,1,401.82,407 Main St,TRK47776482,5,FREESHIP,401.82,1,6,0,1,80.364,2024,False,False,False,False,False,True,True,False,False,False,False,False,False,True,False,True,False,False,False,True,False,False,False,False,False,False,False,-1.3829951239375826,0.2303825891918212,-0.7962691429063624,-0.2126230307859216,-0.8262829680105617,0.0014957076820405282,0.30974027122426084
ORD200462,2025-03-31,C22991,1,252.68,731 Main St,TRK32796086,1,None,252.68,0,3,0,0,252.68,2025,False,False,False,True,False,False,False,False,False,True,False,False,False,False,False,False,False,True,True,False,False,False,False,False,True,False,False,-1.3829951239375826,-0.5263084535836877,-0.9784590112779585,-1.966215037267748,0.2920733484432199,-0.8959289015422955,1.6419564915432456
ORD200463,2023-05-26,C25276,5,662.78,214 Main St,TRK14011732,9,SAVE10,3313.9,0,5,0,1,368.2111111111111,2023,False,True,False,False,False,False,False,True,False,False,False,False,False,True,False,False,True,False,False,False,False,False,False,False,False,True,False,1.4599927111375337,1.5544143346839547,2.761136461811072,1.5409689756959049,1.0418873405161253,-0.29764582872607154,-1.0224759490947237
ORD200464,2023-03-14,C39176,4,434.42,739 Main St,TRK71418686,6,FREESHIP,1737.68,0,3,0,1,289.61333333333334,2023,False,False,False,False,False,True,False,False,False,True,False,False,False,False,False,True,False,False,False,False,False,False,True,False,False,False,False,0.7492457523687547,0.39578508345547686,0.8356214133688196,0.22577497083453502,0.5317761422698312,-0.8959289015422955,-1.0224759490947237
ORD200465,2024-02-26,C58773,5,513.49,391 Main St,TRK65438300,8,None,2567.45,0,2,0,0,320.93125,2024,False,False,False,False,True,False,False,False,True,False,False,False,False,False,False,True,False,False,True,False,False,False,False,False,True,False,False,1.4599927111375337,0.7969622374869875,1.84927091771842,1.1025709740754481,0.7350340517056339,-1.1950704379504076,0.30974027122426084
ORD200466,2023-07-18,C37412,1,432.47,895 Main St,TRK97829604,4,FREESHIP,432.47,0,7,1,1,108.1175,2023,False,False,False,True,False,False,False,False,False,False,True,False,False,False,False,False,False,True,False,False,False,False,True,False,False,False,False,-1.3829951239375826,0.38589137597651596,-0.7588270115828446,-0.6510210324063782,-0.6461586497307732,0.3006372440901526,-1.0224759490947237
ORD200467,2024-08-30,C36492,1,45.94,572 Main St,TRK44350440,2,WINTER15,45.94,0,8,0,1,22.97,2024,True,False,False,False,False,False,False,False,False,False,False,False,False,False,False,False,False,False,False,False,False,False,False,False,False,False,True,-1.3829951239375826,-1.5752443941992753,-1.2310132112722176,-1.5278170356472913,-1.1987785135579765,0.5997787804982646,0.30974027122426084
ORD200468,2025-06-21,C90110,1,418.36,998 Main St,TRK60203957,5,FREESHIP,418.36,1,6,1,1,83.672,2025,False,False,False,True,False,False,True,False,False,False,True,False,False,False,False,False,False,False,False,True,False,False,False,False,False,False,False,-1.3829951239375826,0.31430152339798273,-0.7760638296244379,-0.2126230307859216,-0.8048135589317233,0.0014957076820405282,1.6419564915432456
ORD200469,2023-11-26,C13877,5,676.98,893 Main St,TRK17254691,5,None,3330.4075,1,11,0,0,666.0815,2023,False,False,False,False,False,False,False,False,False,False,False,False,False,False,True,False,False,False,False,False,True,False,False,False,True,False,False,1.4599927111375337,1.6264608199153632,2.7813020729961604,-0.2126230307859216,2.975110203735056,1.4972033897226007,-1.0224759490947237
ORD200470,2023-09-29,C25149,4,263.62,672 Main St,TRK33538608,5,SAVE10,1054.48,0,9,0,1,210.89600000000002,2023,False,False,False,False,False,True,False,False,False,False,False,False,False,True,False,False,False,False,False,False,False,False,False,False,False,True,False,0.7492457523687547,-0.470802217778645,0.0010222577333455643,-0.2126230307859216,0.020889010792016337,0.8989203169063766,-1.0224759490947237
ORD200471,2025-04-19,C52717,5,551.27,395 Main St,TRK27625571,7,FREESHIP,2756.35,1,4,0,1,393.7642857142857,2025,True,False,False,False,False,False,False,False,False,True,False,False,False,False,False,False,False,True,False,True,False,False,False,False,False,False,False,1.4599927111375337,0.9886464777716777,2.0800317205573267,0.6641729724549916,1.2077312216583678,-0.5967873651341835,1.6419564915432456
ORD200472,2023-01-06,C60029,3,508.12,796 Main St,TRK86461316,8,FREESHIP,1524.36,0,1,0,1,190.545,2023,False,False,False,False,False,False,True,False,False,False,False,False,False,False,False,False,False,True,False,False,False,False,False,False,False,False,False,0.03849879359997556,0.7697164891987718,0.5750290657690545,1.1025709740754481,-0.11119198804820128,-1.4942119743585196,-1.0224759490947237
ORD200473,2025-02-25,C28552,2,14.93,449 Main St,TRK71597160,4,None,29.86,0,2,0,0,7.465,2025,False,False,False,False,False,False,False,False,False,True,False,False,False,True,True,False,False,False,False,False,False,False,True,False,True,False,False,-0.6722481651688036,-1.7325797115954702,-1.2506565871835444,-0.6510210324063782,-1.2994082559302222,-1.1950704379504076,1.6419564915432456
ORD200474,2023-11-15,C72293,3,229.34,398 Main St,TRK84378003,6,SAVE10,688.02,0,11,0,1,114.67,2023,False,False,False,False,True,False,True,False,False,False,False,False,False,True,False,False,False,True,False,False,False,False,False,True,False,True,False,0.03849879359997556,-0.6447285215626363,-0.446646370156256,0.22577497083453502,-0.6036319559613995,1.4972033897226007,-1.0224759490947237
ORD200475,2025-04-19,C29844,2,438.62,363 Main St,TRK91642337,3,SAVE10,877.24,1,4,0,1,292.41333333333336,2025,False,False,False,False,False,True,False,False,False,False,False,False,False,False,True,False,False,False,False,True,False,False,False,False,False,True,False,-0.6722481651688036,0.41709460725631586,-0.2154946543638901,-1.0894190340268348,0.5499485562422458,-0.5967873651341835,1.6419564915432456
ORD200476,2024-01-15,C77872,2,513.59,867 Main St,TRK19292184,4,FREESHIP,1027.18,0,1,0,1,256.795,2024,False,False,False,True,False,False,False,False,False,True,False,False,True,False,False,False,False,True,True,False,False,False,False,False,False,False,False,-0.6722481651688036,0.7974696071012932,-0.032327503608645655,-0.6510210324063782,0.3187803068348221,-1.4942119743585196,0.30974027122426084
ORD200477,2025-03-05,C56564,2,253.74,481 Main St,TRK13166044,5,SAVE10,507.48,0,3,0,1,101.49600000000001,2025,False,False,False,True,False,False,False,False,False,True,False,False,False,True,False,True,False,False,False,False,False,False,False,True,False,True,False,-0.6722481651688036,-0.5209303356720474,-0.66719457208604,-0.2126230307859216,-0.6891331637016099,-0.8959289015422955,1.6419564915432456
ORD200478,2024-11-01,C16758,3,62.77,914 Main St,TRK88544431,6,FREESHIP,188.31,0,11,0,1,31.385,2024,False,False,False,False,False,True,False,False,True,False,False,False,False,True,False,False,False,True,False,False,False,False,False,False,False,False,False,0.03849879359997556,-1.4898540881116273,-1.0570935950722435,0.22577497083453502,-1.1441639194230235,1.4972033897226007,0.30974027122426084
ORD200479,2023-02-18,C87011,4,25.29,943 Main St,TRK21429162,8,None,101.16,1,2,0,0,12.645,2023,False,False,True,False,False,False,True,False,False,False,False,True,False,False,False,True,False,False,False,True,False,False,False,False,True,False,False,0.7492457523687547,-1.6800162195534005,-1.163556294740908,1.1025709740754481,-1.265789290081255,-1.1950704379504076,-1.0224759490947237
ORD200480,2023-06-16,C21147,1,335.1,126 Main St,TRK93171043,6,FREESHIP,335.1,0,6,0,1,55.85,2023,False,False,False,False,False,False,False,True,False,False,False,True,False,False,False,False,False,True,False,False,False,False,False,False,False,False,False,-1.3829951239375826,-0.10813441747293633,-0.8777744937026135,0.22577497083453502,-0.9853824523390512,0.0014957076820405282,-1.0224759490947237
ORD200481,2023-04-23,C94568,4,484.85,317 Main St,TRK58653915,5,WINTER15,1939.4,1,4,1,1,387.88,2023,False,True,False,False,False,False,False,True,False,False,True,False,False,False,False,False,False,True,False,False,True,False,False,False,False,False,True,0.7492457523687547,0.6516515799498374,1.0820431664056869,-0.2126230307859216,1.1695413373969517,-0.5967873651341835,-1.0224759490947237
ORD200482,2025-03-02,C35852,3,381.41,989 Main St,TRK22302049,6,None,1144.23,1,3,0,0,190.705,2025,False,False,True,False,False,False,False,False,False,True,False,True,False,False,False,False,True,False,False,False,True,False,False,False,True,False,False,0.03849879359997556,0.12682845091202963,0.11066112514886632,0.22577497083453502,-0.11015356439263457,-0.8959289015422955,1.6419564915432456
ORD200483,2023-01-18,C66462,5,347.92,982 Main St,TRK52743700,6,WINTER15,1739.6,0,1,0,1,289.93333333333334,2023,False,False,False,True,False,False,False,False,False,False,False,True,False,False,False,True,False,False,False,False,False,False,False,True,False,False,True,1.4599927111375337,-0.04308963291894666,0.8379668910895748,0.22577497083453502,0.5338529895809642,-1.4942119743585196,-1.0224759490947237
ORD200484,2024-05-29,C29092,4,15.01,767 Main St,TRK90455340,6,None,60.04,0,5,0,0,10.006666666666666,2024,False,False,False,False,False,False,False,False,False,False,False,False,False,False,True,False,False,False,False,False,False,False,False,True,True,False,False,0.7492457523687547,-1.7321738159040259,-1.2137886092604202,0.22577497083453502,-1.2829124634850244,-0.29764582872607154,0.30974027122426084
ORD200485,2023-08-01,C46651,3,404.79,764 Main St,TRK67679195,6,SAVE10,1214.37,0,8,0,1,202.39499999999998,2023,False,False,False,False,False,False,False,False,False,False,False,False,False,True,False,False,True,False,False,False,False,False,True,False,False,True,False,0.03849879359997556,0.24545146673670037,0.19634435813521298,0.22577497083453502,-0.03428373605780396,0.5997787804982646,-1.0224759490947237
ORD200486,2023-02-03,C88981,4,611.26,558 Main St,TRK75267873,5,SAVE10,2445.04,0,2,0,1,489.008,2023,False,False,False,False,True,False,False,False,False,False,False,False,False,True,False,False,False,True,False,False,False,False,False,False,False,True,False,0.7492457523687547,1.2930175093936624,1.6997344969904657,-0.2126230307859216,1.8258770088977874,-1.1950704379504076,-1.0224759490947237
ORD200487,2023-03-09,C40136,3,346.52,211 Main St,TRK92924852,3,SAVE10,1039.56,0,3,0,1,346.52,2023,False,False,False,False,True,False,True,False,False,False,False,True,False,False,False,True,False,False,False,False,False,True,False,False,False,True,False,0.03849879359997556,-0.050192807519226515,-0.017204058721691513,-1.0894190340268348,0.9011088224329994,-0.8959289015422955,-1.0224759490947237
ORD200488,2024-12-05,C81573,1,36.65,556 Main St,TRK96522994,1,WINTER15,36.65,0,12,0,1,36.65,2024,False,False,False,False,False,False,False,False,False,True,False,False,False,False,False,False,False,False,False,False,False,True,False,False,False,False,True,-1.3829951239375826,-1.6223790313682742,-1.2423619029523314,-1.966215037267748,-1.1099932910070367,1.7963449261307127,0.30974027122426084
ORD200489,2023-09-05,C11940,3,149.34,589 Main St,TRK85466461,7,WINTER15,448.02,0,9,0,1,64.00285714285714,2023,False,False,False,False,False,True,False,False,True,False,False,False,False,False,False,False,False,False,False,False,False,False,True,False,False,False,True,0.03849879359997556,-1.0506242130071899,-0.7398310852506848,0.6641729724549916,-0.9324692041040666,0.8989203169063766,-1.0224759490947237
ORD200490,2024-07-22,C50097,5,467.81,539 Main St,TRK62785150,10,None,2339.05,0,7,0,0,233.90500000000003,2024,False,False,False,False,False,False,False,False,False,True,False,False,False,False,True,False,False,False,True,False,False,False,False,False,True,False,False,1.4599927111375337,0.5651957976721473,1.570256797186889,1.9793669773163614,0.17022082261033314,0.3006372440901526,0.30974027122426084
ORD200491,2023-01-05,C98168,5,420.7,481 Main St,TRK56423359,5,WINTER15,2103.5,0,1,0,1,420.7,2023,False,False,False,True,False,False,False,False,False,False,False,True,False,False,True,False,False,False,False,False,False,True,False,False,False,False,True,1.4599927111375337,0.3261739723727358,1.2825082153515026,-0.2126230307859216,1.3825479897450397,-1.4942119743585196,-1.0224759490947237
ORD200492,2023-10-25,C39074,5,606.52,103 Main St,TRK13027036,6,SAVE10,3032.6,0,10,0,1,505.43333333333334,2023,False,True,False,False,False,False,False,True,False,False,False,False,False,True,False,False,True,False,False,False,False,False,False,True,False,True,False,1.4599927111375337,1.2689681896755725,2.41749954366081,0.22577497083453502,1.9324798506721568,1.1980618533144887,-1.0224759490947237
ORD200493,2025-01-28,C84908,1,420.26,372 Main St,TRK64135970,4,FREESHIP,420.26,0,1,0,1,105.065,2025,False,False,False,True,False,False,True,False,False,False,False,True,False,False,True,False,False,False,False,False,False,False,True,False,False,False,False,-1.3829951239375826,0.32394154606979075,-0.7737427839632737,-0.6510210324063782,-0.6659698260346287,-1.4942119743585196,1.6419564915432456
ORD200494,2023-07-19,C64516,3,505.79,459 Main St,TRK63920573,3,FREESHIP,1517.37,0,7,0,1,505.78999999999996,2023,False,True,False,False,False,False,False,True,False,False,False,True,False,False,False,False,False,True,False,False,False,False,False,True,False,False,False,0.03849879359997556,0.7578947771854493,0.5664900609419293,-1.0894190340268348,1.9347946700710235,0.3006372440901526,-1.0224759490947237
ORD200495,2025-06-05,C63827,4,493.73,947 Main St,TRK35730581,6,SAVE10,1974.92,0,6,0,1,329.15333333333336,2025,False,False,False,True,False,False,False,True,False,False,False,True,False,False,True,False,False,False,False,False,False,True,False,False,False,True,False,0.7492457523687547,0.6967060017001828,1.1254345042396623,0.22577497083453502,0.7883965881517141,0.0014957076820405282,1.6419564915432456
ORD200496,2025-03-14,C93618,3,201.21,249 Main St,TRK66129326,3,SAVE10,603.63,0,3,0,1,201.21,2025,False,False,False,False,True,False,False,False,False,True,False,False,False,False,False,True,False,False,False,False,False,False,False,False,False,True,False,0.03849879359997556,-0.7874515940668273,-0.5497374456013345,-1.0894190340268348,-0.041974561256843526,-0.8959289015422955,1.6419564915432456
ORD200497,2024-10-24,C93948,3,112.29,454 Main St,TRK77358113,6,None,336.87,0,10,0,0,56.145,2024,False,False,False,False,True,False,False,False,True,False,False,False,False,True,False,True,False,False,False,False,False,True,False,False,True,False,False,0.03849879359997556,-1.2386046551074485,-0.8756122564287921,0.22577497083453502,-0.9834678587241003,1.1980618533144887,0.30974027122426084
ORD200498,2023-07-12,C73961,4,132.56,306 Main St,TRK32607173,8,WINTER15,530.24,0,7,0,1,66.28,2023,False,False,False,False,False,True,False,False,False,False,False,False,True,False,False,False,True,False,False,False,False,False,False,True,False,False,True,0.7492457523687547,-1.1357608342876848,-0.6393908882712517,1.1025709740754481,-0.9176902102918069,0.3006372440901526,-1.0224759490947237
ORD200499,2023-04-06,C18138,3,539.46,520 Main St,TRK20289483,4,SAVE10,1618.38,0,4,0,1,404.595,2023,False,False,False,False,True,False,True,False,False,False,False,False,False,True,True,False,False,False,False,False,False,True,False,False,False,True,False,0.03849879359997556,0.9287261263221758,0.6898841779072973,-0.6510210324063782,1.2780241586644197,-0.5967873651341835,-1.0224759490947237
ORD200500,2024-04-07,C79475,5,508.59,169 Main St,TRK42168516,8,WINTER15,2542.95,1,4,0,1,317.86875,2024,False,True,False,False,False,False,False,False,False,False,False,False,True,False,True,False,False,False,False,False,True,False,False,False,False,False,True,1.4599927111375337,0.7721011263860084,1.819341644719197,1.1025709740754481,0.7151579739233055,-0.5967873651341835,0.30974027122426084
ORD200501,2024-02-04,C88546,4,203.46,226 Main St,TRK19867754,7,SAVE10,813.84,1,2,0,1,116.26285714285714,2024,True,False,False,False,False,False,True,False,False,False,False,True,False,False,False,False,False,True,False,False,True,False,False,False,False,True,False,0.7492457523687547,-0.7760357777449493,-0.29294428326800165,0.6641729724549916,-0.5932940776046433,-1.1950704379504076,0.30974027122426084
ORD200502,2023-05-20,C69332,3,565.25,745 Main St,TRK65718848,7,SAVE10,1695.75,1,5,0,1,242.25,2023,False,False,True,False,False,False,False,True,False,False,False,False,True,False,False,False,False,False,False,True,False,False,False,False,False,True,False,0.03849879359997556,1.0595767498516135,0.7843996004358637,0.6641729724549916,0.22438110639597564,-0.29764582872607154,-1.0224759490947237
ORD200503,2023-08-31,C64554,3,136.84,498 Main St,TRK95384568,4,FREESHIP,410.52,0,8,0,1,102.63,2023,False,False,False,False,False,True,False,False,False,True,False,True,False,False,True,False,False,False,False,False,False,True,False,False,False,False,False,0.03849879359997556,-1.1140454147954013,-0.7856411969841893,-0.6510210324063782,-0.6817733360427821,0.5997787804982646,-1.0224759490947237
ORD200504,2025-06-11,C11676,2,464.5,805 Main St,TRK35726395,2,WINTER15,929.0,0,6,0,1,464.5,2025,False,False,True,False,False,False,False,False,False,True,False,False,False,False,False,False,True,False,False,False,False,False,False,True,False,False,True,-0.6722481651688036,0.548401863438629,-0.1522644841418583,-1.5278170356472913,1.6668164654563817,0.0014957076820405282,1.6419564915432456
ORD200505,2023-06-11,C36014,2,434.97,558 Main St,TRK97246526,7,None,869.94,1,6,0,0,124.27714285714286,2023,False,False,False,False,True,False,False,False,False,True,False,False,False,True,False,False,False,False,False,False,True,False,False,False,True,False,False,-0.6722481651688036,0.3985756163341582,-0.2244123561146789,0.6641729724549916,-0.5412801784284974,0.0014957076820405282,-1.0224759490947237
ORD200506,2023-07-25,C23279,2,43.67,696 Main St,TRK58039693,4,WINTER15,87.34,0,7,0,1,21.835,2023,False,False,True,False,False,False,False,False,False,False,False,False,True,False,False,False,True,False,False,False,False,False,True,False,False,False,True,-0.6722481651688036,-1.5867616844440144,-1.1804388479184287,-0.6510210324063782,-1.2061448313646517,0.3006372440901526,-1.0224759490947237
ORD200507,2023-07-05,C86481,1,171.59,546 Main St,TRK87513944,5,WINTER15,171.59,0,7,0,1,34.318,2023,False,False,False,True,False,False,True,False,False,False,False,True,False,False,False,False,False,False,False,False,False,False,False,True,False,False,True,-1.3829951239375826,-0.9377344738241733,-1.0775187968904887,-0.2126230307859216,-1.1251283157869194,0.3006372440901526,-1.0224759490947237
ORD200508,2025-05-14,C39550,1,558.27,976 Main St,TRK24120267,1,None,558.27,0,5,1,0,558.27,2025,False,False,False,True,False,False,False,False,False,True,True,False,False,False,False,False,False,True,False,False,False,False,False,True,True,False,False,-1.3829951239375826,1.0241623507730762,-0.6051493567541816,-1.966215037267748,2.275397629096851,-0.29764582872607154,1.6419564915432456
ORD200509,2023-02-15,C68937,2,425.03,560 Main St,TRK31908657,2,WINTER15,850.06,0,2,0,1,425.03,2023,False,True,False,False,False,False,False,False,False,False,False,False,True,False,False,True,False,False,False,False,False,False,False,True,False,False,True,-0.6722481651688036,0.3481430766721722,-0.24869782334833423,-1.5278170356472913,1.4106503299238091,-1.1950704379504076,-1.0224759490947237
ORD200510,2024-12-16,C72533,1,376.76,389 Main St,TRK51288986,5,SAVE10,376.76,0,12,1,1,75.352,2024,False,False,False,False,True,False,False,True,False,False,True,False,False,False,False,False,False,False,True,False,False,False,False,False,False,True,False,-1.3829951239375826,0.10323576384681478,-0.8268825135741389,-0.2126230307859216,-0.8588115890211837,1.7963449261307127,0.30974027122426084
ORD200511,2024-03-15,C11415,5,575.24,267 Main St,TRK65061457,7,WINTER15,2876.2,0,3,1,1,410.88571428571424,2024,False,False,True,False,False,False,False,False,False,False,True,False,False,False,False,False,False,False,False,False,False,False,False,False,False,False,True,1.4599927111375337,1.1102629743207522,2.226440837657607,0.6641729724549916,1.31885182444377,-0.8959289015422955,0.30974027122426084
ORD200512,2024-09-27,C14114,3,568.02,856 Main St,TRK63290700,3,FREESHIP,1704.06,0,9,0,1,568.02,2024,True,False,False,False,False,False,False,False,False,True,False,True,False,False,False,False,True,False,False,False,False,False,False,False,False,False,False,0.03849879359997556,1.073630888167881,0.7945511211960081,-1.0894190340268348,2.3386765706079373,0.8989203169063766,0.30974027122426084
ORD200513,2025-02-09,C64128,3,94.88,533 Main St,TRK37053575,8,None,284.64,1,2,0,0,35.58,2025,False,False,False,False,False,True,False,False,True,False,False,False,False,True,False,False,False,True,False,False,True,False,False,False,True,False,False,0.03849879359997556,-1.3269377049580697,-0.9394165800512172,1.1025709740754481,-1.116937749203638,-1.1950704379504076,1.6419564915432456
ORD200514,2023-04-16,C15629,3,304.15,492 Main St,TRK64926044,3,WINTER15,912.4499999999999,1,4,0,1,304.15,2023,False,False,False,False,True,False,False,False,True,False,False,False,False,True,False,False,True,False,False,False,True,False,False,False,False,False,True,0.03849879359997556,-0.2651653131005482,-0.17248201345357836,-1.0894190340268348,0.6261212581432832,-0.5967873651341835,-1.0224759490947237
ORD200515,2023-03-14,C67561,3,553.52,160 Main St,TRK75900717,4,FREESHIP,1660.56,0,3,0,1,415.14,2023,False,False,False,True,False,False,False,False,True,False,False,False,False,True,True,False,False,False,False,False,False,False,True,False,False,False,False,0.03849879359997556,1.0000622940935557,0.7414113915851429,-0.6510210324063782,1.3464627677141021,-0.8959289015422955,-1.0224759490947237
ORD200516,2024-04-07,C47022,3,166.99,208 Main St,TRK28855040,8,None,500.97,1,4,0,0,62.62125,2024,False,False,True,False,False,False,False,False,False,False,False,False,True,False,True,False,False,False,False,False,True,False,False,False,True,False,False,0.03849879359997556,-0.9610734760822351,-0.6751472074829764,1.1025709740754481,-0.9414360387280826,-0.5967873651341835,0.30974027122426084
ORD200517,2024-04-09,C55205,4,198.35,943 Main St,TRK88141634,7,FREESHIP,793.4,0,4,0,1,113.34285714285714,2024,False,False,False,False,False,True,False,False,False,False,False,False,False,False,False,True,False,False,False,False,False,False,True,False,False,False,False,0.7492457523687547,-0.8019623650359702,-0.31791384817021057,0.6641729724549916,-0.6122453093187327,-0.5967873651341835,0.30974027122426084
ORD200518,2025-06-13,C30686,4,403.58,319 Main St,TRK59807273,9,SAVE10,1614.32,0,6,0,1,179.36888888888888,2025,False,False,False,False,True,False,False,False,False,True,False,True,False,False,False,False,False,True,False,False,False,False,False,False,False,True,False,0.7492457523687547,0.23931229440360133,0.684924469810283,1.5409689756959049,-0.18372660151706316,0.0014957076820405282,1.6419564915432456
ORD200519,2025-05-10,C71797,4,464.29,941 Main St,TRK66010667,5,SAVE10,1857.16,1,5,0,1,371.432,2025,False,True,False,False,False,False,False,True,False,False,False,False,True,False,False,False,False,False,False,True,False,False,False,False,False,True,False,0.7492457523687547,0.5473363872485871,0.9815785373666627,-0.2126230307859216,1.0627913856047109,-0.29764582872607154,1.6419564915432456
ORD200520,2023-03-10,C66332,3,635.98,959 Main St,TRK27063398,5,None,1907.94,0,3,0,0,381.588,2023,False,False,True,False,False,False,False,False,False,False,False,False,True,False,False,False,False,True,False,False,False,False,False,False,True,False,False,0.03849879359997556,1.4184392780500297,1.0436115366687255,-0.2126230307859216,1.1287053271417975,-0.8959289015422955,-1.0224759490947237
ORD200521,2024-02-25,C82318,1,528.06,991 Main St,TRK37534165,2,None,528.06,1,2,0,0,264.03,2024,False,False,False,True,False,False,True,False,False,False,False,False,False,True,True,False,False,False,False,False,True,False,False,False,True,False,False,-1.3829951239375826,0.8708859902913264,-0.6420539827666929,-1.5278170356472913,0.3657365265099716,-1.1950704379504076,0.30974027122426084
ORD200522,2024-04-20,C66254,1,515.32,740 Main St,TRK82843861,1,FREESHIP,515.32,1,4,0,1,515.32,2024,False,False,False,False,False,False,False,False,True,False,False,False,False,False,False,False,False,False,False,True,False,False,False,False,False,False,False,-1.3829951239375826,0.8062471014287819,-0.6576172047262886,-1.966215037267748,1.9966457790557064,-0.5967873651341835,0.30974027122426084
ORD200523,2025-02-18,C65083,4,657.79,652 Main St,TRK60937148,6,WINTER15,2631.16,0,2,0,1,438.52666666666664,2025,True,False,False,False,False,False,True,False,False,False,False,False,True,False,False,True,False,False,False,False,False,False,True,False,False,False,True,0.7492457523687547,1.5290965909301006,1.927099243546195,0.22577497083453502,1.498245692036079,-1.1950704379504076,1.6419564915432456
ORD200524,2023-10-25,C44778,1,153.0,103 Main St,TRK92617366,4,None,153.0,0,10,0,0,38.25,2023,False,False,False,True,False,False,True,False,False,False,False,False,True,False,False,False,False,True,False,False,False,False,False,True,True,False,False,-1.3829951239375826,-1.0320544851236015,-1.1002283962805113,-0.6510210324063782,-1.0996090544513712,1.1980618533144887,-1.0224759490947237
ORD200525,2023-12-03,C54499,1,668.48,160 Main St,TRK18061555,1,SAVE10,668.48,1,12,0,1,668.48,2023,False,False,True,False,False,False,False,True,False,False,False,False,False,True,False,False,False,False,False,False,True,False,False,False,False,True,False,-1.3829951239375826,1.5833344026993794,-0.4705164923768607,-1.966215037267748,2.990676823346783,1.7963449261307127,-1.0224759490947237
ORD200526,2024-02-29,C91201,2,46.5,837 Main St,TRK63526023,7,WINTER15,93.0,0,2,0,1,13.285714285714286,2024,True,False,False,False,False,False,False,False,False,False,False,False,True,False,False,True,False,False,False,False,False,True,False,False,False,False,True,-0.6722481651688036,-1.5724031243591634,-1.1735245750541186,0.6641729724549916,-1.2616309596390982,-1.1950704379504076,0.30974027122426084
ORD200527,2024-08-19,C27202,5,653.47,967 Main St,TRK75406128,10,SAVE10,3267.35,0,8,0,1,326.735,2024,False,False,False,False,False,False,True,False,False,False,False,False,False,False,False,False,False,True,True,False,False,False,False,False,False,True,False,1.4599927111375337,1.5071782235920952,2.7042708431125484,1.9793669773163614,0.7727012472743487,0.5997787804982646,0.30974027122426084
ORD200528,2025-02-26,C32011,1,628.89,686 Main St,TRK70997744,2,SAVE10,628.89,0,2,0,1,314.445,2025,False,False,False,False,False,False,True,False,False,False,False,False,True,False,False,False,False,True,False,False,False,False,False,True,False,True,False,-1.3829951239375826,1.3824667723957558,-0.5188797543376459,-1.5278170356472913,0.6929373302311433,-1.1950704379504076,1.6419564915432456
ORD200529,2024-04-07,C21181,2,675.1,938 Main St,TRK50363421,4,FREESHIP,1350.2,1,4,0,1,337.55,2024,False,False,False,False,False,True,False,False,False,False,False,True,False,False,False,True,False,False,False,False,True,False,False,False,False,False,False,-0.6722481651688036,1.6169222711664162,0.36227469084886427,-0.6510210324063782,0.8428921962428,-0.5967873651341835,0.30974027122426084
ORD200530,2024-07-18,C98450,4,89.41,613 Main St,TRK14809530,9,None,357.64,0,7,0,0,39.73777777777778,2024,False,False,False,False,False,False,False,False,False,True,False,True,False,False,False,True,False,False,False,False,False,True,False,False,True,False,False,0.7492457523687547,-1.354690822860591,-0.8502395625433284,1.5409689756959049,-1.0899531567096796,0.3006372440901526,0.30974027122426084
ORD200531,2024-07-02,C64502,5,320.01,722 Main St,TRK14914388,6,None,1600.05,0,7,1,0,266.675,2024,True,False,False,False,False,False,False,False,True,False,True,False,False,False,False,False,False,True,False,False,False,False,True,False,True,False,False,1.4599927111375337,-0.1846964922716654,0.6674921952919601,0.22577497083453502,0.38290296756605635,0.3006372440901526,0.30974027122426084
ORD200532,2025-05-03,C47365,2,41.0,369 Main St,TRK42207882,7,None,82.0,1,5,1,0,11.714285714285714,2025,False,True,False,False,False,False,False,False,False,True,True,False,False,False,False,False,False,False,False,True,False,False,False,False,True,False,False,-0.6722481651688036,-1.6003084531459764,-1.1869622078292799,0.6641729724549916,-1.2718297633991267,-0.29764582872607154,1.6419564915432456
ORD200533,2023-03-05,C66349,1,565.85,715 Main St,TRK63550793,1,FREESHIP,565.85,1,3,0,1,565.85,2023,True,False,False,False,False,False,False,False,True,False,False,False,True,False,True,False,False,False,False,False,True,False,False,False,False,False,False,-1.3829951239375826,1.0626209675374478,-0.5958896061691158,-1.966215037267748,2.3245929497793165,-0.8959289015422955,-1.0224759490947237
ORD200534,2024-06-06,C73289,3,648.59,906 Main St,TRK70872738,4,SAVE10,1945.77,0,6,0,1,486.4425,2024,False,False,False,False,False,False,False,True,False,False,False,False,False,False,False,False,False,False,False,False,False,True,False,False,False,True,False,0.03849879359997556,1.4824185864139774,1.0898247773854848,-0.6510210324063782,1.8092265345955627,0.0014957076820405282,0.30974027122426084
ORD200535,2024-07-24,C48649,3,68.12,332 Main St,TRK45821445,3,FREESHIP,204.36,0,7,0,1,68.12,2024,False,False,True,False,False,False,False,False,False,True,False,False,False,False,False,False,False,False,False,False,False,False,False,True,False,False,False,0.03849879359997556,-1.4627098137462728,-1.0374868672503035,-1.0894190340268348,-0.9057483382527917,0.3006372440901526,0.30974027122426084
ORD200536,2024-06-09,C18724,1,616.1,124 Main St,TRK52508861,6,None,616.1,1,6,0,0,102.68333333333334,2024,False,False,False,False,False,False,False,False,False,False,False,False,True,False,False,False,False,False,False,False,True,False,False,False,True,False,False,-1.3829951239375826,1.317574198726058,-0.5345040564462198,0.22577497083453502,-0.68142719482426,0.0014957076820405282,0.30974027122426084
ORD200537,2025-03-23,C68553,3,247.47,385 Main St,TRK58218971,4,SAVE10,742.41,1,3,1,1,185.6025,2025,False,False,False,False,False,True,False,False,False,True,True,False,False,False,True,False,False,False,False,False,True,False,False,False,False,True,False,0.03849879359997556,-0.5527424104890143,-0.3802033840979811,-0.6510210324063782,-0.14326954378343662,-0.8959289015422955,1.6419564915432456
ORD200538,2024-05-24,C61280,3,490.74,100 Main St,TRK95487711,3,WINTER15,1472.22,0,5,0,1,490.74,2024,False,False,False,True,False,False,False,False,False,False,False,False,False,True,False,False,False,False,False,False,False,False,False,False,False,False,True,0.03849879359997556,0.6815356502324426,0.5113346864147901,-1.0894190340268348,1.8371179449692956,-0.29764582872607154,0.30974027122426084
ORD200539,2025-02-18,C53277,3,531.72,473 Main St,TRK17653832,7,SAVE10,1595.16,0,2,1,1,227.88000000000002,2025,True,False,False,False,False,False,False,False,True,False,True,False,False,False,False,True,False,False,False,False,False,False,True,False,False,True,False,0.03849879359997556,0.8894557181749152,0.6615185567219113,0.6641729724549916,0.1311176818304053,-1.1950704379504076,1.6419564915432456
ORD200540,2024-01-29,C87281,5,648.65,852 Main St,TRK81765057,7,None,3243.25,0,1,0,0,463.32142857142856,2024,False,True,False,False,False,False,False,False,False,True,False,True,False,False,False,False,False,True,True,False,False,False,False,False,True,False,False,1.4599927111375337,1.4827230081825604,2.674830211305149,0.6641729724549916,1.6591673626363603,-1.4942119743585196,0.30974027122426084
ORD200541,2023-08-07,C69009,5,456.06,879 Main St,TRK61295842,10,None,2280.3,0,8,0,0,228.03000000000003,2023,False,False,False,False,True,False,False,False,False,False,False,True,False,False,False,False,True,False,True,False,False,False,False,False,True,False,False,1.4599927111375337,0.5055798679912286,1.498487622137732,1.9793669773163614,0.132091204007499,0.5997787804982646,-1.0224759490947237
ORD200542,2023-11-14,C49726,1,17.98,934 Main St,TRK20739460,6,FREESHIP,17.98,0,11,0,1,2.9966666666666666,2023,False,False,False,False,False,True,False,False,False,False,False,False,False,False,False,False,False,False,False,False,False,False,True,False,False,False,False,-1.3829951239375826,-1.7171049383591466,-1.2651692305807187,0.22577497083453502,-1.3284083998945337,1.4972033897226007,-1.0224759490947237
ORD200543,2024-03-09,C37531,5,269.86,354 Main St,TRK93877673,6,WINTER15,1349.3,1,3,0,1,224.88333333333333,2024,True,False,False,False,False,False,False,False,False,False,False,False,False,True,True,False,False,False,False,True,False,False,False,False,False,False,True,1.4599927111375337,-0.4391423538459698,0.36117524816726004,0.22577497083453502,0.11166887211469,-0.8959289015422955,0.30974027122426084
ORD200544,2024-03-10,C48713,5,31.96,373 Main St,TRK96334419,5,FREESHIP,159.8,1,3,0,1,31.96,2024,False,False,False,False,True,False,True,False,False,False,False,False,True,False,False,False,False,True,False,False,True,False,False,False,False,False,False,1.4599927111375337,-1.6461746662792112,-1.0919214960195025,-0.2126230307859216,-1.140432084410831,-0.8959289015422955,0.30974027122426084
ORD200545,2023-12-19,C74138,2,98.47,964 Main St,TRK74091695,3,None,196.94,0,12,0,0,65.64666666666666,2023,False,False,True,False,False,False,False,False,False,False,False,False,True,False,False,False,True,False,False,False,False,False,True,False,True,False,False,-0.6722481651688036,-1.3087231358044955,-1.0465511613586396,-1.0894190340268348,-0.921800637261758,1.7963449261307127,-1.0224759490947237
ORD200546,2024-03-01,C82399,1,158.68,928 Main St,TRK77177284,6,WINTER15,158.68,0,3,0,1,26.44666666666667,2024,False,False,True,False,False,False,True,False,False,False,False,False,True,False,False,False,True,False,False,False,False,False,False,False,False,False,True,-1.3829951239375826,-1.0032358910310382,-1.0932896913566097,0.22577497083453502,-1.1762144328755617,-0.8959289015422955,0.30974027122426084
ORD200547,2023-08-20,C40427,1,613.98,411 Main St,TRK25392280,4,FREESHIP,613.98,1,8,1,1,153.495,2023,False,False,False,True,False,False,False,False,False,True,True,False,False,False,True,False,False,False,False,False,True,False,False,False,False,False,False,-1.3829951239375826,1.3068179629027774,-0.5370938547628873,-0.6510210324063782,-0.35165196579032965,0.5997787804982646,-1.0224759490947237
ORD200548,2024-01-05,C17103,3,426.12,922 Main St,TRK64398650,5,WINTER15,1278.36,0,1,1,1,255.67199999999997,2024,False,False,False,False,True,False,False,False,False,True,True,False,False,False,False,False,True,False,False,False,False,False,False,False,False,False,True,0.03849879359997556,0.3536734054681044,0.27451473279726507,-0.2126230307859216,0.3114918708023141,-1.4942119743585196,0.30974027122426084
ORD200549,2025-02-25,C34266,4,629.88,550 Main St,TRK56378197,8,WINTER15,2519.52,0,2,0,1,314.94,2025,False,False,True,False,False,False,False,True,False,False,False,False,False,False,False,False,True,False,False,False,False,False,True,False,False,False,True,0.7492457523687547,1.3874897315773822,1.7907194869081036,1.1025709740754481,0.6961499534155523,-1.1950704379504076,1.6419564915432456
ORD200550,2023-10-29,C97485,4,228.91,573 Main St,TRK81794737,4,FREESHIP,915.64,1,10,0,1,228.91,2023,False,True,False,False,False,False,False,False,False,False,False,False,False,True,False,True,False,False,False,False,True,False,False,False,False,False,False,0.7492457523687547,-0.6469102109041507,-0.1685850999487815,-0.6510210324063782,0.13780253411311477,1.1980618533144887,-1.0224759490947237
ORD200551,2023-05-18,C23947,1,120.98,353 Main St,TRK74812710,6,WINTER15,120.98,0,5,1,1,20.163333333333334,2023,False,True,False,False,False,False,False,True,False,False,True,False,False,False,False,False,False,False,False,False,False,True,False,False,False,False,True,-1.3829951239375826,-1.194514235624284,-1.1393441236860264,0.22577497083453502,-1.2169941951827064,-0.29764582872607154,-1.0224759490947237
ORD200552,2023-09-30,C21665,4,425.18,560 Main St,TRK29890761,8,WINTER15,1700.72,1,9,0,1,212.59,2023,False,False,False,False,False,False,False,False,False,True,False,False,True,False,True,False,False,False,False,True,False,False,False,False,False,False,True,0.7492457523687547,0.3489041310936309,0.7904709672442775,1.1025709740754481,0.03188332124532707,0.8989203169063766,-1.0224759490947237
ORD200553,2023-08-23,C82550,2,333.83,828 Main St,TRK74103758,4,FREESHIP,667.66,0,8,0,1,166.915,2023,False,False,False,True,False,False,False,False,True,False,False,False,False,False,False,False,False,True,False,False,False,False,False,True,False,False,False,-0.6722481651688036,-0.11457801157461882,-0.4715182068201001,-0.6510210324063782,-0.2645541816796856,0.5997787804982646,-1.0224759490947237
ORD200554,2025-05-30,C61943,2,492.9,610 Main St,TRK66126496,5,FREESHIP,985.8,0,5,0,1,197.16,2025,False,True,False,False,False,False,False,False,False,False,False,False,True,False,False,False,True,False,False,False,False,False,False,False,False,False,False,-0.6722481651688036,0.6924948339014453,-0.08287743490284355,-0.2126230307859216,-0.0682596600383718,-0.29764582872607154,1.6419564915432456
ORD200555,2023-01-07,C88933,1,92.04,333 Main St,TRK89306964,2,None,92.04,1,1,0,0,46.02,2023,False,False,False,False,False,True,False,False,False,False,False,False,False,True,True,False,False,False,False,True,False,False,False,False,True,False,False,-1.3829951239375826,-1.3413470020043512,-1.1746973139144963,-1.5278170356472913,-1.049180605677921,-1.4942119743585196,-1.0224759490947237
ORD200556,2023-01-28,C30923,1,654.27,932 Main St,TRK82609328,2,SAVE10,654.27,1,1,0,1,327.135,2023,False,True,False,False,False,False,False,False,True,False,False,True,False,False,True,False,False,False,False,True,False,False,False,False,False,True,False,-1.3829951239375826,1.5112371805065405,-0.4878754707164101,-1.5278170356472913,0.775297306413265,-1.4942119743585196,-1.0224759490947237
ORD200557,2023-06-29,C56969,1,56.2,130 Main St,TRK40719215,1,WINTER15,56.2,0,6,0,1,56.2,2023,False,False,False,False,False,True,False,True,False,False,False,True,False,False,True,False,False,False,False,False,False,True,False,False,False,False,True,-1.3829951239375826,-1.5231882717715113,-1.2184795647019309,-1.966215037267748,-0.9831109005924994,0.0014957076820405282,-1.0224759490947237
ORD200558,2024-07-16,C76766,4,628.12,485 Main St,TRK32052962,6,WINTER15,2512.48,0,7,1,1,418.74666666666667,2024,False,False,False,True,False,False,False,False,False,True,True,False,False,False,False,False,True,False,False,False,False,False,True,False,False,False,True,0.7492457523687547,1.3785600263656022,1.7821194019320004,0.22577497083453502,1.3698705676166647,0.3006372440901526,0.30974027122426084
ORD200559,2024-04-15,C22981,3,157.4,454 Main St,TRK10115285,7,WINTER15,472.2,0,4,0,1,67.45714285714286,2024,True,False,False,False,False,False,False,True,False,False,False,False,False,False,False,False,False,False,True,False,False,False,False,False,False,False,True,0.03849879359997556,-1.009730222094151,-0.710292725204921,0.6641729724549916,-0.9100503791115674,-0.5967873651341835,0.30974027122426084
ORD200560,2023-01-31,C33634,4,588.85,524 Main St,TRK93168008,7,None,2355.4,0,1,0,0,336.4857142857143,2023,False,False,True,False,False,False,False,False,True,False,False,True,False,False,False,False,False,False,False,False,False,False,True,False,True,False,False,0.7492457523687547,1.179315978827757,1.5902300059026968,0.6641729724549916,0.8359848246053263,-1.4942119743585196,-1.0224759490947237
ORD200561,2023-01-31,C96822,2,494.78,198 Main St,TRK89180077,2,None,989.56,0,1,0,0,494.78,2023,False,False,False,False,True,False,False,False,False,True,False,False,False,True,False,True,False,False,False,False,False,False,True,False,True,False,False,-0.6722481651688036,0.7020333826503923,-0.0782842076996975,-1.5278170356472913,1.8633381422723505,-1.4942119743585196,-1.0224759490947237
ORD200562,2023-10-06,C76675,3,663.93,922 Main St,TRK28043915,6,FREESHIP,1991.79,0,10,0,1,331.965,2023,False,True,False,False,False,False,False,False,True,False,False,False,True,False,False,False,False,False,False,False,False,False,False,False,False,False,False,0.03849879359997556,1.56024908524847,1.1460429465048414,0.22577497083453502,0.80664472051568,1.1980618533144887,-1.0224759490947237
ORD200563,2023-12-12,C12039,1,132.68,844 Main St,TRK68645763,1,SAVE10,132.68,0,12,0,1,132.68,2023,False,True,False,False,False,False,False,True,False,False,False,False,True,False,False,False,False,True,False,False,False,False,True,False,False,True,False,-1.3829951239375826,-1.135151990750518,-1.1250513688251729,-1.966215037267748,-0.48674439323169005,1.7963449261307127,-1.0224759490947237
ORD200564,2025-04-08,C93309,5,364.28,734 Main St,TRK99446987,5,WINTER15,1821.4,0,4,0,1,364.28000000000003,2025,True,False,False,False,False,False,True,False,False,False,False,False,False,False,False,True,False,False,False,False,False,False,True,False,False,False,True,1.4599927111375337,0.03991603598146433,0.9378940148175928,-0.2126230307859216,1.0163738482008864,-0.5967873651341835,1.6419564915432456
ORD200565,2023-05-14,C62042,5,307.98,214 Main St,TRK42605492,10,None,1539.9,1,5,0,0,153.99,2023,False,False,False,False,False,True,False,False,False,True,False,True,False,False,True,False,False,False,False,False,True,False,False,False,True,False,False,1.4599927111375337,-0.24573305687264002,0.5940127760714191,1.9793669773163614,-0.3484393426059206,-0.29764582872607154,-1.0224759490947237
ORD200566,2024-04-18,C83223,4,162.71,167 Main St,TRK54339083,7,FREESHIP,650.84,0,4,0,1,92.97714285714287,2024,False,False,False,True,False,False,False,False,False,False,False,False,False,False,False,False,False,False,False,False,False,True,False,False,False,False,False,0.7492457523687547,-0.9827888955745188,-0.4920655689363012,0.6641729724549916,-0.7444218060487031,-0.5967873651341835,0.30974027122426084
ORD200567,2024-09-30,C92575,5,492.94,153 Main St,TRK53579227,10,FREESHIP,2464.7,0,9,0,1,246.46999999999997,2024,False,False,False,False,False,False,False,False,False,False,False,False,False,True,False,False,False,False,True,False,False,False,False,False,False,False,False,1.4599927111375337,0.6926977817471677,1.7237512115686175,1.9793669773163614,0.2517695303115431,0.8989203169063766,0.30974027122426084
ORD200568,2023-03-10,C29072,2,343.99,312 Main St,TRK72334047,4,None,687.98,0,3,1,0,171.995,2023,False,True,False,False,False,False,False,False,False,True,True,False,False,False,False,True,False,False,False,False,False,False,False,False,True,False,False,-0.6722481651688036,-0.06302925876116039,-0.4466952342754384,-0.6510210324063782,-0.23158423061544767,-0.8959289015422955,-1.0224759490947237
ORD200569,2025-03-22,C25783,5,250.68,672 Main St,TRK13289741,8,SAVE10,1253.4,1,3,0,1,156.675,2025,True,False,False,False,False,False,False,False,False,False,False,False,False,True,False,False,True,False,False,True,False,False,False,False,False,True,False,1.4599927111375337,-0.5364558458698016,0.2440235224274447,1.1025709740754481,-0.33101329563594445,-0.8959289015422955,1.6419564915432456
ORD200570,2024-12-27,C63727,2,362.14,122 Main St,TRK13611021,2,SAVE10,724.28,0,12,0,1,362.14,2024,True,False,False,False,False,False,False,True,False,False,False,True,False,False,False,False,True,False,False,False,False,False,False,False,False,True,False,-0.6722481651688036,0.029058326235322587,-0.4023510461174061,-1.5278170356472913,1.0024849318076836,1.7963449261307127,0.30974027122426084
ORD200571,2024-11-23,C42365,1,214.08,867 Main St,TRK39563288,2,WINTER15,214.08,1,11,0,1,107.04,2024,False,False,False,False,False,True,False,False,True,False,False,False,True,False,False,True,False,False,False,True,False,False,False,False,False,False,True,-1.3829951239375826,-0.7221531247056848,-1.0256128862889793,-1.5278170356472913,-0.6531517840362291,1.4972033897226007,0.30974027122426084
ORD200572,2023-11-11,C27438,1,70.32,341 Main St,TRK69125497,4,WINTER15,70.32,1,11,0,1,17.58,2023,False,False,False,False,True,False,False,False,False,False,False,False,True,False,True,False,False,False,False,True,False,False,False,False,False,False,True,-1.3829951239375826,-1.4515476822315476,-1.2012305306305422,-0.6510210324063782,-1.2337604104548747,1.4972033897226007,-1.0224759490947237
ORD200573,2023-01-25,C13205,5,421.42,522 Main St,TRK30686578,7,None,2107.1,0,1,0,0,301.0142857142857,2023,False,False,False,False,False,False,False,True,False,False,False,False,False,False,False,False,True,False,False,False,False,False,False,True,True,False,False,1.4599927111375337,0.3298270335957369,1.2869059860779188,0.6641729724549916,0.6057700088221352,-1.4942119743585196,-1.0224759490947237
ORD200574,2024-01-24,C29685,5,384.69,275 Main St,TRK97733212,6,FREESHIP,1923.45,0,1,0,1,320.575,2024,False,False,False,False,False,False,True,False,False,False,False,True,False,False,False,False,False,False,False,False,False,False,False,True,False,False,False,1.4599927111375337,0.1434701742612562,1.062558598881703,0.22577497083453502,0.7327219365350366,-1.4942119743585196,0.30974027122426084
ORD200575,2023-06-07,C74005,5,448.15,528 Main St,TRK61640534,7,SAVE10,2240.75,0,6,0,1,320.10714285714283,2023,False,False,False,False,False,False,False,False,True,False,False,False,True,False,False,True,False,False,False,False,False,False,False,True,False,True,False,1.4599927111375337,0.46544693149964816,1.450173224296129,0.6641729724549916,0.7296854745064826,0.0014957076820405282,-1.0224759490947237
ORD200576,2024-05-29,C14457,5,79.08,747 Main St,TRK42517811,8,None,395.4,0,5,0,0,49.425,2024,False,True,False,False,False,False,False,False,False,False,False,True,False,False,True,False,False,False,False,False,False,False,False,True,True,False,False,1.4599927111375337,-1.407102104018369,-0.8041118340351383,1.1025709740754481,-1.0270816522578952,-0.29764582872607154,0.30974027122426084
ORD200577,2023-01-22,C77046,4,185.41,967 Main St,TRK44401497,9,WINTER15,741.64,1,1,0,1,82.40444444444444,2023,False,False,False,False,False,True,False,False,False,True,False,False,True,False,False,True,False,False,False,False,True,False,False,False,False,False,True,0.7492457523687547,-0.8676159931271268,-0.3811440183922424,1.5409689756959049,-0.8130401818919338,-1.4942119743585196,-1.0224759490947237
ORD200578,2024-10-10,C50415,5,566.07,587 Main St,TRK41345634,6,SAVE10,2830.35,0,10,1,1,471.72499999999997,2024,False,False,True,False,False,False,True,False,False,False,True,False,False,False,False,False,True,False,False,False,False,True,False,False,False,True,False,1.4599927111375337,1.0637371806889204,2.1704303410447756,0.22577497083453502,1.7137077836530585,1.1980618533144887,0.30974027122426084
ORD200579,2023-06-04,C73999,2,187.88,413 Main St,TRK67919507,4,WINTER15,375.76,1,6,0,1,93.94,2023,False,False,False,False,False,True,False,False,False,True,False,False,False,True,True,False,False,False,False,False,True,False,False,False,False,False,True,-0.6722481651688036,-0.8550839636537761,-0.8281041165536991,-0.6510210324063782,-0.7381727208357401,0.0014957076820405282,-1.0224759490947237
ORD200580,2023-11-14,C71076,2,255.99,340 Main St,TRK65148292,4,SAVE10,511.98,0,11,1,1,127.995,2023,False,False,True,False,False,False,True,False,False,False,True,False,False,False,False,False,True,False,False,False,False,False,True,False,False,True,False,-0.6722481651688036,-0.5095145193501693,-0.6616973586780195,-0.6510210324063782,-0.5171507358962479,1.4972033897226007,-1.0224759490947237
ORD200581,2024-11-11,C44674,1,627.34,942 Main St,TRK87158684,1,None,627.34,0,11,1,0,627.34,2024,False,True,False,False,False,False,False,False,False,True,True,False,False,False,False,False,False,True,True,False,False,False,False,False,True,False,False,-1.3829951239375826,1.3746025433740179,-0.5207732389559641,-1.966215037267748,2.723672140909235,1.4972033897226007,0.30974027122426084
ORD200582,2024-02-19,C15228,3,474.14,558 Main St,TRK33860620,8,WINTER15,1422.42,0,2,0,1,177.8025,2024,False,False,False,False,False,True,False,False,True,False,False,False,False,True,False,True,False,False,True,False,False,False,False,False,False,False,True,0.03849879359997556,0.5973122942576976,0.4504988580326961,1.1025709740754481,-0.19389269699230563,-1.1950704379504076,0.30974027122426084
ORD200583,2025-06-15,C27072,3,154.37,996 Main St,TRK29750379,4,None,463.11,1,6,1,0,115.7775,2025,False,False,False,False,False,False,False,False,True,False,True,False,False,False,False,False,True,False,False,False,True,False,False,False,True,False,False,0.03849879359997556,-1.0251035214076134,-0.7213970962891225,-0.6510210324063782,-0.5964441172205248,0.0014957076820405282,1.6419564915432456
ORD200584,2025-03-21,C15257,4,145.05,626 Main St,TRK28779938,6,SAVE10,580.2,0,3,1,1,96.7,2025,False,False,False,False,False,False,False,False,False,True,True,False,False,False,False,True,False,False,False,False,False,False,False,False,False,True,False,0.7492457523687547,-1.0723903694609038,-0.5783596034124281,0.22577497083453502,-0.7202599127772172,-0.8959289015422955,1.6419564915432456
ORD200585,2023-08-20,C91486,4,67.08,907 Main St,TRK79617136,8,WINTER15,268.32,1,8,0,1,33.54,2023,False,False,False,False,False,True,False,False,False,False,False,False,True,False,False,True,False,False,False,False,True,False,False,False,False,False,True,0.7492457523687547,-1.467986457735052,-0.9593531406776384,1.1025709740754481,-1.1301776508121115,0.5997787804982646,-1.0224759490947237
ORD200586,2024-11-10,C17389,1,522.08,905 Main St,TRK98857880,5,FREESHIP,522.08,1,11,0,1,104.41600000000001,2024,False,False,True,False,False,False,False,False,True,False,False,False,True,False,False,False,False,True,False,False,True,False,False,False,False,False,False,-1.3829951239375826,0.8405452873558465,-0.6493591685844623,-0.2126230307859216,-0.6701819319875205,1.4972033897226007,0.30974027122426084
ORD200587,2023-06-12,C18820,5,514.6,347 Main St,TRK91547425,10,FREESHIP,2573.0,0,6,1,1,257.3,2023,False,False,True,False,False,False,False,False,True,False,True,False,False,False,False,False,True,False,True,False,False,False,False,False,False,False,False,1.4599927111375337,0.8025940402057807,1.8560508142549788,1.9793669773163614,0.322057831497704,0.0014957076820405282,-1.0224759490947237
ORD200588,2024-12-10,C61849,4,577.82,811 Main St,TRK47613918,9,None,2311.28,0,12,1,0,256.80888888888893,2024,False,False,True,False,False,False,True,False,False,False,True,False,False,False,False,True,False,False,False,False,False,False,True,False,True,False,False,0.7492457523687547,1.1233531103698393,1.5363328824445044,1.5409689756959049,0.31887044777714574,1.7963449261307127,0.30974027122426084
ORD200589,2025-02-10,C84041,2,500.8,900 Main St,TRK84920444,3,FREESHIP,1001.6,0,2,1,1,333.8666666666667,2025,False,True,False,False,False,False,False,False,False,False,True,False,False,False,False,False,False,True,True,False,False,False,False,False,False,False,False,-0.6722481651688036,0.7325770334315952,-0.06357610782579357,-1.0894190340268348,0.8189868183386118,-1.1950704379504076,1.6419564915432456
ORD200590,2023-09-10,C55757,2,461.13,175 Main St,TRK27356242,4,None,922.26,1,9,0,0,230.565,2023,False,False,False,False,True,False,False,False,True,False,False,False,True,False,False,False,False,False,False,False,True,False,False,False,True,False,False,-0.6722481651688036,0.5313035074365271,-0.16049808822409353,-0.6510210324063782,0.14854372880038125,0.8989203169063766,-1.0224759490947237
ORD200591,2024-11-18,C18187,1,605.28,470 Main St,TRK50528185,3,FREESHIP,605.28,0,11,0,1,201.76,2024,False,True,False,False,False,False,False,False,True,False,False,False,False,True,False,False,False,True,True,False,False,False,False,False,False,False,False,-1.3829951239375826,1.262676806458182,-0.5477218006850604,-1.0894190340268348,-0.03840497994083363,1.4972033897226007,0.30974027122426084
ORD200592,2024-04-23,C42306,3,204.27,938 Main St,TRK15499648,4,None,612.8100000000001,0,4,0,0,153.20250000000001,2024,False,False,False,True,False,False,False,False,False,True,False,False,True,False,False,True,False,False,False,False,False,False,True,False,True,False,False,0.03849879359997556,-0.7719260838690731,-0.5385231302489726,-0.6510210324063782,-0.35355033403566216,-0.5967873651341835,0.30974027122426084
ORD200593,2023-08-02,C51024,1,489.8,636 Main St,TRK31375086,4,FREESHIP,489.8,0,8,0,1,122.45,2023,False,False,True,False,False,False,False,False,True,False,False,False,False,True,True,False,False,False,False,False,False,False,False,True,False,False,False,-1.3829951239375826,0.6767663758579691,-0.688792512764663,-0.6510210324063782,-0.5531386057094761,0.5997787804982646,-1.0224759490947237
ORD200594,2024-02-21,C40140,5,72.64,598 Main St,TRK12671989,7,None,363.2,0,2,0,0,51.885714285714286,2024,False,False,False,True,False,False,True,False,False,False,False,False,False,False,False,False,False,False,False,False,False,False,False,True,True,False,False,1.4599927111375337,-1.4397767071796557,-0.8434474499769741,0.6641729724549916,-1.0111112527336688,-1.1950704379504076,0.30974027122426084
ORD200595,2025-01-10,C72596,2,385.16,491 Main St,TRK83870446,7,SAVE10,770.32,0,1,0,1,110.0457142857143,2025,False,False,False,False,True,False,False,False,False,True,False,True,False,False,False,False,False,False,False,False,False,False,False,False,False,True,False,-0.6722481651688036,0.14585481144849308,-0.34610844493845805,0.6641729724549916,-0.6336442539352289,-1.4942119743585196,1.6419564915432456
ORD200596,2023-06-12,C91805,3,606.41,653 Main St,TRK34504030,7,FREESHIP,1819.23,0,6,0,1,259.89,2023,True,False,False,False,False,False,False,True,False,False,False,False,True,False,True,False,False,False,True,False,False,False,False,False,False,False,False,0.03849879359997556,1.2684100830998362,0.9352431363519472,0.6641729724549916,0.3388673144221873,0.0014957076820405282,-1.0224759490947237
ORD200597,2024-11-25,C40538,2,211.82,700 Main St,TRK29821356,4,WINTER15,423.64,0,11,0,1,105.91,2024,True,False,False,False,False,False,False,False,True,False,False,False,False,False,False,False,False,False,True,False,False,False,False,False,False,False,True,-0.6722481651688036,-0.7336196779889935,-0.7696137658923605,-0.6510210324063782,-0.660485651103668,1.4972033897226007,0.30974027122426084
ORD200598,2024-04-26,C60329,5,495.35,826 Main St,TRK59069987,5,None,2476.75,0,4,0,0,495.35,2024,True,False,False,False,False,False,True,False,False,False,False,True,False,False,True,False,False,False,False,False,False,False,False,False,True,False,False,1.4599927111375337,0.7049253894519351,1.7384715274723173,-0.2126230307859216,1.8670375265453067,-0.5967873651341835,0.30974027122426084
ORD200599,2023-06-30,C28740,3,556.99,123 Main St,TRK33642221,4,FREESHIP,1670.97,0,6,0,1,417.7425,2023,False,False,False,False,False,False,False,False,False,True,False,False,False,False,True,False,False,False,False,False,False,False,False,False,False,False,False,0.03849879359997556,1.0176680197099635,0.7541282786023639,-0.6510210324063782,1.3633533774866768,0.0014957076820405282,-1.0224759490947237
ORD200600,2023-05-26,C87051,1,72.31,460 Main St,TRK82056333,1,FREESHIP,72.31,0,5,0,1,72.31,2023,False,False,False,False,True,False,False,False,True,False,False,False,False,False,True,False,False,False,False,False,False,False,False,False,False,False,False,-1.3829951239375826,-1.4414510269068643,-1.1987995407012175,-1.966215037267748,-0.8785546187726427,-0.29764582872607154,-1.0224759490947237
ORD200601,2023-10-02,C12479,5,24.82,529 Main St,TRK73935314,10,None,124.1,0,10,0,0,12.41,2023,False,False,True,False,False,False,True,False,False,False,False,False,False,True,False,False,False,True,True,False,False,False,False,False,True,False,False,1.4599927111375337,-1.6824008567406374,-1.1355327223897989,1.9793669773163614,-1.2673144748253686,1.1980618533144887,-1.0224759490947237
ORD200602,2024-03-05,C35852,4,26.04,982 Main St,TRK64660134,5,SAVE10,104.16,0,3,0,1,20.832,2024,False,False,False,False,False,True,False,False,False,True,False,True,False,False,False,False,True,False,False,False,False,False,True,False,False,True,False,0.7492457523687547,-1.6762109474461078,-1.1598914858022276,-0.2126230307859216,-1.2126544496554845,-0.8959289015422955,0.30974027122426084
ORD200603,2024-10-04,C26223,1,657.07,800 Main St,TRK50900547,4,SAVE10,657.07,0,10,0,1,164.2675,2024,False,False,False,False,False,True,False,False,False,False,False,True,False,False,False,True,False,False,False,False,False,False,False,False,False,True,False,-1.3829951239375826,1.5254435297071,-0.48445498237364165,-0.6510210324063782,-0.2817368481053882,1.1980618533144887,0.30974027122426084
ORD200604,2025-06-22,C99214,3,32.62,252 Main St,TRK81368481,6,None,97.85999999999999,1,6,1,0,16.31,2025,False,False,False,False,False,False,False,True,False,False,True,False,False,False,True,False,False,False,False,False,True,False,False,False,True,False,False,0.03849879359997556,-1.6428260268247934,-1.1675875845734562,0.22577497083453502,-1.242002898220934,0.0014957076820405282,1.6419564915432456
ORD200605,2024-05-10,C49605,2,228.91,892 Main St,TRK95620066,4,SAVE10,457.82,0,5,0,1,114.455,2024,False,False,True,False,False,False,False,True,False,False,False,False,False,True,False,False,False,True,False,False,False,False,False,False,False,True,False,-0.6722481651688036,-0.6469102109041507,-0.7278593760509957,-0.6510210324063782,-0.605027337748567,-0.29764582872607154,0.30974027122426084
ORD200606,2024-11-06,C85018,3,274.75,783 Main St,TRK54128886,3,SAVE10,824.25,0,11,0,1,274.75,2024,False,True,False,False,False,False,False,False,False,False,False,False,False,False,False,True,False,False,False,False,False,False,False,True,False,True,False,0.03849879359997556,-0.41433197970642155,-0.28022739625078086,-1.0894190340268348,0.43531091143293044,1.4972033897226007,0.30974027122426084
ORD200607,2025-05-31,C96434,4,634.05,282 Main St,TRK56730647,6,SAVE10,2536.2,1,5,0,1,422.7,2025,False,False,False,False,True,False,False,False,False,False,False,False,False,True,False,True,False,False,False,True,False,False,False,False,False,True,False,0.7492457523687547,1.4086470444939294,1.8110958246071662,0.22577497083453502,1.3955282854396214,-0.29764582872607154,1.6419564915432456
ORD200608,2024-07-24,C32956,5,543.16,788 Main St,TRK73140103,6,SAVE10,2715.8,0,7,0,1,452.6333333333334,2024,False,True,False,False,False,False,False,False,False,True,False,False,False,False,False,False,True,False,False,False,False,False,False,True,False,True,False,1.4599927111375337,0.9474988020514861,2.030495719736164,0.22577497083453502,1.5898000443351965,0.3006372440901526,0.30974027122426084
ORD200609,2025-01-27,C41137,3,449.13,809 Main St,TRK52732162,5,WINTER15,1347.39,0,1,0,1,269.478,2025,False,False,False,False,False,False,False,False,False,False,False,False,True,False,False,False,False,True,True,False,False,False,False,False,False,False,True,0.03849879359997556,0.47041915371984405,0.3588419864763004,-0.2126230307859216,0.4010948519820128,-1.4942119743585196,1.6419564915432456
ORD200610,2024-06-16,C60361,5,389.62,623 Main St,TRK83566924,7,FREESHIP,1948.1,1,6,0,1,278.3,2024,True,False,False,False,False,False,False,False,False,False,False,False,True,False,True,False,False,False,False,False,True,False,False,False,False,False,False,1.4599927111375337,0.16848349624652684,1.0926711123278599,0.6641729724549916,0.45835093629081325,0.0014957076820405282,0.30974027122426084
ORD200611,2023-04-21,C36688,1,305.17,700 Main St,TRK35720426,3,WINTER15,305.17,0,4,0,1,101.72333333333334,2023,True,False,False,False,False,False,False,False,True,False,False,False,True,False,False,False,False,True,False,False,False,False,False,False,False,False,True,-1.3829951239375826,-0.25999014303463,-0.9143370708808478,-1.0894190340268348,-0.6876577367576592,-0.5967873651341835,-1.0224759490947237
ORD200612,2023-06-02,C51811,3,445.12,339 Main St,TRK82377939,8,None,1335.36,0,6,0,0,166.92,2023,False,False,False,False,False,False,False,False,True,False,False,False,False,False,False,True,False,False,False,False,False,False,False,False,True,False,False,0.03849879359997556,0.45007363218618585,0.3441461026321919,1.1025709740754481,-0.2645217309404492,0.0014957076820405282,-1.0224759490947237
ORD200613,2024-12-19,C62405,2,230.36,154 Main St,TRK14721763,4,WINTER15,460.72,0,12,0,1,115.18,2024,False,True,False,False,False,False,False,False,False,True,False,False,True,False,False,False,False,False,False,False,False,True,False,False,False,False,True,-0.6722481651688036,-0.6395533514967181,-0.7243167274102712,-0.6510210324063782,-0.6003219805592811,1.7963449261307127,0.30974027122426084
ORD200614,2024-03-08,C77363,1,96.81,807 Main St,TRK12439827,3,None,96.81,0,3,0,0,32.27,2024,False,False,False,True,False,False,False,False,True,False,False,False,False,False,False,False,False,True,False,False,False,False,False,False,True,False,False,-1.3829951239375826,-1.3171454714019697,-1.1688702677019946,-1.0894190340268348,-1.138420138578171,-0.8959289015422955,0.30974027122426084
ORD200615,2025-03-07,C97218,5,460.14,252 Main St,TRK52632065,10,WINTER15,2300.7,0,3,0,1,230.07,2025,False,False,True,False,False,False,True,False,False,False,False,False,True,False,True,False,False,False,False,False,False,False,False,False,False,False,True,1.4599927111375337,0.5262805482549007,1.523408322920758,1.9793669773163614,0.14533110561597223,-0.8959289015422955,1.6419564915432456
ORD200616,2024-10-17,C43919,3,601.6,984 Main St,TRK73113192,7,SAVE10,1804.8,0,10,0,1,257.8285714285714,2024,False,False,False,False,False,True,True,False,False,False,False,False,False,False,True,False,False,False,False,False,False,True,False,False,False,True,False,0.03849879359997556,1.2440056046517327,0.9176154053568947,0.6641729724549916,0.3254883382169862,1.1980618533144887,0.30974027122426084
ORD200617,2024-02-08,C57093,3,184.47,834 Main St,TRK75469057,4,None,553.41,0,2,0,0,138.3525,2024,False,False,False,False,False,True,False,False,False,True,False,False,False,False,False,False,False,True,False,False,False,True,False,False,True,False,False,0.03849879359997556,-0.8723852675016002,-0.6110863472348438,-0.6510210324063782,-0.4499290295679324,-1.1950704379504076,0.30974027122426084
ORD200618,2024-09-03,C50565,1,411.34,399 Main St,TRK97981418,5,None,411.34,0,9,0,0,82.268,2024,False,False,False,False,False,True,False,True,False,False,False,False,True,False,False,False,True,False,False,False,False,False,True,False,True,False,False,-1.3829951239375826,0.27868417647372296,-0.7846394825409501,-0.2126230307859216,-0.8139257265093197,0.8989203169063766,0.30974027122426084
ORD200619,2024-07-16,C38845,1,532.89,764 Main St,TRK47637374,2,None,532.89,0,7,0,0,266.445,2024,False,True,False,False,False,False,False,False,True,False,False,True,False,False,False,False,False,True,False,False,False,False,True,False,True,False,False,-1.3829951239375826,0.8953919426622916,-0.6361536403754174,-1.5278170356472913,0.3814102335611793,0.3006372440901526,0.30974027122426084
ORD200620,2024-03-27,C84834,3,136.34,866 Main St,TRK90136001,8,SAVE10,409.02,0,3,0,1,51.1275,2024,False,False,False,False,False,True,False,True,False,False,False,False,True,False,False,False,False,True,False,False,False,False,False,True,False,True,False,0.03849879359997556,-1.1165822628669297,-0.7874736014535295,1.1025709740754481,-1.0160321755478825,-0.8959289015422955,0.30974027122426084
ORD200621,2023-10-22,C37455,5,476.01,146 Main St,TRK82685594,7,WINTER15,2380.05,1,10,1,1,340.00714285714287,2023,False,False,False,True,False,False,True,False,False,False,True,False,False,False,False,True,False,False,False,False,True,False,False,False,False,False,True,1.4599927111375337,0.6068001060452141,1.6203425193488539,0.6641729724549916,0.858839416667572,1.1980618533144887,-1.0224759490947237
ORD200622,2024-11-02,C27078,5,236.38,128 Main St,TRK89314307,7,None,1181.9,1,11,0,0,168.84285714285716,2024,True,False,False,False,False,False,True,False,False,False,False,False,True,False,True,False,False,False,False,True,False,False,False,False,True,False,False,1.4599927111375337,-0.6090097007155155,0.15667890938889614,0.6641729724549916,-0.25204210379408676,1.4972033897226007,0.30974027122426084
ORD200623,2023-06-16,C91941,3,396.0,269 Main St,TRK21330732,4,FREESHIP,1188.0,0,6,0,1,297.0,2023,False,False,False,False,True,False,False,False,True,False,False,False,False,False,False,False,True,False,False,False,False,False,False,False,False,False,False,0.03849879359997556,0.20085367763922995,0.16413068756421276,-0.6510210324063782,0.5797167010351533,0.0014957076820405282,-1.0224759490947237
ORD200624,2024-01-16,C25967,5,341.96,747 Main St,TRK88559278,6,None,1709.8,0,1,1,0,284.96666666666664,2024,False,False,False,False,False,True,False,True,False,False,True,False,False,False,False,False,False,False,False,False,False,False,True,False,True,False,False,1.4599927111375337,-0.07332886193156608,0.8015631222986833,0.22577497083453502,0.5016185886060858,-1.4942119743585196,0.30974027122426084
ORD200625,2023-09-24,C22123,1,672.89,519 Main St,TRK43250279,1,WINTER15,672.89,1,9,0,1,672.89,2023,False,False,False,False,False,True,True,False,False,False,False,True,False,False,False,False,False,False,False,False,True,False,False,False,False,False,True,-1.3829951239375826,1.6057094026902603,-0.4651292232370006,-1.966215037267748,3.0192983753533356,0.8989203169063766,-1.0224759490947237
ORD200626,2024-03-01,C45671,2,657.48,769 Main St,TRK18179773,5,SAVE10,1314.96,0,3,0,1,262.992,2024,False,False,False,False,False,True,False,False,False,True,False,False,False,True,False,False,False,True,False,False,False,False,False,False,False,True,False,-0.6722481651688036,1.5275237451257533,0.31922540184916565,-0.2126230307859216,0.35899975304448395,-0.8959289015422955,0.30974027122426084
ORD200627,2023-08-06,C53334,3,498.68,879 Main St,TRK31724421,4,FREESHIP,1496.04,1,8,0,1,374.01,2023,False,False,False,False,False,False,False,False,False,True,False,False,True,False,False,False,False,False,False,False,True,False,False,False,False,False,False,0.03849879359997556,0.7218207976083145,0.540433269387912,-0.6510210324063782,1.0795229867550267,0.5997787804982646,-1.0224759490947237
ORD200628,2023-03-26,C18717,5,558.63,861 Main St,TRK58568806,8,FREESHIP,2793.15,1,3,0,1,349.14375,2023,False,False,False,False,True,False,False,False,False,False,False,True,False,False,False,False,False,True,False,False,True,False,False,False,False,False,False,1.4599927111375337,1.0259888813845768,2.1249867102051394,1.1025709740754481,0.9181373478473291,-0.8959289015422955,-1.0224759490947237
ORD200629,2023-07-07,C50137,3,19.73,840 Main St,TRK91836131,3,None,59.19,0,7,0,0,19.73,2023,False,False,False,True,False,False,False,False,False,True,False,True,False,False,False,False,False,True,False,False,False,False,False,False,True,False,False,0.03849879359997556,-1.708225970108797,-1.2148269717930462,-1.0894190340268348,-1.2198065925831991,0.3006372440901526,-1.0224759490947237
ORD200630,2023-06-23,C51481,5,248.84,140 Main St,TRK33437701,10,None,1244.2,0,6,0,0,124.42,2023,False,False,True,False,False,False,False,True,False,False,False,False,False,False,False,False,True,False,False,False,False,False,False,False,True,False,False,1.4599927111375337,-0.5457914467730263,0.23278477501549155,1.9793669773163614,-0.540353014450313,0.0014957076820405282,-1.0224759490947237
ORD200631,2024-08-31,C99128,3,46.11,360 Main St,TRK32426808,5,WINTER15,138.33,1,8,0,1,27.666000000000004,2024,False,False,False,False,False,False,False,False,True,False,False,False,True,False,False,False,False,True,False,True,False,False,False,False,False,False,True,0.03849879359997556,-1.5743818658549555,-1.1181493119906583,-0.2126230307859216,-1.1683007792670983,0.5997787804982646,0.30974027122426084
ORD200632,2023-05-02,C67260,5,678.16,463 Main St,TRK38229104,7,WINTER15,3330.4075,0,5,1,1,475.7725,2023,False,True,False,False,False,False,False,False,True,False,True,False,False,False,True,False,False,False,False,False,False,False,True,False,False,False,True,1.4599927111375337,1.6324477813641702,2.7813020729961604,0.6641729724549916,1.7399766570649686,-0.29764582872607154,-1.0224759490947237
ORD200633,2024-04-10,C79533,5,601.72,921 Main St,TRK54711422,5,WINTER15,3008.6,0,4,0,1,601.72,2024,False,True,False,False,False,False,False,False,True,False,False,False,False,False,False,False,True,False,False,False,False,False,False,True,False,False,True,1.4599927111375337,1.2446144481888997,2.388181072151367,-0.2126230307859216,2.5573945530616413,-0.5967873651341835,0.30974027122426084
ORD200634,2024-04-25,C66906,2,259.32,117 Main St,TRK31633755,2,WINTER15,518.64,0,4,1,1,259.32,2024,False,False,False,False,True,False,False,False,True,False,True,False,False,False,False,False,False,True,False,False,False,True,False,False,False,False,True,-0.6722481651688036,-0.4926191111937898,-0.6535614828341492,-1.5278170356472913,0.3351679301492315,-0.5967873651341835,0.30974027122426084
ORD200635,2023-12-13,C12818,3,63.68,434 Main St,TRK40879983,6,None,191.04,0,12,0,0,31.84,2023,False,False,False,False,False,False,False,False,False,False,False,False,True,False,True,False,False,False,False,False,False,False,False,True,True,False,False,0.03849879359997556,-1.4852370246214455,-1.0537586189380443,0.22577497083453502,-1.141210902152506,1.7963449261307127,-1.0224759490947237
ORD200636,2023-10-05,C60384,4,371.07,336 Main St,TRK92080037,7,WINTER15,1484.28,0,10,0,1,212.04,2023,False,True,False,False,False,False,False,False,False,False,False,False,False,False,True,False,False,False,False,False,False,True,False,False,False,False,True,0.7492457523687547,0.07436643279282092,0.5260672183482851,0.6641729724549916,0.028313739929316996,1.1980618533144887,-1.0224759490947237
ORD200637,2024-09-29,C92294,4,306.35,784 Main St,TRK23585765,7,WINTER15,1225.4,1,9,0,1,175.05714285714288,2024,False,False,False,False,False,False,False,False,True,False,False,False,False,True,False,False,False,True,False,False,True,False,False,False,False,False,True,0.7492457523687547,-0.25400318158582275,0.20981863899976136,0.6641729724549916,-0.2117104707430646,0.8989203169063766,0.30974027122426084
ORD200638,2023-10-15,C66840,4,578.27,547 Main St,TRK76929637,9,WINTER15,2313.08,1,10,1,1,257.00888888888886,2023,False,False,False,False,False,True,False,False,False,True,True,False,False,False,False,False,False,False,False,False,True,False,False,False,False,False,True,0.7492457523687547,1.1256362736342145,1.5385317678077124,1.5409689756959049,0.3201684773466035,1.1980618533144887,-1.0224759490947237
ORD200639,2023-01-20,C22534,1,529.19,391 Main St,TRK17415798,5,None,529.19,0,1,0,0,105.83800000000001,2023,False,False,False,False,False,False,False,False,False,False,False,False,False,False,False,False,False,True,False,False,False,False,False,False,True,False,False,-1.3829951239375826,0.8766192669329813,-0.6406735713997898,-0.2126230307859216,-0.6609529417486728,-1.4942119743585196,-1.0224759490947237
ORD200640,2024-02-27,C46509,2,587.49,647 Main St,TRK24241664,6,SAVE10,1174.98,0,2,0,1,195.83,2024,False,False,False,False,False,False,False,False,True,False,False,False,True,False,False,False,False,True,False,False,False,False,True,False,False,True,False,-0.6722481651688036,1.1724157520731995,0.14822541677034,0.22577497083453502,-0.07689155667526863,-1.1950704379504076,0.30974027122426084
ORD200641,2024-06-30,C71680,4,567.57,814 Main St,TRK47386650,9,WINTER15,2270.28,1,6,0,1,252.25333333333336,2024,False,False,False,False,True,False,False,True,False,False,False,True,False,False,False,True,False,False,False,False,True,False,False,False,False,False,True,0.7492457523687547,1.071347724903506,1.4862471602825396,1.5409689756959049,0.2893042186950426,0.0014957076820405282,0.30974027122426084
ORD200642,2024-04-29,C15063,5,85.22,527 Main St,TRK10329390,7,FREESHIP,426.1,0,4,0,1,60.871428571428574,2024,False,False,False,False,False,False,True,False,False,False,False,False,False,False,False,False,False,False,True,False,False,False,False,False,False,False,False,1.4599927111375337,-1.3759496096999997,-0.7666086225626426,0.6641729724549916,-0.9527926385058689,-0.5967873651341835,0.30974027122426084
ORD200643,2024-08-26,C77122,1,438.37,647 Main St,TRK75814880,4,SAVE10,438.37,0,8,0,1,109.5925,2024,False,True,False,False,False,False,False,False,False,False,False,False,False,False,False,False,False,True,True,False,False,False,False,False,False,True,False,-1.3829951239375826,0.41582618322055165,-0.7516195540034399,-0.6510210324063782,-0.6365856816560191,0.5997787804982646,0.30974027122426084
ORD200644,2023-11-15,C86524,2,366.23,961 Main St,TRK62490506,2,WINTER15,732.46,0,11,0,1,366.23,2023,False,False,False,False,False,False,False,False,False,False,False,False,False,True,False,False,False,False,False,False,False,False,False,True,False,False,True,-0.6722481651688036,0.04980974346042555,-0.3923583337446042,-1.5278170356472913,1.0290296365031035,1.4972033897226007,-1.0224759490947237
ORD200645,2023-01-02,C82990,2,150.05,727 Main St,TRK68574801,4,SAVE10,300.1,0,1,0,1,75.025,2023,False,True,False,False,False,False,True,False,False,False,False,False,False,False,True,False,False,False,True,False,False,False,False,False,False,True,False,-0.6722481651688036,-1.0470218887456193,-0.9205305979872177,-0.6510210324063782,-0.8609338673672479,-1.4942119743585196,-1.0224759490947237
ORD200646,2023-10-27,C98761,4,498.51,804 Main St,TRK43262630,4,SAVE10,1994.04,0,10,0,1,498.51,2023,False,False,False,False,False,False,False,True,False,False,False,False,False,True,False,True,False,False,False,False,False,False,False,False,False,True,False,0.7492457523687547,0.7209582692639948,1.1487915532088517,-0.6510210324063782,1.887546393742746,1.1980618533144887,-1.0224759490947237
ORD200647,2025-04-24,C54409,3,339.39,667 Main St,TRK67671316,7,FREESHIP,1018.17,0,4,0,1,145.45285714285714,2025,True,False,False,False,False,False,False,False,False,False,False,False,True,False,False,True,False,False,False,False,False,True,False,False,False,False,False,0.03849879359997556,-0.08636826101922233,-0.04333414645448246,0.6641729724549916,-0.4038466619422214,-0.5967873651341835,1.6419564915432456
ORD200648,2025-01-18,C89674,2,575.83,182 Main St,TRK45902512,3,WINTER15,1151.66,1,1,1,1,383.8866666666667,2025,False,False,True,False,False,False,False,False,False,True,True,False,False,False,False,False,False,True,False,True,False,False,False,False,False,False,True,-0.6722481651688036,1.113256455045156,0.1197376352869981,-1.0894190340268348,1.1436240136601037,-1.4942119743585196,1.6419564915432456
ORD200649,2023-12-23,C45899,2,642.98,153 Main St,TRK32932093,7,FREESHIP,1285.96,1,12,0,1,183.70857142857145,2023,False,False,True,False,False,False,False,True,False,False,False,False,True,False,False,False,False,False,False,True,False,False,False,False,False,False,False,-0.6722481651688036,1.453955151051428,0.28379891544192215,0.6641729724549916,-0.15556142022421635,1.7963449261307127,-1.0224759490947237
ORD200650,2023-05-18,C74499,2,372.23,518 Main St,TRK93767278,7,SAVE10,744.46,0,5,1,1,106.35142857142857,2023,True,False,False,False,False,False,False,False,True,False,True,False,False,False,False,False,False,False,False,False,False,True,False,False,False,True,False,-0.6722481651688036,0.08025192031876707,-0.37769909798988277,0.6641729724549916,-0.6576207144110781,-0.29764582872607154,-1.0224759490947237
ORD200651,2024-11-12,C81192,3,646.34,429 Main St,TRK76931118,5,None,1939.02,0,11,0,0,387.804,2024,False,False,False,False,False,False,False,True,False,False,False,True,False,False,False,True,False,False,False,False,False,False,True,False,True,False,False,0.03849879359997556,1.4710027700920993,1.081578957273454,-0.2126230307859216,1.1690480861605574,1.4972033897226007,0.30974027122426084
ORD200652,2024-06-05,C71473,5,341.84,328 Main St,TRK94857335,8,FREESHIP,1709.2,0,6,0,1,213.65,2024,False,False,False,False,False,False,False,False,False,True,False,False,False,True,False,False,True,False,False,False,False,False,False,True,False,False,False,1.4599927111375337,-0.07393770546873293,0.8008301605109474,1.1025709740754481,0.03876287796345546,0.0014957076820405282,0.30974027122426084
ORD200653,2024-02-25,C59338,3,690.3,747 Main St,TRK12902764,6,WINTER15,2070.9,1,2,0,1,345.15000000000003,2024,False,False,False,False,True,False,True,False,False,False,False,False,False,True,False,True,False,False,False,False,True,False,False,False,False,False,True,0.03849879359997556,1.694042452540881,1.2426839582178428,0.22577497083453502,0.8922173198822112,-1.1950704379504076,0.30974027122426084
ORD200654,2023-06-12,C62661,3,382.37,863 Main St,TRK25748100,8,None,1147.11,0,6,0,0,143.38875,2023,False,False,False,False,False,True,False,True,False,False,False,False,True,False,False,False,True,False,True,False,False,False,False,False,True,False,False,0.03849879359997556,0.13169919920936415,0.11417934172999933,1.1025709740754481,-0.41724302247201356,0.0014957076820405282,-1.0224759490947237
ORD200655,2023-03-14,C22101,2,132.6,262 Main St,TRK70711522,4,WINTER15,265.2,0,3,0,1,66.3,2023,False,False,False,False,False,False,False,True,False,False,False,False,False,False,False,False,False,False,False,False,False,False,True,False,False,False,True,-0.6722481651688036,-1.1355578864419626,-0.9631645419738658,-0.6510210324063782,-0.917560407334861,-0.8959289015422955,-1.0224759490947237
ORD200656,2024-01-18,C51404,2,189.06,835 Main St,TRK85682500,7,SAVE10,378.12,0,1,0,1,54.01714285714286,2024,False,False,True,False,False,False,False,False,True,False,False,False,False,True,True,False,False,False,False,False,False,True,False,False,False,True,False,-0.6722481651688036,-0.849097002204969,-0.8252211335219372,0.6641729724549916,-0.9972779661791572,-1.4942119743585196,0.30974027122426084
ORD200657,2023-12-24,C19384,4,87.79,532 Main St,TRK33207064,6,FREESHIP,351.16,1,12,0,1,58.52666666666667,2023,False,False,False,False,False,True,False,False,False,False,False,False,False,False,False,False,True,False,False,False,True,False,False,False,False,False,False,0.7492457523687547,-1.3629102106123432,-0.8581555498508779,0.22577497083453502,-0.9680104899344691,1.7963449261307127,-1.0224759490947237
ORD200658,2025-04-18,C86864,2,46.36,670 Main St,TRK15323191,4,SAVE10,92.72,0,4,0,1,23.18,2025,False,False,False,False,True,False,False,False,True,False,False,False,True,False,False,True,False,False,False,False,False,False,False,False,False,True,False,-0.6722481651688036,-1.5731134418191912,-1.1738666238883952,-0.6510210324063782,-1.1974155825100454,-0.5967873651341835,1.6419564915432456
ORD200659,2024-10-26,C24301,2,642.04,964 Main St,TRK55000075,4,WINTER15,1284.08,1,10,1,1,321.02,2024,False,False,False,True,False,False,False,False,True,False,True,False,False,False,False,False,False,False,False,True,False,False,False,False,False,False,True,-0.6722481651688036,1.4491858766769543,0.28150230184034897,-0.6510210324063782,0.735610052327081,1.1980618533144887,0.30974027122426084
ORD200660,2024-10-19,C43842,2,651.57,933 Main St,TRK54084424,7,WINTER15,1303.14,1,10,0,1,186.16285714285715,2024,False,False,False,False,False,False,False,True,False,False,False,False,False,True,True,False,False,False,False,True,False,False,False,False,False,False,True,-0.6722481651688036,1.497538200920287,0.3047860546307651,0.6641729724549916,-0.13963274307900814,1.1980618533144887,0.30974027122426084
ORD200661,2025-02-28,C63657,3,424.89,116 Main St,TRK86378984,6,FREESHIP,1274.67,0,2,0,1,212.44500000000002,2025,False,False,False,False,False,True,False,True,False,False,False,False,False,False,False,True,False,False,False,False,False,False,False,False,False,False,False,0.03849879359997556,0.3474327592121443,0.27000701780268843,0.22577497083453502,0.03094224980747001,-1.1950704379504076,1.6419564915432456
ORD200662,2023-01-28,C98332,3,438.89,985 Main St,TRK85744797,3,None,1316.67,1,1,0,0,438.89000000000004,2023,False,True,False,False,False,False,False,False,False,False,False,False,True,False,True,False,False,False,False,True,False,False,False,False,True,False,False,0.03849879359997556,0.41846450521494116,0.32131434294421346,-1.0894190340268348,1.5006037790872617,-1.4942119743585196,-1.0224759490947237
ORD200663,2024-04-15,C59774,1,72.6,941 Main St,TRK87635135,6,FREESHIP,72.6,0,4,0,1,12.1,2024,False,False,True,False,False,False,False,True,False,False,False,False,False,False,False,False,True,False,True,False,False,False,False,False,False,False,False,-1.3829951239375826,-1.439979655025378,-1.1984452758371449,0.22577497083453502,-1.2693264206580288,-0.5967873651341835,0.30974027122426084
ORD200664,2024-12-19,C14847,4,194.75,188 Main St,TRK46492755,5,None,779.0,0,12,0,0,155.8,2024,False,True,False,False,False,False,False,False,False,False,False,False,False,True,True,False,False,False,False,False,False,True,False,False,True,False,False,0.7492457523687547,-0.8202276711509751,-0.3355049310758763,-0.2126230307859216,-0.336692175002324,1.7963449261307127,0.30974027122426084
ORD200665,2023-05-02,C83653,4,231.26,253 Main St,TRK32619935,6,WINTER15,925.04,0,5,0,1,154.17333333333332,2023,False,False,False,False,False,True,False,False,False,True,False,False,False,True,False,True,False,False,False,False,False,False,True,False,False,False,True,0.7492457523687547,-0.634987024967967,-0.15710203194091643,0.22577497083453502,-0.34724948216725077,-0.29764582872607154,-1.0224759490947237
ORD200666,2024-08-31,C35711,4,327.12,788 Main St,TRK45281495,4,None,1308.48,1,8,0,0,327.12,2024,False,False,True,False,False,False,True,False,False,False,False,False,False,False,False,False,False,False,False,True,False,False,False,False,True,False,False,0.7492457523687547,-0.14862251269453064,0.31130941454161604,-0.6510210324063782,0.7751999541955558,0.5997787804982646,0.30974027122426084
ORD200667,2023-05-03,C10477,1,466.42,172 Main St,TRK41505339,5,SAVE10,466.42,0,5,0,1,93.284,2023,False,True,False,False,False,False,False,False,True,False,False,True,False,False,False,False,False,False,False,False,False,False,False,True,False,True,False,-1.3829951239375826,0.5581433600332983,-0.7173535904267785,-0.2126230307859216,-0.742430257823563,-0.29764582872607154,-1.0224759490947237
ORD200668,2024-07-05,C61257,2,253.67,981 Main St,TRK25226070,3,WINTER15,507.34,0,7,0,1,169.11333333333332,2024,False,False,True,False,False,False,False,False,False,False,False,False,True,False,True,False,False,False,False,False,False,False,False,False,False,False,True,-0.6722481651688036,-0.5212854944020615,-0.6673655965031786,-1.0894190340268348,-0.25028667332872445,0.3006372440901526,0.30974027122426084
ORD200669,2023-02-05,C60547,1,257.0,812 Main St,TRK65694249,5,None,257.0,1,2,0,0,51.4,2023,True,False,False,False,False,False,False,True,False,False,False,False,False,False,False,False,False,True,False,False,True,False,False,False,True,False,False,-1.3829951239375826,-0.5043900862456818,-0.9731816864062589,-0.2126230307859216,-1.0142636102594957,-1.1950704379504076,-1.0224759490947237
ORD200670,2024-04-18,C14576,4,539.2,747 Main St,TRK21637540,8,FREESHIP,2156.8,0,4,0,1,269.6,2024,True,False,False,False,False,False,True,False,False,False,False,True,False,False,False,True,False,False,False,False,False,True,False,False,False,False,False,0.7492457523687547,0.927406965324981,1.347619654162057,1.1025709740754481,0.40188665001938234,-0.5967873651341835,0.30974027122426084
ORD200671,2023-06-15,C49282,5,50.74,737 Main St,TRK88653901,7,WINTER15,253.7,0,6,0,1,36.24285714285714,2023,False,False,False,False,False,False,False,False,True,False,False,False,False,False,False,True,False,False,False,False,False,True,False,False,False,False,True,1.4599927111375337,-1.550890652712602,-0.9772129762388072,0.6641729724549916,-1.1126357083448624,0.0014957076820405282,-1.0224759490947237
ORD200672,2023-05-09,C14017,2,624.16,984 Main St,TRK71009446,2,SAVE10,1248.32,0,5,0,1,624.16,2023,False,False,False,True,False,False,False,True,False,False,False,False,False,True,False,False,True,False,False,False,False,False,True,False,False,True,False,-0.6722481651688036,1.3584681896390964,0.23781777929127912,-1.5278170356472913,2.7030334707548493,-0.29764582872607154,-1.0224759490947237
ORD200673,2023-02-21,C46504,2,372.92,131 Main St,TRK95024356,7,SAVE10,745.84,0,2,1,1,106.54857142857144,2023,False,False,False,False,False,True,True,False,False,False,True,False,False,False,False,False,False,False,False,False,False,False,True,False,False,True,False,-0.6722481651688036,0.08375277065747633,-0.37601328587808985,0.6641729724549916,-0.6563412281211836,-1.1950704379504076,-1.0224759490947237
ORD200674,2024-01-09,C56928,4,358.75,860 Main St,TRK57792939,9,SAVE10,1435.0,0,1,1,1,159.44444444444446,2024,False,True,False,False,False,False,False,False,True,False,True,False,False,False,True,False,False,False,False,False,False,False,True,False,False,True,False,0.7492457523687547,0.0118584963103597,0.46586662351556235,1.5409689756959049,-0.3130391917366416,-1.4942119743585196,0.30974027122426084
ORD200675,2024-08-06,C97749,3,342.02,906 Main St,TRK90233116,5,None,1026.06,0,8,0,0,205.212,2024,True,False,False,False,False,False,False,True,False,False,False,True,False,False,False,False,False,False,False,False,False,False,True,False,True,False,False,0.03849879359997556,-0.07302444016298265,-0.03369569894575313,-0.2126230307859216,-0.0160009895719854,0.5997787804982646,0.30974027122426084
ORD200676,2025-06-23,C90431,2,422.34,985 Main St,TRK44151723,4,FREESHIP,844.68,0,6,0,1,211.17,2025,False,True,False,False,False,False,True,False,False,False,False,False,False,False,False,False,True,False,True,False,False,False,False,False,False,False,False,-0.6722481651688036,0.3344948340473491,-0.25527004737836767,-0.6510210324063782,0.02266731130217387,0.0014957076820405282,1.6419564915432456
ORD200677,2025-04-03,C56722,5,22.07,179 Main St,TRK78778569,7,FREESHIP,110.35,0,4,0,1,15.764285714285714,2025,False,False,False,False,False,True,False,False,False,True,False,False,False,False,False,False,True,False,False,False,False,True,False,False,False,False,False,1.4599927111375337,-1.696353521134044,-1.1523297633587504,0.6641729724549916,-1.2455446646175985,-0.5967873651341835,1.6419564915432456
ORD200678,2024-11-24,C40863,3,163.13,457 Main St,TRK20553345,5,WINTER15,489.39,1,11,0,1,97.878,2024,False,False,False,False,False,False,False,False,True,False,False,False,False,True,True,False,False,False,False,False,True,False,False,False,False,False,True,0.03849879359997556,-0.9806579431944349,-0.6892933699862827,-0.2126230307859216,-0.7126145186131085,1.4972033897226007,0.30974027122426084
ORD200679,2023-02-02,C40798,3,360.66,304 Main St,TRK66106697,5,FREESHIP,1081.98,0,2,0,1,216.39600000000002,2023,False,False,False,False,False,True,False,False,False,True,False,False,True,False,False,False,True,False,False,False,False,True,False,False,False,False,False,0.03849879359997556,0.021549255943598543,0.034616339671248865,-0.2126230307859216,0.05658482395211638,-1.1950704379504076,-1.0224759490947237
ORD200680,2023-08-27,C16702,3,463.39,694 Main St,TRK16953491,3,None,1390.17,1,8,0,0,463.39000000000004,2023,False,False,True,False,False,False,True,False,False,False,False,False,True,False,True,False,False,False,False,False,True,False,False,False,True,False,False,0.03849879359997556,0.5427700607198357,0.41110216194188226,-1.0894190340268348,1.659612401345889,0.5997787804982646,-1.0224759490947237
ORD200681,2024-01-30,C38262,1,155.27,548 Main St,TRK47300502,6,None,155.27,0,1,0,0,25.878333333333334,2024,False,False,False,False,False,True,False,True,False,False,False,False,False,True,False,False,False,False,False,False,False,False,True,False,True,False,False,-1.3829951239375826,-1.0205371948788622,-1.09745535751691,0.22577497083453502,-1.1799030002354387,-1.4942119743585196,0.30974027122426084
ORD200682,2023-07-23,C50274,3,509.42,449 Main St,TRK91729086,5,FREESHIP,1528.26,1,7,0,1,305.652,2023,False,False,True,False,False,False,True,False,False,False,False,False,False,False,False,True,False,False,False,False,True,False,False,False,False,False,False,0.03849879359997556,0.7763122941847458,0.5797933173893391,-0.2126230307859216,0.6358694602099142,0.3006372440901526,-1.0224759490947237
ORD200683,2025-05-18,C91591,4,652.48,887 Main St,TRK23554043,5,FREESHIP,2609.92,1,5,0,1,521.984,2025,True,False,False,False,False,False,False,False,False,False,False,True,False,False,False,False,True,False,False,False,True,False,False,False,False,False,False,0.7492457523687547,1.5021552644104688,1.9011523962603385,-0.2126230307859216,2.039896124310053,-0.29764582872607154,1.6419564915432456
ORD200684,2024-09-22,C96583,4,34.84,288 Main St,TRK64353241,8,None,139.36,1,9,0,0,17.42,2024,False,False,False,False,True,False,True,False,False,False,False,False,False,True,False,False,False,False,False,False,True,False,False,False,True,False,False,0.7492457523687547,-1.6315624213872073,-1.1168910609217113,1.1025709740754481,-1.234798834110441,0.8989203169063766,0.30974027122426084
ORD200685,2025-02-07,C64579,1,234.37,638 Main St,TRK10276565,5,FREESHIP,234.37,0,2,0,1,46.874,2025,True,False,False,False,False,False,False,True,False,False,False,False,False,True,False,False,False,False,False,False,False,False,False,False,False,False,False,-1.3829951239375826,-0.6192078299630599,-1.0008265618337044,-0.2126230307859216,-1.0436380194163344,-1.1950704379504076,1.6419564915432456
ORD200686,2023-10-09,C41903,3,53.6,525 Main St,TRK59112382,4,WINTER15,160.8,0,10,0,1,40.2,2023,True,False,False,False,False,False,False,False,False,False,False,True,False,False,True,False,False,False,True,False,False,False,False,False,False,False,True,0.03849879359997556,-1.536379881743459,-1.0906998930399425,-0.6510210324063782,-1.086953266149154,1.1980618533144887,-1.0224759490947237
ORD200687,2023-09-13,C19742,1,332.09,408 Main St,TRK68845230,5,FREESHIP,332.09,0,9,0,1,66.41799999999999,2023,False,False,False,False,False,True,False,False,True,False,False,False,True,False,False,False,True,False,False,False,False,False,False,True,False,False,False,-1.3829951239375826,-0.1234062428635379,-0.8814515186710896,-0.2126230307859216,-0.9167945698888808,0.8989203169063766,-1.0224759490947237
ORD200688,2024-03-06,C20077,4,593.22,154 Main St,TRK36415742,8,WINTER15,2372.88,0,3,0,1,296.61,2024,False,False,True,False,False,False,True,False,False,False,False,False,False,False,True,False,False,False,False,False,False,False,False,True,False,False,True,0.7492457523687547,1.2014880309729157,1.6115836259854077,1.1025709740754481,0.57718554337471,-0.8959289015422955,0.30974027122426084
ORD200689,2023-08-29,C13186,2,444.84,787 Main St,TRK56967415,7,None,889.68,0,8,0,0,127.09714285714286,2023,False,False,False,False,False,True,False,False,False,True,False,False,False,True,True,False,False,False,False,False,False,False,True,False,True,False,False,-0.6722481651688036,0.4486529972661298,-0.20029791329816227,0.6641729724549916,-0.5229779614991371,0.5997787804982646,-1.0224759490947237
ORD200690,2024-07-12,C29318,1,24.48,128 Main St,TRK88666721,1,None,24.48,0,7,0,0,24.48,2024,False,False,True,False,False,False,False,False,True,False,False,False,True,False,False,False,True,False,False,False,False,False,False,False,True,False,False,-1.3829951239375826,-1.6841259134292768,-1.2572288112135779,-1.966215037267748,-1.1889783903085673,0.3006372440901526,0.30974027122426084
ORD200691,2024-11-24,C36137,3,239.08,396 Main St,TRK57376416,8,None,717.24,1,11,0,0,89.655,2024,False,True,False,False,False,False,False,False,False,False,False,False,False,True,False,True,False,False,False,False,True,False,False,False,True,False,False,0.03849879359997556,-0.5953107211292618,-0.4109511310935093,1.1025709740754481,-0.7659830043613818,1.4972033897226007,0.30974027122426084
ORD200692,2023-01-23,C25534,5,196.84,319 Main St,TRK68347402,5,WINTER15,984.2,0,1,1,1,196.84,2023,True,False,False,False,False,False,True,False,False,False,True,False,False,False,False,False,True,False,True,False,False,False,False,False,False,False,True,1.4599927111375337,-0.8096236462119861,-0.08483199967013963,-0.2126230307859216,-0.07033650734950486,-1.4942119743585196,-1.0224759490947237
ORD200693,2025-03-12,C62070,1,176.58,674 Main St,TRK10267127,4,None,176.58,0,3,0,0,44.145,2025,False,False,True,False,False,False,False,True,False,False,False,False,True,False,False,False,False,True,False,False,False,False,False,True,True,False,False,-1.3829951239375826,-0.9124167300703192,-1.0714229980224836,-0.6510210324063782,-1.0613496328915912,-0.8959289015422955,1.6419564915432456
ORD200694,2023-10-02,C92049,4,666.52,619 Main St,TRK32287092,8,FREESHIP,2666.08,0,10,0,1,333.26,2023,False,False,False,False,True,False,False,False,False,False,False,False,False,True,False,False,False,False,True,False,False,False,False,False,False,False,False,0.7492457523687547,1.5733899582589876,1.9697576195924347,1.1025709740754481,0.8150494619779218,1.1980618533144887,-1.0224759490947237
ORD200695,2024-11-23,C52604,5,101.3,553 Main St,TRK48839788,7,FREESHIP,506.5,1,11,0,1,72.35714285714286,2024,False,False,False,False,True,False,False,False,False,True,False,False,False,True,False,False,False,False,False,True,False,False,False,False,False,False,False,1.4599927111375337,-1.2943645757196443,-0.668391743006009,0.6641729724549916,-0.8782486546598418,1.4972033897226007,0.30974027122426084
ORD200696,2023-07-02,C22429,4,151.2,965 Main St,TRK38572927,9,WINTER15,604.8,1,7,0,1,67.19999999999999,2023,False,False,False,False,False,False,False,False,True,False,False,True,False,False,True,False,False,False,False,False,True,False,False,False,False,False,True,0.7492457523687547,-1.041187138181104,-0.5483081701152492,1.5409689756959049,-0.9117192742722994,0.3006372440901526,-1.0224759490947237
ORD200697,2025-02-04,C27430,5,94.85,788 Main St,TRK45025840,6,WINTER15,474.25,0,2,0,1,79.04166666666667,2025,False,False,False,False,True,False,False,False,False,False,False,False,False,True,False,False,False,False,False,False,False,False,True,False,False,False,True,1.4599927111375337,-1.3270899158423615,-0.7077884390968229,0.22577497083453502,-0.8348651068472959,-1.1950704379504076,1.6419564915432456
ORD200698,2023-01-04,C44366,2,388.22,169 Main St,TRK48658394,2,WINTER15,776.44,0,1,1,1,388.22,2023,False,True,False,False,False,False,False,False,False,False,True,False,False,False,False,False,True,False,False,False,False,False,False,True,False,False,True,-0.6722481651688036,0.16138032164624724,-0.33863223470355014,-1.5278170356472913,1.171747987665031,-1.4942119743585196,-1.0224759490947237
ORD200699,2023-11-13,C36813,3,614.15,897 Main St,TRK84088900,3,None,1842.45,0,11,0,0,614.15,2023,False,True,False,False,False,False,False,False,True,False,False,False,False,False,True,False,False,False,True,False,False,False,False,False,True,False,False,0.03849879359997556,1.3076804912470967,0.9636087575373333,-1.0894190340268348,2.6380670908034674,1.4972033897226007,-1.0224759490947237
ORD200700,2024-09-25,C40201,2,92.91,555 Main St,TRK30198779,3,WINTER15,185.82,0,9,0,1,61.94,2024,False,True,False,False,False,False,False,False,False,False,False,False,True,False,False,False,True,False,False,False,False,False,False,True,False,False,True,-0.6722481651688036,-1.3369328863598917,-1.0601353864913483,-1.0894190340268348,-0.9458574519490495,0.8989203169063766,0.30974027122426084
ORD200701,2024-06-23,C75456,3,92.22,115 Main St,TRK90519490,5,FREESHIP,276.66,1,6,1,1,55.33200000000001,2024,False,False,True,False,False,False,True,False,False,False,True,False,False,False,False,False,False,False,False,False,True,False,False,False,False,False,False,0.03849879359997556,-1.3404337366986012,-0.9491649718281068,-0.2126230307859216,-0.9887443489239479,0.0014957076820405282,0.30974027122426084
ORD200702,2024-06-09,C33315,3,562.55,154 Main St,TRK43589369,6,None,1687.65,1,6,0,0,281.27500000000003,2024,False,False,False,False,True,False,False,True,False,False,False,False,True,False,False,False,False,False,False,False,True,False,False,False,True,False,False,0.03849879359997556,1.0458777702653597,0.7745046163014268,0.22577497083453502,0.47765912613650385,0.0014957076820405282,0.30974027122426084
ORD200703,2023-03-22,C89336,1,92.79,799 Main St,TRK47665103,3,WINTER15,92.79,0,3,0,1,30.930000000000003,2023,True,False,False,False,False,False,False,False,False,False,False,True,False,False,False,False,False,False,False,False,False,False,False,True,False,False,True,-1.3829951239375826,-1.3375417298970584,-1.1737811116798262,-1.0894190340268348,-1.1471169366935408,-0.8959289015422955,-1.0224759490947237
ORD200704,2023-06-03,C96034,4,30.27,819 Main St,TRK87261034,9,FREESHIP,121.08,1,6,1,1,13.453333333333333,2023,True,False,False,False,False,False,False,False,False,True,True,False,False,False,False,True,False,False,False,True,False,False,False,False,False,False,False,0.7492457523687547,-1.6547492127609773,-1.1392219633880702,1.5409689756959049,-1.2605430872380285,0.0014957076820405282,-1.0224759490947237
ORD200705,2025-03-30,C50114,2,49.08,420 Main St,TRK20214786,7,FREESHIP,98.16,1,3,0,1,14.022857142857143,2025,False,False,True,False,False,False,False,True,False,False,False,False,True,False,False,False,True,False,False,False,True,False,False,False,False,False,False,-0.6722481651688036,-1.5593129883100767,-1.1672211036795883,0.6641729724549916,-1.2568467935116665,-0.8959289015422955,1.6419564915432456
ORD200706,2025-03-02,C85330,5,228.09,969 Main St,TRK97693301,9,FREESHIP,1140.45,1,3,0,1,126.71666666666667,2025,True,False,False,False,False,False,False,False,True,False,False,False,True,False,True,False,False,False,False,False,True,False,False,False,False,False,False,1.4599927111375337,-0.6510706417414573,0.1060434658861291,1.5409689756959049,-0.5254473082277016,-0.8959289015422955,1.6419564915432456
ORD200707,2024-11-01,C31761,4,650.04,989 Main St,TRK17628852,6,SAVE10,2600.16,0,11,0,1,433.35999999999996,2024,False,False,False,False,False,False,False,False,True,False,False,False,False,False,True,False,False,False,False,False,False,False,False,False,False,True,False,0.7492457523687547,1.4897754458214096,1.8892295511798316,0.22577497083453502,1.4647132614917424,1.4972033897226007,0.30974027122426084
ORD200708,2025-03-04,C25268,1,665.11,788 Main St,TRK20481215,3,FREESHIP,665.11,0,3,0,1,221.70333333333335,2025,False,False,False,False,True,False,False,False,False,False,False,True,False,False,False,False,True,False,False,False,False,False,True,False,False,False,False,-1.3829951239375826,1.5662360466972776,-0.4746332944179783,-1.0894190340268348,0.09103020196030502,-0.8959289015422955,1.6419564915432456
ORD200709,2024-12-07,C17132,1,386.03,855 Main St,TRK37504692,4,FREESHIP,386.03,1,12,0,1,96.5075,2024,True,False,False,False,False,False,False,False,False,True,False,True,False,False,False,True,False,False,False,True,False,False,False,False,False,False,False,-1.3829951239375826,0.15026892709295234,-0.8155582539536167,-0.6510210324063782,-0.7215092662378207,1.7963449261307127,0.30974027122426084
ORD200710,2024-07-22,C48790,5,21.54,113 Main St,TRK19086608,10,None,107.7,0,7,0,0,10.77,2024,False,True,False,False,False,False,False,False,True,False,False,False,True,False,False,True,False,False,True,False,False,False,False,False,True,False,False,1.4599927111375337,-1.699042580089864,-1.1555670112545848,1.9793669773163614,-1.2779583172949256,0.3006372440901526,0.30974027122426084
ORD200711,2024-07-04,C61070,2,475.78,632 Main St,TRK90764894,2,WINTER15,951.56,0,7,0,1,475.78,2024,False,False,False,False,False,True,False,False,False,True,False,False,False,True,False,True,False,False,False,False,False,True,False,False,False,False,True,-0.6722481651688036,0.6056331559323108,-0.12470512092298207,-1.5278170356472913,1.7400253331738231,0.3006372440901526,0.30974027122426084
ORD200712,2024-01-09,C56969,2,68.4,993 Main St,TRK10513339,7,FREESHIP,136.8,0,1,0,1,19.542857142857144,2024,False,False,False,False,False,True,False,False,True,False,False,True,False,False,False,False,False,False,False,False,False,False,True,False,False,False,False,-0.6722481651688036,-1.4612891788262168,-1.1200183645493853,0.6641729724549916,-1.2210211773946207,-1.4942119743585196,0.30974027122426084
ORD200713,2025-06-21,C65056,4,532.49,638 Main St,TRK31705278,6,SAVE10,2129.96,1,6,0,1,354.99333333333334,2025,False,False,False,False,False,True,False,False,False,True,False,False,False,False,True,False,False,False,False,True,False,False,False,False,False,True,False,0.7492457523687547,0.8933624642050689,1.3148318301906634,0.22577497083453502,0.9561020085257113,0.0014957076820405282,1.6419564915432456
ORD200714,2023-04-21,C84888,1,51.73,278 Main St,TRK23612847,1,FREESHIP,51.73,0,4,0,1,51.73,2023,False,True,False,False,False,False,False,True,False,False,False,True,False,False,True,False,False,False,False,False,False,False,False,False,False,False,False,-1.3829951239375826,-1.5458676935309756,-1.2239401300205646,-1.966215037267748,-1.01212186146989,-0.5967873651341835,-1.0224759490947237
ORD200715,2024-07-26,C68266,3,653.63,281 Main St,TRK96161062,7,FREESHIP,1960.89,0,7,1,1,280.12714285714287,2024,False,False,False,False,True,False,False,False,False,True,True,False,False,False,False,False,False,False,False,False,False,False,False,False,False,False,False,0.03849879359997556,1.507990014974984,1.1082954144364339,0.6641729724549916,0.47020936357179194,0.3006372440901526,0.30974027122426084
ORD200716,2024-06-13,C84115,3,454.29,891 Main St,TRK25466842,4,WINTER15,1362.87,0,6,0,1,340.7175,2024,False,False,False,False,False,False,True,False,False,False,False,True,False,False,False,True,False,False,False,False,False,True,False,False,False,False,True,0.03849879359997556,0.49659942581801786,0.3777524005998908,-0.6510210324063782,0.8634497395490938,0.0014957076820405282,0.30974027122426084
ORD200717,2023-10-16,C50087,3,122.11,707 Main St,TRK31143760,4,WINTER15,366.33,0,10,1,1,91.5825,2023,False,False,False,False,False,False,False,False,False,True,True,False,False,False,False,False,False,False,True,False,False,False,False,False,False,False,True,0.03849879359997556,-1.1887809589826297,-0.8396238326509511,-0.6510210324063782,-0.7534732443857285,1.1980618533144887,-1.0224759490947237
ORD200718,2023-04-08,C16790,4,64.74,718 Main St,TRK91791367,8,SAVE10,258.96,1,4,0,1,32.37,2023,False,True,False,False,False,False,False,False,True,False,False,False,False,False,False,True,False,False,False,True,False,False,False,False,False,True,False,0.7492457523687547,-1.4798589067098051,-0.970787344566321,1.1025709740754481,-1.1377711237934418,-0.5967873651341835,-1.0224759490947237
ORD200719,2024-01-21,C46920,2,681.06,703 Main St,TRK86403837,3,FREESHIP,1362.12,1,1,0,1,454.03999999999996,2024,False,True,False,False,False,False,False,True,False,False,False,False,False,True,True,False,False,False,False,False,True,False,False,False,False,False,False,-0.6722481651688036,1.6471615001790352,0.3768361983652207,-1.0894190340268348,1.5989295189737185,-1.4942119743585196,0.30974027122426084
ORD200720,2023-09-21,C12740,5,128.95,305 Main St,TRK98506513,10,FREESHIP,644.75,0,9,0,1,64.475,2023,True,False,False,False,False,False,False,False,False,False,False,True,False,False,False,False,True,False,False,False,False,True,False,False,False,False,False,1.4599927111375337,-1.1540768773641203,-0.4995051310818224,1.9793669773163614,-0.9294049271561671,0.8989203169063766,-1.0224759490947237
ORD200721,2024-03-18,C46557,2,118.59,890 Main St,TRK56110689,2,None,237.18,0,3,1,0,118.59,2024,True,False,False,False,False,False,True,False,False,False,True,False,False,False,False,False,False,False,True,False,False,False,False,False,True,False,False,-0.6722481651688036,-1.20664036940619,-0.9973938574611404,-1.5278170356472913,-0.578190576400019,-0.8959289015422955,0.30974027122426084
ORD200722,2024-11-15,C58156,1,95.1,516 Main St,TRK49719458,1,WINTER15,95.1,0,11,0,1,95.1,2024,False,False,False,False,True,False,False,False,True,False,False,True,False,False,False,False,True,False,False,False,False,False,False,False,False,False,True,-1.3829951239375826,-1.3258214918065974,-1.1709592087970422,-1.966215037267748,-0.7306441493328828,1.4972033897226007,0.30974027122426084
ORD200723,2023-12-09,C14455,3,54.95,385 Main St,TRK50933724,8,SAVE10,164.85,1,12,0,1,20.60625,2023,True,False,False,False,False,False,False,False,False,False,False,False,True,False,False,False,False,True,False,True,False,False,False,False,False,True,False,0.03849879359997556,-1.5295303919503325,-1.085752400972724,1.1025709740754481,-1.2141196005320105,1.7963449261307127,-1.0224759490947237
ORD200724,2024-10-18,C63150,3,136.97,326 Main St,TRK19348078,4,FREESHIP,410.91,0,10,0,1,102.7275,2024,False,False,False,False,True,False,True,False,False,False,False,False,True,False,False,False,False,True,False,False,False,False,False,False,False,False,False,0.03849879359997556,-1.113385834296804,-0.7851647718221607,-0.6510210324063782,-0.6811405466276712,1.1980618533144887,0.30974027122426084
ORD200725,2023-03-12,C95269,2,194.85,372 Main St,TRK45670926,5,None,389.7,1,3,0,0,77.94,2023,False,False,False,False,False,False,False,False,True,False,False,False,True,False,False,False,False,True,False,False,True,False,False,False,True,False,False,-0.6722481651688036,-0.8197203015366694,-0.8110749710186309,-0.2126230307859216,-0.8420150863923949,-0.8959289015422955,-1.0224759490947237
ORD200726,2024-10-25,C18105,4,583.02,338 Main St,TRK94006117,4,FREESHIP,2332.08,0,10,1,1,583.02,2024,False,True,False,False,False,False,False,False,False,True,True,False,False,False,True,False,False,False,False,False,False,False,False,False,False,False,False,0.7492457523687547,1.149736330313735,1.5617422244193546,-0.6510210324063782,2.436028788317301,1.1980618533144887,0.30974027122426084
ORD200727,2024-09-29,C29063,5,95.75,379 Main St,TRK92745947,8,SAVE10,478.75,1,9,0,1,59.84375,2024,False,False,False,False,False,False,False,False,False,True,False,False,False,True,False,False,True,False,False,False,True,False,False,False,False,True,False,1.4599927111375337,-1.32252358931361,-0.7022912256888023,1.1025709740754481,-0.959462424373933,0.8989203169063766,0.30974027122426084
ORD200728,2024-07-29,C10154,4,325.76,827 Main St,TRK79793300,8,WINTER15,1303.04,0,7,0,1,162.88,2024,True,False,False,False,False,False,False,False,True,False,False,False,False,True,False,False,False,False,True,False,False,False,False,False,False,False,True,0.7492457523687547,-0.15552273944908812,0.3046638943328089,1.1025709740754481,-0.2907419282435044,0.3006372440901526,0.30974027122426084
ORD200729,2023-09-08,C36997,4,186.41,819 Main St,TRK92794872,6,SAVE10,745.64,0,9,0,1,124.27333333333333,2023,False,False,False,True,False,False,False,False,True,False,False,True,False,False,False,True,False,False,False,False,False,False,False,False,False,True,False,0.7492457523687547,-0.8625422969840698,-0.3762576064740019,0.22577497083453502,-0.5413049028012491,0.8989203169063766,-1.0224759490947237
ORD200730,2025-02-22,C77357,1,474.6,407 Main St,TRK91943923,4,SAVE10,474.6,1,2,1,1,118.65,2025,False,False,False,True,False,False,False,True,False,False,True,False,False,False,False,False,False,False,False,True,False,False,False,False,False,True,False,-1.3829951239375826,0.599646194483504,-0.7073608780539767,-0.6510210324063782,-0.5778011675291816,-1.1950704379504076,1.6419564915432456
ORD200731,2024-06-07,C71310,5,584.46,308 Main St,TRK48292586,8,None,2922.3,0,6,0,0,365.2875,2024,False,False,False,False,True,False,True,False,False,False,False,False,True,False,False,False,False,False,False,False,False,False,False,False,True,False,False,1.4599927111375337,1.1570424527597372,2.282756735015329,1.1025709740754481,1.0229126721570319,0.0014957076820405282,0.30974027122426084
ORD200732,2025-03-07,C80987,1,132.05,787 Main St,TRK42187776,2,None,132.05,0,3,1,0,66.025,2025,False,True,False,False,False,False,False,False,False,True,True,False,False,False,False,True,False,False,False,False,False,False,False,False,True,False,False,-1.3829951239375826,-1.138348419320644,-1.125820978702296,-1.5278170356472913,-0.9193451979928661,-0.8959289015422955,1.6419564915432456
ORD200733,2023-12-04,C90757,4,494.84,694 Main St,TRK87991608,8,SAVE10,1979.36,0,12,0,1,247.42,2023,False,False,False,False,False,True,False,False,False,False,False,False,True,False,False,False,False,False,True,False,False,False,False,False,False,True,False,0.7492457523687547,0.7023378044189758,1.130858421468909,1.1025709740754481,0.2579351707664696,1.7963449261307127,-1.0224759490947237
ORD200734,2024-01-23,C51898,4,224.61,630 Main St,TRK19767885,6,WINTER15,898.44,0,1,0,1,149.74,2024,False,False,False,False,True,False,True,False,False,False,False,False,True,False,True,False,False,False,False,False,False,False,True,False,False,False,True,0.7492457523687547,-0.6687271043192954,-0.1895966711972155,0.22577497083453502,-0.376022470956907,-1.4942119743585196,0.30974027122426084
ORD200735,2024-06-28,C94508,4,44.07,359 Main St,TRK13443264,6,None,176.28,0,6,0,0,29.38,2024,False,False,True,False,False,False,False,True,False,False,False,True,False,False,False,False,False,False,False,False,False,False,False,False,True,False,False,0.7492457523687547,-1.5847322059867917,-1.0717894789163518,0.22577497083453502,-1.1571766658568419,0.0014957076820405282,0.30974027122426084
ORD200736,2024-02-09,C59441,5,418.53,696 Main St,TRK66186874,6,FREESHIP,2092.65,0,2,0,1,348.77500000000003,2024,False,False,True,False,False,False,True,False,False,False,False,True,False,False,False,True,False,False,False,False,False,False,False,False,False,False,False,1.4599927111375337,0.3151640517423022,1.2692538230232753,0.22577497083453502,0.9157441058286407,-1.1950704379504076,0.30974027122426084
ORD200737,2024-01-03,C91029,4,532.87,972 Main St,TRK25501930,9,FREESHIP,2131.48,0,1,0,1,236.8311111111111,2024,False,False,False,True,False,False,False,False,False,False,False,True,False,False,False,False,True,False,False,False,False,False,False,True,False,False,False,0.7492457523687547,0.8952904687394305,1.3166886667195947,1.5409689756959049,0.18921171633904477,-1.4942119743585196,0.30974027122426084
ORD200738,2025-06-04,C96261,2,485.37,264 Main St,TRK44998396,5,SAVE10,970.74,0,6,0,1,194.148,2025,False,False,False,True,False,False,True,False,False,False,False,False,False,True,False,False,False,False,False,False,False,False,False,True,False,True,False,-0.6722481651688036,0.6542899019442269,-0.1012747757750189,-0.2126230307859216,-0.08780798535441206,0.0014957076820405282,1.6419564915432456
ORD200739,2024-06-13,C35123,4,386.73,513 Main St,TRK58979275,4,SAVE10,1546.92,0,6,1,1,386.73,2024,False,False,False,True,False,False,False,False,False,False,True,False,False,False,True,False,False,False,False,False,False,True,False,False,False,True,False,0.7492457523687547,0.1538205143930924,0.6025884289879311,-0.6510210324063782,1.1620776673725675,0.0014957076820405282,0.30974027122426084
ORD200740,2024-07-20,C10892,2,377.47,433 Main St,TRK76154554,7,None,754.94,1,7,0,0,107.84857142857143,2024,True,False,False,False,False,False,False,False,False,False,False,True,False,False,False,True,False,False,False,True,False,False,False,False,True,False,False,-0.6722481651688036,0.10683808810838537,-0.3648966987640927,0.6641729724549916,-0.6479040359197054,0.3006372440901526,0.30974027122426084
ORD200741,2025-01-23,C99683,5,332.64,945 Main St,TRK87305883,10,None,1663.2,0,1,1,0,166.32,2025,False,False,True,False,False,False,False,False,True,False,True,False,False,False,False,False,False,True,False,False,False,True,False,False,True,False,False,1.4599927111375337,-0.12061570998485653,0.7446364234511818,1.9793669773163614,-0.2684158196488237,-1.4942119743585196,1.6419564915432456
ORD200742,2024-11-30,C41974,3,699.93,726 Main St,TRK48051468,7,SAVE10,2099.79,1,11,0,1,299.96999999999997,2024,False,True,False,False,False,False,False,False,False,False,False,False,True,False,False,True,False,False,False,True,False,False,False,False,False,True,False,0.03849879359997556,1.7429021463985193,1.2779760682973345,0.6641729724549916,0.5989924401416071,1.4972033897226007,0.30974027122426084
ORD200743,2024-09-30,C23978,1,576.35,549 Main St,TRK87090813,1,WINTER15,576.35,0,9,0,1,576.35,2024,False,False,True,False,False,False,False,False,True,False,False,False,True,False,False,False,True,False,True,False,False,False,False,False,False,False,True,-1.3829951239375826,1.1158947770395455,-0.5830627748837346,-1.966215037267748,2.392739502175871,0.8989203169063766,0.30974027122426084
ORD200744,2024-06-12,C10642,2,461.37,200 Main St,TRK98725693,5,SAVE10,922.74,0,6,1,1,184.548,2024,False,False,False,False,False,True,False,False,False,False,True,False,False,False,False,True,False,False,False,False,False,False,False,True,False,True,False,-0.6722481651688036,0.5325211945108608,-0.15991171879390464,-0.2126230307859216,-0.1501134046884048,0.0014957076820405282,0.30974027122426084
ORD200745,2023-03-02,C73813,4,111.3,364 Main St,TRK89906749,7,FREESHIP,445.2,0,3,0,1,63.6,2023,False,False,False,False,True,False,False,True,False,False,False,True,False,False,False,False,False,False,False,False,False,True,False,False,False,False,False,0.7492457523687547,-1.243627614289075,-0.7432760056530443,0.6641729724549916,-0.9350838065225466,-0.8959289015422955,-1.0224759490947237
ORD200746,2025-02-24,C32183,3,661.89,551 Main St,TRK76287027,6,WINTER15,1985.67,0,2,0,1,330.945,2025,True,False,False,False,False,False,False,False,False,True,False,False,False,False,False,False,False,True,True,False,False,False,False,False,False,False,True,0.03849879359997556,1.5498987451166342,1.1385667362699337,0.22577497083453502,0.8000247697114434,-1.1950704379504076,1.6419564915432456
ORD200747,2025-03-12,C54277,2,259.58,940 Main St,TRK26500181,7,FREESHIP,519.16,0,3,1,1,74.16571428571429,2025,False,False,False,False,False,True,False,True,False,False,True,False,False,False,False,False,True,False,False,False,False,False,False,True,False,False,False,-0.6722481651688036,-0.49129995019659506,-0.6529262492847779,0.6641729724549916,-0.8665107586960272,-0.8959289015422955,1.6419564915432456
ORD200748,2024-07-15,C56553,3,70.81,249 Main St,TRK37667360,8,FREESHIP,212.43,0,7,0,1,26.55375,2024,False,False,False,False,False,True,True,False,False,False,False,False,False,True,False,False,False,True,True,False,False,False,False,False,False,False,False,0.03849879359997556,-1.4490615711214496,-1.0276285312052533,1.1025709740754481,-1.1755194462102476,0.3006372440901526,0.30974027122426084
ORD200749,2025-04-13,C17551,1,518.39,997 Main St,TRK88797170,4,FREESHIP,518.39,1,4,0,1,129.5975,2025,False,True,False,False,False,False,False,True,False,False,False,True,False,False,False,False,True,False,False,False,True,False,False,False,False,False,False,-1.3829951239375826,0.8218233485879662,-0.6538668835790391,-0.6510210324063782,-0.5067502739709644,-0.5967873651341835,1.6419564915432456
ORD200750,2023-01-14,C14737,4,145.41,637 Main St,TRK10295115,7,FREESHIP,581.64,1,1,0,1,83.09142857142857,2023,False,False,False,False,False,True,True,False,False,False,False,False,True,False,False,False,False,False,False,True,False,False,False,False,False,False,False,0.7492457523687547,-1.0705638388494034,-0.5766004951218616,0.6641729724549916,-0.8085815533390648,-1.4942119743585196,-1.0224759490947237
ORD200751,2023-01-24,C35168,2,599.86,455 Main St,TRK76960854,7,FREESHIP,1199.72,0,1,0,1,171.38857142857142,2023,False,False,False,False,False,True,False,False,True,False,False,True,False,False,True,False,False,False,False,False,False,False,True,False,False,False,False,-0.6722481651688036,1.2351773733628135,0.1784478744846574,0.6641729724549916,-0.23552004170284058,-1.4942119743585196,-1.0224759490947237
ORD200752,2024-10-03,C82217,4,429.37,299 Main St,TRK33305694,8,FREESHIP,1717.48,0,10,1,1,214.685,2024,False,False,False,True,False,False,True,False,False,False,True,False,False,False,False,True,False,False,False,False,False,True,False,False,False,False,False,0.7492457523687547,0.37016291793303935,0.8109450331817051,1.1025709740754481,0.04548018098540153,1.1980618533144887,0.30974027122426084
ORD200753,2024-04-24,C42270,2,241.49,864 Main St,TRK72697796,7,FREESHIP,482.98,0,4,0,1,68.99714285714286,2024,False,False,False,True,False,False,False,True,False,False,False,False,True,False,False,False,True,False,False,False,False,False,False,True,False,False,False,-0.6722481651688036,-0.5830831134244946,-0.6971238450852629,0.6641729724549916,-0.9000555514267392,-0.5967873651341835,0.30974027122426084
ORD200754,2025-05-31,C48846,2,452.05,983 Main St,TRK52804097,3,WINTER15,904.1,1,5,0,1,301.3666666666667,2025,False,False,False,False,True,False,True,False,False,False,False,False,True,False,False,False,False,False,False,True,False,False,False,False,False,False,True,-0.6722481651688036,0.48523434645757035,-0.18268239833290525,-1.0894190340268348,0.6080570133016571,-0.29764582872607154,1.6419564915432456
ORD200755,2023-06-13,C54160,3,336.71,658 Main St,TRK60515972,4,None,1010.13,0,6,0,0,252.5325,2023,True,False,False,False,False,False,True,False,False,False,False,True,False,False,False,False,False,False,False,False,False,False,True,False,True,False,False,0.03849879359997556,-0.0999657666826149,-0.053155834410145784,-0.6510210324063782,0.29111605163574444,0.0014957076820405282,-1.0224759490947237
ORD200756,2024-06-27,C14080,1,283.69,202 Main St,TRK93163682,6,None,283.69,0,6,0,0,47.281666666666666,2024,False,False,False,True,False,False,False,False,True,False,False,False,False,True,False,True,False,False,False,False,False,True,False,False,True,False,False,-1.3829951239375826,-0.36897313618749267,-0.9405771028817992,0.22577497083453502,-1.0409922024772555,0.0014957076820405282,0.30974027122426084
ORD200757,2024-02-22,C81074,1,157.72,597 Main St,TRK91105190,2,FREESHIP,157.72,0,2,1,1,78.86,2024,True,False,False,False,False,False,False,True,False,False,True,False,False,False,False,True,False,False,False,False,False,True,False,False,False,False,False,-1.3829951239375826,-1.0081066393283729,-1.0944624302169876,-1.5278170356472913,-0.8360441503728872,-1.1950704379504076,0.30974027122426084
ORD200758,2023-03-26,C69021,3,624.84,917 Main St,TRK57148510,8,WINTER15,1874.52,1,3,0,1,234.315,2023,False,False,False,False,False,True,True,False,False,False,False,False,False,False,True,False,False,False,False,False,True,False,False,False,False,False,True,0.03849879359997556,1.3619183030163755,1.0027855650918263,1.1025709740754481,0.17288178322772219,-0.8959289015422955,-1.0224759490947237
ORD200759,2023-07-24,C96283,3,308.01,366 Main St,TRK91784124,3,FREESHIP,924.03,0,7,0,1,308.01,2023,True,False,False,False,False,False,False,False,False,False,False,True,False,False,True,False,False,False,True,False,False,False,False,False,False,False,False,0.03849879359997556,-0.24558084598834845,-0.15833585095027214,-1.0894190340268348,0.6511732288338262,0.3006372440901526,-1.0224759490947237
ORD200760,2025-02-18,C96636,1,39.56,283 Main St,TRK73324346,5,None,39.56,0,2,0,0,7.912000000000001,2025,True,False,False,False,False,False,False,True,False,False,False,False,False,False,False,True,False,False,False,False,False,False,True,False,True,False,False,-1.3829951239375826,-1.6076145755919784,-1.2388070382818115,-0.2126230307859216,-1.296507159842483,-1.1950704379504076,1.6419564915432456
ORD200761,2023-06-02,C37235,4,37.76,217 Main St,TRK67789367,7,None,151.04,0,6,1,0,21.577142857142857,2023,True,False,False,False,False,False,False,True,False,False,True,False,False,False,False,True,False,False,False,False,False,False,False,False,True,False,False,0.7492457523687547,-1.6167472286494808,-1.1026227381204492,0.6641729724549916,-1.2078183623452745,0.0014957076820405282,-1.0224759490947237
ORD200762,2024-09-17,C12444,3,76.96,611 Main St,TRK97621403,8,FREESHIP,230.88,0,9,0,1,28.86,2024,False,False,False,True,False,False,False,False,False,False,False,False,True,False,False,False,False,False,False,False,False,False,True,False,False,False,False,0.03849879359997556,-1.4178583398416498,-1.0050899562323692,1.1025709740754481,-1.1605515427374329,0.8989203169063766,0.30974027122426084
ORD200763,2023-04-06,C79142,1,569.96,533 Main St,TRK30915955,4,FREESHIP,569.96,0,4,1,1,142.49,2023,False,True,False,False,False,False,False,False,False,True,True,False,False,False,False,False,False,False,False,False,False,True,False,False,False,False,False,-1.3829951239375826,1.0834738586854118,-0.5908688179231237,-0.6510210324063782,-0.42307604284976613,-0.5967873651341835,-1.0224759490947237
ORD200764,2024-03-10,C35983,5,627.43,806 Main St,TRK14016163,10,FREESHIP,3137.15,1,3,0,1,313.71500000000003,2024,False,True,False,False,False,False,True,False,False,False,False,False,False,False,False,False,False,False,False,False,True,False,False,False,False,False,False,1.4599927111375337,1.3750591760268926,2.545218135173821,1.9793669773163614,0.6881995223026212,-0.8959289015422955,0.30974027122426084
ORD200765,2023-10-06,C36150,2,534.91,281 Main St,TRK96249043,5,SAVE10,1069.82,0,10,0,1,213.964,2023,False,True,False,False,False,False,False,True,False,False,False,False,True,False,False,True,False,False,False,False,False,False,False,False,False,True,False,-0.6722481651688036,0.9056408088712664,0.019761647439797702,-0.2126230307859216,0.040800784387504764,1.1980618533144887,-1.0224759490947237
ORD200766,2023-01-22,C91454,2,278.88,494 Main St,TRK99985340,3,FREESHIP,557.76,1,1,0,1,185.92,2023,False,False,False,False,True,False,False,True,False,False,False,True,False,False,False,False,False,True,False,False,True,False,False,False,False,False,False,-0.6722481651688036,-0.39337761463559645,-0.6057723742737572,-1.0894190340268348,-0.14120892184192177,-1.4942119743585196,-1.0224759490947237
ORD200767,2025-04-18,C19368,2,323.22,517 Main St,TRK80436037,7,None,646.44,0,4,1,0,92.34857142857143,2025,False,False,False,False,False,True,True,False,False,False,True,False,False,False,False,False,True,False,False,False,False,False,False,False,True,False,False,-0.6722481651688036,-0.1684099276524525,-0.49744062204636574,0.6641729724549916,-0.7485013275527146,-0.5967873651341835,1.6419564915432456
ORD200768,2023-09-04,C35987,5,653.46,165 Main St,TRK28918815,9,WINTER15,3267.3,0,9,0,1,363.03333333333336,2023,False,False,False,False,False,True,False,False,False,False,False,False,False,False,False,False,False,False,True,False,False,False,False,False,False,False,True,1.4599927111375337,1.5071274866306645,2.70420976296357,1.5409689756959049,1.0082827972179302,0.8989203169063766,-1.0224759490947237
ORD200769,2023-07-06,C13366,4,678.55,568 Main St,TRK98691410,5,None,2714.2,0,7,1,0,542.8399999999999,2023,False,False,False,False,True,False,False,False,False,False,True,False,False,False,False,False,False,False,False,False,False,True,False,False,True,False,False,0.7492457523687547,1.6344265228599624,2.0285411549688677,-0.2126230307859216,2.175254647813152,0.3006372440901526,-1.0224759490947237
ORD200770,2024-02-11,C72166,1,314.38,227 Main St,TRK67733444,6,None,314.38,1,2,0,0,52.39666666666667,2024,True,False,False,False,False,False,False,False,False,True,False,False,True,False,False,True,False,False,False,False,True,False,False,False,True,False,False,-1.3829951239375826,-0.21326140155707585,-0.9030861074390992,0.22577497083453502,-1.0077950962383624,-1.1950704379504076,0.30974027122426084
ORD200771,2024-06-12,C20357,3,692.44,272 Main St,TRK82236408,8,FREESHIP,2077.32,0,6,0,1,259.665,2024,False,False,False,True,False,False,False,True,False,False,False,False,False,False,False,True,False,False,False,False,False,False,False,True,False,False,False,0.03849879359997556,1.7049001622870235,1.2505266493466187,1.1025709740754481,0.3374070311565471,0.0014957076820405282,0.30974027122426084
ORD200772,2024-07-28,C33802,1,604.87,461 Main St,TRK25799478,4,None,604.87,1,7,1,0,151.2175,2024,False,False,True,False,False,False,False,False,False,True,True,False,False,False,False,False,True,False,False,False,True,False,False,False,True,False,False,-1.3829951239375826,1.2605965910395287,-0.54822265790668,-0.6510210324063782,-0.3664332775125347,0.3006372440901526,0.30974027122426084
ORD200773,2025-06-28,C99205,2,512.33,415 Main St,TRK48904015,7,None,1024.66,1,6,0,0,146.38000000000002,2025,False,False,False,True,False,False,False,False,False,False,False,False,False,False,True,False,False,False,False,True,False,False,False,False,True,False,False,-0.6722481651688036,0.7910767499610416,-0.035405943117137136,0.6641729724549916,-0.3978293677238044,0.0014957076820405282,1.6419564915432456
ORD200774,2025-04-15,C29701,3,20.54,257 Main St,TRK42266846,3,FREESHIP,61.62,0,4,0,1,20.54,2025,False,False,False,False,False,False,True,False,False,False,False,False,False,False,False,False,True,False,False,False,False,False,True,False,False,False,False,0.03849879359997556,-1.704116276232921,-1.2118584765527152,-1.0894190340268348,-1.2145495728268936,-0.5967873651341835,1.6419564915432456
ORD200775,2023-03-04,C73941,2,625.22,569 Main St,TRK22051900,5,None,1250.44,1,3,0,0,250.08800000000002,2023,False,False,False,True,False,False,False,False,False,True,False,False,False,False,False,True,False,False,False,True,False,False,False,False,True,False,False,-0.6722481651688036,1.3638463075507372,0.2404075776079467,-0.2126230307859216,0.275250885223042,-0.8959289015422955,-1.0224759490947237
ORD200776,2023-08-21,C69168,1,21.19,482 Main St,TRK10446197,5,WINTER15,21.19,0,8,0,1,4.238,2023,False,False,False,False,False,True,False,False,False,False,False,False,True,False,False,True,False,False,True,False,False,False,False,False,False,False,True,-1.3829951239375826,-1.700818373739934,-1.2612478850163307,-0.2126230307859216,-1.32035196303343,0.5997787804982646,-1.0224759490947237
ORD200777,2025-03-21,C66116,5,64.49,633 Main St,TRK41967983,7,None,322.45,0,3,0,0,46.06428571428571,2025,False,False,False,False,False,False,False,False,False,True,False,False,False,False,True,False,False,False,False,False,False,False,False,False,True,False,False,1.4599927111375337,-1.4811273307455695,-0.893227771394049,0.6641729724549916,-1.0488931848446836,-0.8959289015422955,1.6419564915432456
ORD200778,2023-04-28,C85059,4,246.85,316 Main St,TRK56503740,8,WINTER15,987.4,0,4,0,1,123.425,2023,False,True,False,False,False,False,True,False,False,False,False,False,False,True,False,True,False,False,False,False,False,False,False,False,False,False,True,0.7492457523687547,-0.5558881020977097,-0.08092287013554733,1.1025709740754481,-0.5468107115583676,-0.5967873651341835,-1.0224759490947237
ORD200779,2023-12-01,C18076,3,588.74,751 Main St,TRK26661705,8,FREESHIP,1766.22,0,12,0,1,220.7775,2023,False,False,False,True,False,False,False,True,False,False,False,True,False,False,False,False,False,False,False,False,False,False,False,False,False,False,False,0.03849879359997556,1.1787578722520207,0.8704859624054653,1.1025709740754481,0.08502140674502146,1.7963449261307127,-1.0224759490947237
ORD200780,2024-03-31,C41284,4,184.48,661 Main St,TRK73613128,4,WINTER15,737.92,1,3,0,1,184.48,2024,False,True,False,False,False,False,False,False,False,True,False,False,False,False,False,True,False,False,False,False,True,False,False,False,False,False,True,0.7492457523687547,-0.8723345305401697,-0.38568838147620604,-0.6510210324063782,-0.15055473474202066,-0.8959289015422955,0.30974027122426084
ORD200781,2024-01-10,C43524,5,524.26,934 Main St,TRK51479426,5,FREESHIP,2621.3,0,1,1,1,524.26,2024,False,False,False,True,False,False,False,False,True,False,True,False,False,False,False,False,False,True,False,False,False,False,False,True,False,False,False,1.4599927111375337,0.8516059449477104,1.915054238167733,-0.2126230307859216,2.0546677008104868,-1.4942119743585196,0.30974027122426084
ORD200782,2024-08-11,C58063,2,493.63,167 Main St,TRK50548869,6,SAVE10,987.26,1,8,0,1,164.54333333333332,2024,False,False,True,False,False,False,False,False,False,True,False,False,True,False,False,False,False,True,False,False,True,False,False,False,False,True,False,-0.6722481651688036,0.696198632085877,-0.08109389455268573,0.22577497083453502,-0.2799466489908439,0.5997787804982646,0.30974027122426084
ORD200783,2025-05-26,C19937,1,438.34,281 Main St,TRK46990083,5,FREESHIP,438.34,0,5,0,1,87.66799999999999,2025,False,False,False,False,True,False,False,False,True,False,False,False,True,False,True,False,False,False,True,False,False,False,False,False,False,False,False,-1.3829951239375826,0.4156739723362598,-0.7516562020928268,-0.2126230307859216,-0.7788789281339489,-0.29764582872607154,1.6419564915432456
ORD200784,2025-05-16,C21191,1,325.81,232 Main St,TRK85771230,1,WINTER15,325.81,0,5,0,1,325.81,2025,False,True,False,False,False,False,True,False,False,False,False,True,False,False,False,False,False,True,False,False,False,False,False,False,False,False,True,-1.3829951239375826,-0.15526905464193522,-0.889123185382727,-1.966215037267748,0.7666978605156046,-0.29764582872607154,1.6419564915432456
ORD200785,2023-07-29,C45862,1,176.1,342 Main St,TRK53089983,1,SAVE10,176.1,1,7,0,1,176.1,2023,False,False,False,False,False,False,True,False,False,False,False,True,False,False,False,False,True,False,False,True,False,False,False,False,False,True,False,-1.3829951239375826,-0.9148521042189867,-1.0720093674526725,-1.966215037267748,-0.20494217370231851,0.3006372440901526,-1.0224759490947237
ORD200786,2023-08-23,C39130,5,45.31,774 Main St,TRK99583414,8,None,226.55,0,8,0,0,28.31875,2023,False,False,False,False,False,False,False,False,False,True,False,False,False,False,False,False,False,True,False,False,False,False,False,True,True,False,False,1.4599927111375337,-1.5784408227694011,-1.0103794971338647,1.1025709740754481,-1.1640643352597793,0.5997787804982646,-1.0224759490947237
ORD200787,2024-03-17,C18167,4,221.96,193 Main St,TRK36841089,7,None,887.84,1,3,1,0,126.83428571428571,2024,True,False,False,False,False,False,False,False,False,False,True,False,False,False,False,True,False,False,False,False,True,False,False,False,True,False,False,0.7492457523687547,-0.6821723990983962,-0.2025456627805528,0.6641729724549916,-0.5246839432189964,-0.8959289015422955,0.30974027122426084
ORD200788,2023-11-02,C47307,2,601.43,761 Main St,TRK43516112,5,FREESHIP,1202.86,0,11,0,1,240.57199999999997,2023,False,False,False,False,False,False,False,False,False,True,False,True,False,False,False,False,True,False,False,False,False,True,False,False,False,False,False,-0.6722481651688036,1.2431430763074127,0.182283707840476,-0.2126230307859216,0.21349063830822132,1.4972033897226007,-1.0224759490947237
ORD200789,2023-08-17,C57276,5,691.28,183 Main St,TRK75899752,10,SAVE10,3330.4075,0,8,1,1,333.04075,2023,False,False,False,False,False,True,False,False,False,True,True,False,False,False,False,False,False,False,False,False,False,True,False,False,False,True,False,1.4599927111375337,1.699014674761077,2.7813020729961604,1.9793669773163614,0.8136264970624034,0.5997787804982646,-1.0224759490947237
ORD200790,2024-09-14,C38928,4,417.89,302 Main St,TRK96636009,4,None,1671.56,1,9,0,0,417.89,2024,False,True,False,False,False,False,False,False,True,False,False,True,False,False,False,True,False,False,False,True,False,False,False,False,True,False,False,0.7492457523687547,0.31191688621074587,0.7548490243603043,-0.6510210324063782,1.3643106742941522,0.8989203169063766,0.30974027122426084
ORD200791,2024-01-13,C49710,4,409.28,956 Main St,TRK92591237,8,None,1637.12,1,1,0,0,204.64,2024,False,False,False,False,False,False,False,False,False,False,False,True,False,False,False,False,False,False,False,True,False,False,False,False,True,False,False,0.7492457523687547,0.2682323624190257,0.7127770177442536,1.1025709740754481,-0.01971335414063582,-1.4942119743585196,0.30974027122426084
ORD200792,2023-06-16,C41709,2,356.35,746 Main St,TRK90995294,6,WINTER15,712.7,0,6,0,1,118.78333333333335,2023,True,False,False,False,False,False,False,True,False,False,False,False,True,False,True,False,False,False,False,False,False,False,False,False,False,False,True,-0.6722481651688036,-0.0003183744329767917,-0.41649720862071216,0.22577497083453502,-0.5769358144828761,0.0014957076820405282,-1.0224759490947237
ORD200793,2024-04-15,C91255,5,170.22,769 Main St,TRK69599961,8,None,851.1,0,4,1,0,106.3875,2024,False,False,False,False,False,False,False,True,False,False,True,False,False,False,False,False,False,True,True,False,False,False,False,False,True,False,False,1.4599927111375337,-0.9446854375401613,-0.2474273562495916,1.1025709740754481,-0.6573866055065865,-0.5967873651341835,0.30974027122426084
ORD200794,2023-03-09,C76653,4,384.85,988 Main St,TRK77052196,9,FREESHIP,1539.4,0,3,1,1,171.04444444444445,2023,False,False,False,False,True,False,False,False,False,True,True,False,False,False,False,False,True,False,False,False,False,True,False,False,False,False,False,0.7492457523687547,0.14428196564414542,0.593401974581639,1.5409689756959049,-0.23775347670806696,-0.8959289015422955,-1.0224759490947237
ORD200795,2024-11-20,C95667,4,115.77,586 Main St,TRK41266666,7,SAVE10,463.08,0,11,0,1,66.1542857142857,2024,False,True,False,False,False,False,False,False,False,True,False,True,False,False,False,False,True,False,False,False,False,False,False,True,False,True,False,0.7492457523687547,-1.2209481925296106,-0.7214337443785095,0.6641729724549916,-0.9185061145926092,1.4972033897226007,0.30974027122426084
ORD200796,2025-04-29,C33313,3,579.55,882 Main St,TRK13349970,8,WINTER15,1738.65,0,4,0,1,217.33125,2025,False,False,False,True,False,False,False,False,True,False,False,False,True,False,True,False,False,False,False,False,False,False,True,False,False,False,True,0.03849879359997556,1.1321306046973272,0.8368063682589929,1.1025709740754481,0.06265473472629518,-0.5967873651341835,1.6419564915432456
ORD200797,2023-02-27,C36825,2,438.76,426 Main St,TRK72557318,2,None,877.52,0,2,0,0,438.76,2023,False,True,False,False,False,False,False,True,False,False,False,False,True,False,True,False,False,False,True,False,False,False,False,False,True,False,False,-0.6722481651688036,0.4178049247163438,-0.2151526055296133,-1.5278170356472913,1.4997600598671135,-1.1950704379504076,-1.0224759490947237
ORD200798,2025-05-19,C20861,5,488.35,968 Main St,TRK89372013,9,FREESHIP,2441.75,0,5,0,1,271.30555555555554,2025,False,False,False,True,False,False,False,True,False,False,False,False,True,False,False,False,False,False,True,False,False,False,False,False,False,False,False,1.4599927111375337,0.6694095164505366,1.6957154231877132,1.5409689756959049,0.41295595773670607,-0.29764582872607154,1.6419564915432456
ORD200799,2023-04-16,C26364,4,328.56,803 Main St,TRK78924436,4,FREESHIP,1314.24,1,4,0,1,328.56,2023,False,True,False,False,False,False,False,True,False,False,False,False,True,False,False,False,False,False,False,False,True,False,False,False,False,False,False,0.7492457523687547,-0.14131639024852868,0.3183458477038823,-0.6510210324063782,0.7845457670956546,-0.5967873651341835,-1.0224759490947237
ORD200800,2025-03-28,C34686,1,68.39,412 Main St,TRK99468332,3,WINTER15,68.39,0,3,0,1,22.796666666666667,2025,False,False,False,False,False,True,False,False,False,True,False,False,True,False,True,False,False,False,False,False,False,False,False,False,False,False,True,-1.3829951239375826,-1.4613399157876474,-1.2035882243810931,-1.0894190340268348,-1.1999034725181734,-0.8959289015422955,1.6419564915432456
ORD200801,2023-05-03,C97593,4,595.62,738 Main St,TRK58443593,8,FREESHIP,2382.48,0,5,0,1,297.81,2023,False,False,False,False,True,False,False,True,False,False,False,True,False,False,True,False,False,False,False,False,False,False,False,True,False,False,False,0.7492457523687547,1.2136649017162522,1.6233110145891847,1.1025709740754481,0.5849737207914589,-0.29764582872607154,-1.0224759490947237
ORD200802,2024-02-17,C84331,5,644.64,205 Main St,TRK34440714,6,FREESHIP,3223.2,1,2,0,1,537.1999999999999,2024,False,False,False,False,False,False,False,False,True,False,False,False,False,False,False,False,False,False,False,True,False,False,False,False,False,False,False,1.4599927111375337,1.4623774866489023,2.650337071564968,0.22577497083453502,2.138650213954431,-1.1950704379504076,0.30974027122426084
ORD200803,2023-08-20,C88775,5,397.81,223 Main St,TRK45098068,5,SAVE10,1989.05,1,8,0,1,397.81,2023,False,False,True,False,False,False,False,True,False,False,False,False,True,False,False,False,False,True,False,False,True,False,False,False,False,True,False,1.4599927111375337,0.210037067658163,1.1426957543408467,-0.2126230307859216,1.2339885055205506,0.5997787804982646,-1.0224759490947237
ORD200804,2024-01-01,C76362,3,236.5,916 Main St,TRK11868618,8,FREESHIP,709.5,0,1,1,1,88.6875,2024,False,False,False,False,False,False,False,False,False,True,True,False,False,False,False,False,False,False,True,False,False,False,False,False,False,False,False,0.03849879359997556,-0.6084008571783487,-0.42040633815530465,1.1025709740754481,-0.7722622224036357,-1.4942119743585196,0.30974027122426084
ORD200805,2024-10-15,C59278,5,472.01,178 Main St,TRK14590037,10,SAVE10,2360.05,0,10,0,1,236.00500000000002,2024,False,True,False,False,False,False,False,False,True,False,False,False,False,False,False,False,False,False,False,False,False,False,True,False,False,True,False,1.4599927111375337,0.5865053214729864,1.5959104597576514,1.9793669773163614,0.183850133089644,1.1980618533144887,0.30974027122426084
ORD200806,2023-09-01,C55819,5,253.75,740 Main St,TRK13775054,9,WINTER15,1268.75,0,9,0,1,140.97222222222223,2023,False,False,False,False,False,False,False,False,False,True,False,True,False,False,False,False,True,False,False,False,False,False,False,False,False,False,True,1.4599927111375337,-0.5208795987106168,0.2627751281636924,1.5409689756959049,-0.43292664502687656,0.8989203169063766,-1.0224759490947237
ORD200807,2024-11-10,C82344,3,676.21,260 Main St,TRK70957219,5,SAVE10,2028.63,1,11,1,1,405.726,2024,False,False,True,False,False,False,False,False,False,True,True,False,False,False,False,True,False,False,False,False,True,False,False,False,False,True,False,0.03849879359997556,1.6225540738852096,1.1910468002718364,-0.2126230307859216,1.2853645158797056,1.4972033897226007,0.30974027122426084
ORD200808,2024-02-13,C65565,3,134.05,192 Main St,TRK80383756,3,None,402.15,0,2,0,0,134.04999999999998,2024,True,False,False,False,False,False,True,False,False,False,False,False,False,True,False,True,False,False,False,False,False,False,True,False,True,False,False,0.03849879359997556,-1.12820102703453,-0.7958660139231075,-1.0894190340268348,-0.47785289068090164,-1.1950704379504076,0.30974027122426084
ORD200809,2024-04-09,C80416,5,217.43,752 Main St,TRK54385892,10,SAVE10,1087.15,0,4,0,1,108.715,2024,True,False,False,False,False,False,False,True,False,False,False,False,False,True,False,False,True,False,False,False,False,False,True,False,False,True,False,1.4599927111375337,-0.7051562426264442,0.04093202707557477,1.9793669773163614,-0.6422807863920169,-0.5967873651341835,0.30974027122426084
ORD200810,2023-05-31,C23637,1,553.56,644 Main St,TRK16749863,5,None,553.56,0,5,0,0,110.71199999999999,2023,False,False,False,False,False,True,True,False,False,False,False,False,False,False,False,False,False,True,False,False,False,False,False,True,True,False,False,-1.3829951239375826,1.000265241939278,-0.6109031067879098,-0.2126230307859216,-0.629319961140977,-0.29764582872607154,-1.0224759490947237
ORD200811,2023-11-05,C24769,2,28.55,864 Main St,TRK44538305,7,SAVE10,57.1,1,11,0,1,8.157142857142857,2023,False,True,False,False,False,False,False,False,True,False,False,False,False,True,False,False,False,False,False,False,True,False,False,False,False,True,False,-0.6722481651688036,-1.663475970127035,-1.2173801220203269,0.6641729724549916,-1.2949161464559187,1.4972033897226007,-1.0224759490947237
ORD200812,2024-01-26,C81547,2,255.26,803 Main St,TRK88437123,6,FREESHIP,510.52,0,1,0,1,85.08666666666666,2024,False,False,False,True,False,False,True,False,False,False,False,False,False,False,False,True,False,False,False,False,False,False,False,False,False,False,False,-0.6722481651688036,-0.5132183175346009,-0.6634808990281773,0.22577497083453502,-0.7956321631104225,-1.4942119743585196,0.30974027122426084
ORD200813,2025-03-15,C12813,5,292.54,263 Main St,TRK36131660,8,FREESHIP,1462.7,1,3,0,1,182.8375,2025,False,True,False,False,False,False,False,True,False,False,False,False,False,False,False,False,False,False,False,True,False,False,False,False,False,False,False,1.4599927111375337,-0.32407092532143883,0.4997050260493777,1.1025709740754481,-0.16121480258119592,-0.8959289015422955,1.6419564915432456
ORD200814,2024-12-11,C50732,4,147.51,979 Main St,TRK21082461,4,WINTER15,590.04,0,12,0,1,147.51,2024,False,False,False,False,False,False,False,True,False,False,False,True,False,False,False,False,True,False,False,False,False,False,False,True,False,False,True,0.7492457523687547,-1.059909076948984,-0.5663390300935566,-0.6510210324063782,-0.39049550065636585,1.7963449261307127,0.30974027122426084
ORD200815,2024-08-04,C41320,3,569.84,920 Main St,TRK77539180,8,WINTER15,1709.52,1,8,0,1,213.69,2024,False,False,False,False,True,False,False,False,True,False,False,False,False,False,False,False,True,False,False,False,True,False,False,False,False,False,True,0.03849879359997556,1.082865015148245,0.8012210734644064,1.1025709740754481,0.039022483877347046,0.5997787804982646,0.30974027122426084
ORD200816,2024-02-21,C55286,5,574.79,497 Main St,TRK39058734,8,WINTER15,2873.95,0,2,0,1,359.24375,2024,False,False,False,False,False,True,True,False,False,False,False,True,False,False,False,False,False,True,False,False,False,False,False,True,False,False,True,1.4599927111375337,1.1079798110563763,2.2236922309535965,1.1025709740754481,0.9836878411049671,-1.1950704379504076,0.30974027122426084
ORD200817,2023-10-05,C87994,4,598.19,430 Main St,TRK98883971,7,WINTER15,2392.76,0,10,1,1,341.8228571428572,2023,False,False,False,False,False,False,True,False,False,False,True,False,False,False,False,False,False,False,False,False,False,True,False,False,False,False,True,0.7492457523687547,1.2267043008039087,1.6358690932190632,0.6641729724549916,0.870623670830296,1.1980618533144887,-1.0224759490947237
ORD200818,2023-03-02,C25580,4,390.84,860 Main St,TRK58781638,9,WINTER15,1563.36,0,3,0,1,173.70666666666665,2023,False,False,False,True,False,False,True,False,False,False,False,False,False,False,False,False,False,True,False,False,False,True,False,False,False,False,True,0.7492457523687547,0.17467340554105612,0.6226715819718992,1.5409689756959049,-0.22047526088350153,-0.8959289015422955,-1.0224759490947237
ORD200819,2024-09-28,C66196,2,398.45,650 Main St,TRK38104650,7,SAVE10,796.9,1,9,0,1,113.84285714285714,2024,False,False,False,True,False,False,False,True,False,False,False,False,False,False,False,True,False,False,False,True,False,False,False,False,False,True,False,-0.6722481651688036,0.21328423318971934,-0.31363823774175015,0.6641729724549916,-0.6090002353950873,0.8989203169063766,0.30974027122426084
ORD200820,2023-05-27,C35377,5,623.81,171 Main St,TRK17342157,6,FREESHIP,3119.05,1,5,0,1,519.8416666666667,2023,False,False,False,True,False,False,False,False,False,False,False,False,True,False,False,False,False,False,False,True,False,False,False,False,False,False,False,1.4599927111375337,1.3566923959890265,2.523107121243782,0.22577497083453502,2.0259920642385403,-0.29764582872607154,-1.0224759490947237
ORD200821,2024-12-14,C40771,4,174.49,259 Main St,TRK56310345,5,SAVE10,697.96,1,12,1,1,139.592,2024,False,True,False,False,False,False,True,False,False,False,True,False,False,False,True,False,False,False,False,True,False,False,False,False,False,True,False,0.7492457523687547,-0.9230207550093082,-0.43450363653942836,-0.2126230307859216,-0.44188449131121516,1.7963449261307127,0.30974027122426084
ORD200822,2025-03-15,C20624,1,479.56,923 Main St,TRK45123395,1,SAVE10,479.56,1,3,0,1,479.56,2025,False,False,False,True,False,False,False,False,True,False,False,False,True,False,False,True,False,False,False,True,False,False,False,False,False,True,False,-1.3829951239375826,0.6248117273530661,-0.7013017272753587,-1.966215037267748,1.764558092036583,-0.8959289015422955,1.6419564915432456
ORD200823,2024-10-07,C27070,4,653.13,973 Main St,TRK83842481,8,WINTER15,2612.52,0,10,0,1,326.565,2024,False,True,False,False,False,False,True,False,False,False,False,False,False,True,False,False,True,False,True,False,False,False,False,False,False,False,True,0.7492457523687547,1.5054531669034557,1.9043285640071947,1.1025709740754481,0.7715979221403092,1.1980618533144887,0.30974027122426084
ORD200824,2023-08-29,C18826,3,481.1,664 Main St,TRK12530495,3,FREESHIP,1443.3,0,8,0,1,481.09999999999997,2023,False,False,True,False,False,False,True,False,False,False,False,False,True,False,True,False,False,False,False,False,False,False,True,False,False,False,False,0.03849879359997556,0.6326252194133739,0.4760059282459113,-1.0894190340268348,1.7745529197214107,0.5997787804982646,-1.0224759490947237
ORD200825,2025-03-26,C23899,5,271.69,543 Main St,TRK88914760,7,FREESHIP,1358.45,0,3,0,1,194.06428571428572,2025,True,False,False,False,False,False,False,False,False,True,False,False,True,False,False,False,True,False,False,False,False,False,False,True,False,False,False,1.4599927111375337,-0.4298574899041757,0.37235291543023524,0.6641729724549916,-0.08835130344562808,-0.8959289015422955,1.6419564915432456
ORD200826,2025-03-08,C43249,3,463.81,283 Main St,TRK32469820,8,WINTER15,1391.43,1,3,0,1,173.92875,2025,False,False,False,False,True,False,False,False,False,True,False,False,True,False,False,False,False,False,False,True,False,False,False,False,False,False,True,0.03849879359997556,0.5449010130999197,0.412641381696128,1.1025709740754481,-0.21903390721574884,-0.8959289015422955,1.6419564915432456
ORD200827,2023-05-25,C95856,2,639.88,432 Main St,TRK58829625,5,WINTER15,1279.76,0,5,1,1,255.952,2023,False,False,False,False,False,True,False,False,False,False,True,False,False,False,False,False,True,False,False,False,False,True,False,False,False,False,True,-0.6722481651688036,1.4382266930079515,0.27622497696864934,-0.2126230307859216,0.31330911219955576,-0.29764582872607154,-1.0224759490947237
ORD200828,2024-07-24,C86266,4,404.58,510 Main St,TRK64576020,5,FREESHIP,1618.32,0,7,0,1,323.664,2024,False,False,False,False,False,False,False,False,False,False,False,False,False,True,False,False,True,False,False,False,False,False,False,True,False,False,False,0.7492457523687547,0.24438599054665824,0.6898108817285235,-0.2126230307859216,0.7527700032353182,0.3006372440901526,0.30974027122426084
ORD200829,2023-02-05,C39551,1,76.93,685 Main St,TRK68358007,6,WINTER15,76.93,1,2,1,1,12.821666666666667,2023,False,False,True,False,False,False,False,True,False,False,True,False,False,False,False,False,True,False,False,False,True,False,False,False,False,False,True,-1.3829951239375826,-1.4180105507259413,-1.1931557349356496,0.22577497083453502,-1.2646426972949005,-1.1950704379504076,-1.0224759490947237
ORD200830,2024-12-11,C90310,4,190.64,853 Main St,TRK70028457,5,SAVE10,762.56,0,12,1,1,152.512,2024,False,False,False,False,False,True,False,False,False,False,True,False,False,False,False,False,False,False,False,False,False,False,False,True,False,True,False,0.7492457523687547,-0.8410805622989391,-0.3555880840598447,-0.2126230307859216,-0.35803178112421663,1.7963449261307127,0.30974027122426084
ORD200831,2023-12-18,C20124,2,88.73,140 Main St,TRK61346824,5,None,177.46,0,12,0,0,35.492000000000004,2023,False,False,False,False,True,False,False,False,False,True,False,True,False,False,False,True,False,False,True,False,False,False,False,False,True,False,False,-0.6722481651688036,-1.3581409362378696,-1.0703479874004709,-0.2126230307859216,-1.1175088822141996,1.7963449261307127,-1.0224759490947237
ORD200832,2024-03-12,C63372,5,485.71,903 Main St,TRK14661811,10,SAVE10,2428.55,0,3,0,1,242.85500000000002,2024,False,False,False,False,False,False,False,False,False,True,False,True,False,False,False,False,False,True,False,False,False,False,True,False,False,True,False,1.4599927111375337,0.6560149586328661,1.6795902638575197,1.9793669773163614,0.22830764584358676,-0.8959289015422955,0.30974027122426084
ORD200833,2025-03-14,C90595,5,78.29,508 Main St,TRK96573803,5,WINTER15,391.45,0,3,0,1,78.28999999999999,2025,False,False,False,True,False,False,True,False,False,False,False,False,False,True,False,False,False,True,False,False,False,False,False,False,False,False,True,1.4599927111375337,-1.4111103239713838,-0.8089371658044007,-0.2126230307859216,-0.8397435346458431,-0.8959289015422955,1.6419564915432456
ORD200834,2024-04-11,C98483,5,22.14,456 Main St,TRK22084320,10,None,110.7,0,4,0,0,11.07,2024,False,False,False,False,True,False,False,False,False,False,False,False,True,False,False,False,True,False,False,False,False,True,False,False,True,False,False,1.4599927111375337,-1.69599836240403,-1.1519022023159045,1.9793669773163614,-1.2760112729407385,-0.5967873651341835,0.30974027122426084
ORD200835,2024-03-26,C16429,1,679.65,390 Main St,TRK73888013,6,FREESHIP,679.65,0,3,0,1,113.27499999999999,2024,True,False,False,False,False,False,False,True,False,False,False,False,False,True,False,True,False,False,False,False,False,False,True,False,False,False,False,-1.3829951239375826,1.640007588617325,-0.4568711870951742,0.22577497083453502,-0.6126857122083703,-0.8959289015422955,0.30974027122426084
ORD200836,2023-02-02,C31810,1,178.44,328 Main St,TRK58725886,2,FREESHIP,178.44,0,2,0,1,89.22,2023,False,False,False,True,False,False,True,False,False,False,False,False,False,False,False,True,False,False,False,False,False,True,False,False,False,False,False,-1.3829951239375826,-0.9029796552442334,-1.069150816480502,-1.5278170356472913,-0.7688062186749534,-1.1950704379504076,-1.0224759490947237
ORD200837,2025-06-14,C88029,5,655.55,282 Main St,TRK59701278,5,None,3277.75,1,6,1,0,655.55,2025,False,False,False,False,False,False,False,False,False,True,True,False,False,False,False,False,False,False,False,True,False,False,False,False,True,False,False,1.4599927111375337,1.5177315115696532,2.716975514099973,-0.2126230307859216,2.9067592116813112,0.0014957076820405282,1.6419564915432456
ORD200838,2024-04-11,C57798,4,577.08,384 Main St,TRK68797566,8,None,2308.32,0,4,0,0,288.54,2024,True,False,False,False,False,False,False,False,False,True,False,True,False,False,True,False,False,False,False,False,False,True,False,False,True,False,False,0.7492457523687547,1.1195985752239772,1.5327169376250065,1.1025709740754481,0.5248100502470723,-0.5967873651341835,0.30974027122426084
ORD200839,2023-08-24,C82858,3,197.97,551 Main St,TRK90618490,5,None,593.91,0,8,0,0,118.782,2023,False,False,False,False,False,False,False,False,False,True,False,False,False,False,False,True,False,False,False,False,False,True,False,False,True,False,False,0.03849879359997556,-0.8038903695703318,-0.5616114265626589,-0.2126230307859216,-0.5769444680133392,0.5997787804982646,-1.0224759490947237
ORD200840,2024-01-14,C60699,3,411.95,672 Main St,TRK88660574,7,FREESHIP,1235.85,1,1,1,1,176.54999999999998,2024,False,False,False,False,False,False,True,False,False,False,True,False,False,False,False,False,False,True,False,False,True,False,False,False,False,False,False,0.03849879359997556,0.28177913112098774,0.22258439013616438,0.6641729724549916,-0.20202160717103768,-1.4942119743585196,0.30974027122426084
ORD200841,2024-09-19,C94658,2,443.22,742 Main St,TRK51732528,5,None,886.44,0,9,1,0,177.288,2024,False,False,False,False,True,False,True,False,False,False,True,False,False,False,True,False,False,False,False,False,False,True,False,False,True,False,False,-0.6722481651688036,0.4404336095143778,-0.20425590695193693,-0.2126230307859216,-0.1972318780597368,0.8989203169063766,0.30974027122426084
ORD200842,2025-05-07,C78305,3,364.14,396 Main St,TRK88312618,7,WINTER15,1092.42,0,5,0,1,156.06,2025,False,True,False,False,False,False,False,False,False,True,False,True,False,False,False,False,False,True,False,False,False,False,False,True,False,False,True,0.03849879359997556,0.03920571852143643,0.04736987477785658,0.6641729724549916,-0.33500473656202845,-0.29764582872607154,1.6419564915432456
ORD200843,2025-05-13,C43538,3,430.06,534 Main St,TRK20961563,8,FREESHIP,1290.18,0,5,0,1,161.2725,2025,True,False,False,False,False,False,False,False,True,False,False,False,False,False,False,False,True,False,False,False,False,False,True,False,False,False,False,0.03849879359997556,0.37366376827174863,0.28895408001566586,1.1025709740754481,-0.3011748409080245,-0.29764582872607154,1.6419564915432456
ORD200844,2024-12-04,C47486,1,320.92,883 Main St,TRK75984759,5,FREESHIP,320.92,0,12,0,1,64.184,2024,False,False,False,False,False,False,False,False,False,True,False,False,True,False,True,False,False,False,False,False,False,False,False,True,False,False,False,-1.3829951239375826,-0.18007942878148347,-0.8950968239527759,-0.2126230307859216,-0.9312935601797288,1.7963449261307127,0.30974027122426084
ORD200845,2023-10-08,C24212,3,107.36,808 Main St,TRK68894675,5,FREESHIP,322.08,1,10,1,1,64.416,2023,False,False,False,True,False,False,False,False,True,False,True,False,False,False,False,True,False,False,False,False,True,False,False,False,False,False,False,0.03849879359997556,-1.2636179770927192,-0.8936797644964863,-0.2126230307859216,-0.9297878458791572,1.1980618533144887,-1.0224759490947237
ORD200846,2024-07-04,C24765,2,359.86,646 Main St,TRK43977698,4,None,719.72,0,7,0,0,179.93,2024,True,False,False,False,False,False,False,True,False,False,False,False,False,False,False,False,False,True,False,False,False,True,False,False,True,False,False,-0.6722481651688036,0.017490299029152948,-0.4079215557042002,-0.6510210324063782,-0.18008490744719424,0.3006372440901526,0.30974027122426084
ORD200847,2024-11-18,C48176,4,434.23,670 Main St,TRK90560300,8,FREESHIP,1736.92,0,11,0,1,217.115,2024,False,False,False,False,True,False,False,False,False,True,False,False,False,True,False,False,False,False,True,False,False,False,False,False,False,False,False,0.7492457523687547,0.39482108118829606,0.8346929951043539,1.1025709740754481,0.06125124025431851,1.4972033897226007,0.30974027122426084
ORD200848,2023-01-01,C54675,2,645.85,634 Main St,TRK18049633,5,None,1291.7,1,1,0,0,258.34000000000003,2023,False,False,False,False,False,False,False,False,False,True,False,False,False,True,False,False,False,True,False,False,True,False,False,False,True,False,False,-0.6722481651688036,1.4685166589820013,0.29081091654459723,-0.2126230307859216,0.3288075852588867,-1.4942119743585196,-1.0224759490947237
ORD200849,2025-06-09,C16675,4,214.35,664 Main St,TRK12756945,7,WINTER15,857.4,0,6,0,1,122.48571428571428,2025,False,False,False,False,True,False,False,True,False,False,False,False,False,False,False,False,False,True,True,False,False,False,False,False,False,False,True,0.7492457523687547,-0.7207832267470595,-0.2397312574783629,0.6641729724549916,-0.5529068147149301,0.0014957076820405282,1.6419564915432456
ORD200850,2025-04-27,C38557,3,638.5,890 Main St,TRK14832238,4,FREESHIP,1915.5,1,4,0,1,478.875,2025,False,False,True,False,False,False,False,True,False,False,False,False,False,False,False,False,True,False,False,False,True,False,False,False,False,False,False,0.03849879359997556,1.431224992330533,1.0528468551942,-0.6510210324063782,1.7601123407611887,-0.5967873651341835,1.6419564915432456
ORD200851,2023-12-12,C80183,1,365.57,146 Main St,TRK20814598,5,SAVE10,365.57,0,12,0,1,73.114,2023,False,True,False,False,False,False,False,False,False,True,False,False,False,False,False,False,False,False,False,False,False,False,True,False,False,True,False,-1.3829951239375826,0.04646110400600786,-0.8405522509154167,-0.2126230307859216,-0.8733365399034207,1.7963449261307127,-1.0224759490947237
ORD200852,2024-10-24,C39530,3,568.05,618 Main St,TRK69000497,6,SAVE10,1704.15,0,10,0,1,284.02500000000003,2024,True,False,False,False,False,False,False,False,True,False,False,True,False,False,False,True,False,False,False,False,False,True,False,False,False,True,False,0.03849879359997556,1.0737830990521726,0.7946610654641687,0.22577497083453502,0.4955070327165539,1.1980618533144887,0.30974027122426084
ORD200853,2023-10-16,C10002,3,490.01,894 Main St,TRK94641152,4,SAVE10,1470.03,0,10,0,1,367.5075,2023,False,False,False,False,True,False,False,False,False,False,False,False,True,False,True,False,False,False,True,False,False,False,False,False,False,True,False,0.03849879359997556,0.6778318520480109,0.5086593758895533,-0.6510210324063782,1.0373208003780174,1.1980618533144887,-1.0224759490947237
ORD200854,2025-06-13,C56938,3,372.6,356 Main St,TRK67735987,7,WINTER15,1117.8,0,6,1,1,159.68571428571428,2025,False,True,False,False,False,False,True,False,False,False,True,False,False,False,False,False,False,True,False,False,False,False,False,False,False,False,True,0.03849879359997556,0.08212918789169815,0.07837415839909227,0.6641729724549916,-0.311473314795708,0.0014957076820405282,1.6419564915432456
ORD200855,2023-05-25,C41331,5,240.61,785 Main St,TRK94198179,10,FREESHIP,1203.05,0,5,0,1,120.30499999999999,2023,False,False,True,False,False,False,True,False,False,False,False,False,False,True,False,False,False,False,False,False,False,True,False,False,False,False,False,1.4599927111375337,-0.5875479660303847,0.1825158124065925,1.9793669773163614,-0.5670599728419152,-0.29764582872607154,-1.0224759490947237
ORD200856,2024-06-03,C94698,1,586.62,871 Main St,TRK95768773,5,None,586.62,0,6,0,0,117.324,2024,False,False,False,True,False,False,False,True,False,False,False,False,False,True,True,False,False,False,True,False,False,False,False,False,True,False,False,-1.3829951239375826,1.16800163642874,-0.5705169122836522,-0.2126230307859216,-0.5864071035746894,0.0014957076820405282,0.30974027122426084
ORD200857,2024-03-10,C56506,3,257.84,185 Main St,TRK86808324,4,None,773.52,1,3,1,0,193.38,2024,False,False,False,True,False,False,False,False,False,True,True,False,False,False,False,False,True,False,False,False,True,False,False,False,True,False,False,0.03849879359997556,-0.5001281814855142,-0.3421993154038658,-0.6510210324063782,-0.09279241890113148,-0.8959289015422955,0.30974027122426084
ORD200858,2023-08-20,C22167,5,435.66,891 Main St,TRK70269748,9,None,2178.3,1,8,0,0,242.03333333333336,2023,False,False,False,False,False,True,False,False,False,True,False,True,False,False,True,False,False,False,False,False,True,False,False,False,True,False,False,1.4599927111375337,0.4020764666728675,1.3738841182225998,1.5409689756959049,0.22297490769572945,0.5997787804982646,-1.0224759490947237
ORD200859,2024-08-28,C11127,5,261.33,154 Main St,TRK73285507,5,SAVE10,1306.65,0,8,0,1,261.33000000000004,2024,False,False,False,False,False,False,True,False,False,False,False,False,True,False,False,False,False,True,False,False,False,False,False,True,False,True,False,1.4599927111375337,-0.4824209819462455,0.30907388108902106,-0.2126230307859216,0.3482131273222866,0.5997787804982646,0.30974027122426084
ORD200860,2024-01-23,C69542,1,422.54,876 Main St,TRK20746505,1,SAVE10,422.54,0,1,1,1,422.54,2024,False,False,False,False,True,False,False,False,False,False,True,False,False,False,False,True,False,False,False,False,False,False,True,False,False,True,False,-1.3829951239375826,0.3355095732759607,-0.7709575291698767,-1.966215037267748,1.394489861784055,-1.4942119743585196,0.30974027122426084
ORD200861,2023-03-19,C93276,5,330.45,230 Main St,TRK44165913,10,FREESHIP,1652.25,1,3,0,1,165.225,2023,True,False,False,False,False,False,False,False,True,False,False,False,False,True,False,True,False,False,False,False,True,False,False,False,False,False,False,1.4599927111375337,-0.13172710453815117,0.7312598708249984,1.9793669773163614,-0.2755225315416072,-0.8959289015422955,-1.0224759490947237
ORD200862,2023-12-02,C37969,3,120.82,799 Main St,TRK69852386,5,SAVE10,362.46,1,12,0,1,72.49199999999999,2023,True,False,False,False,False,False,True,False,False,False,False,False,False,True,False,False,False,True,False,True,False,False,False,False,False,True,False,0.03849879359997556,-1.1953260270071733,-0.8443514361818486,-0.2126230307859216,-0.8773734118644358,1.7963449261307127,-1.0224759490947237
ORD200863,2024-05-20,C98276,1,14.06,471 Main St,TRK74207282,5,SAVE10,14.06,0,5,0,1,2.8120000000000003,2024,False,False,False,True,False,False,True,False,False,False,False,True,False,False,False,False,False,True,True,False,False,False,False,False,False,True,False,-1.3829951239375826,-1.73699382723993,-1.2699579142605946,-0.2126230307859216,-1.3296069138636668,-0.29764582872607154,0.30974027122426084
ORD200864,2023-05-03,C14240,1,491.11,592 Main St,TRK58095246,4,SAVE10,491.11,0,5,1,1,122.7775,2023,True,False,False,False,False,False,True,False,False,False,True,False,False,False,True,False,False,False,False,False,False,False,False,True,False,True,False,-1.3829951239375826,0.6834129178053736,-0.6871922128614392,-0.6510210324063782,-0.5510130822894883,-0.29764582872607154,-1.0224759490947237
ORD200865,2023-04-30,C72241,4,677.37,156 Main St,TRK76270481,8,SAVE10,2709.48,1,4,0,1,338.685,2023,False,False,True,False,False,False,False,False,False,False,False,True,False,False,False,True,False,False,False,False,True,False,False,False,False,True,False,0.7492457523687547,1.6284395614111553,2.022775188905344,1.1025709740754481,0.8502585140494752,-0.5967873651341835,-1.0224759490947237
ORD200866,2024-07-26,C39664,5,189.25,693 Main St,TRK39917741,10,WINTER15,946.25,0,7,0,1,94.625,2024,True,False,False,False,False,False,False,True,False,False,False,False,False,False,False,False,False,False,False,False,False,False,False,False,False,False,True,1.4599927111375337,-0.8481329999377881,-0.13119183274444624,1.9793669773163614,-0.7337269695603459,0.3006372440901526,0.30974027122426084
ORD200867,2024-05-26,C53252,4,142.58,351 Main St,TRK65831261,4,FREESHIP,570.32,1,5,1,1,142.58,2024,False,False,False,False,True,False,False,False,False,False,True,False,False,False,True,False,False,False,False,False,True,False,False,False,False,False,False,0.7492457523687547,-1.0849223989342545,-0.5904290408504821,-0.6510210324063782,-0.42249192954350995,-0.29764582872607154,0.30974027122426084
ORD200868,2024-06-29,C70452,4,316.32,309 Main St,TRK42985882,7,None,1265.28,1,6,1,0,180.75428571428571,2024,False,False,True,False,False,False,False,True,False,False,True,False,False,False,True,False,False,False,False,True,False,False,False,False,True,False,False,0.7492457523687547,-0.20341843103954543,0.2585361658246188,0.6641729724549916,-0.1747351712930702,0.0014957076820405282,0.30974027122426084
ORD200869,2024-03-17,C29905,2,533.95,790 Main St,TRK16788127,5,WINTER15,1067.9,1,3,1,1,213.58,2024,True,False,False,False,False,False,False,False,False,True,True,False,False,False,False,True,False,False,False,False,True,False,False,False,False,False,True,-0.6722481651688036,0.9007700605739322,0.017416169719042463,-0.2126230307859216,0.03830856761414514,-0.8959289015422955,0.30974027122426084
ORD200870,2025-06-01,C78725,4,470.09,541 Main St,TRK72001139,4,FREESHIP,1880.36,1,6,1,1,470.09,2025,False,False,False,True,False,False,False,True,False,False,True,False,False,False,False,True,False,False,False,False,True,False,False,False,False,False,False,0.7492457523687547,0.576763824878317,1.0099197264924573,-0.6510210324063782,1.7030963919227378,0.0014957076820405282,1.6419564915432456
ORD200871,2024-05-16,C93768,3,324.3,720 Main St,TRK22024707,8,FREESHIP,972.9000000000001,0,5,0,1,121.61250000000001,2024,False,False,False,False,False,True,False,True,False,False,False,True,False,False,False,False,False,False,False,False,False,True,False,False,False,False,False,0.03849879359997556,-0.1629303358179511,-0.09863611333916893,1.1025709740754481,-0.5585741045315822,-0.29764582872607154,0.30974027122426084
ORD200872,2023-07-10,C59169,4,629.34,172 Main St,TRK90883858,7,None,2517.36,0,7,0,0,359.6228571428572,2023,False,False,False,False,False,False,False,False,False,False,False,False,False,True,False,False,False,False,True,False,False,False,False,False,True,False,False,0.7492457523687547,1.3847499356601316,1.788080824472254,0.6641729724549916,0.9861483025120744,0.3006372440901526,-1.0224759490947237
ORD200873,2024-05-12,C53488,3,136.84,448 Main St,TRK27365050,3,SAVE10,410.52,1,5,1,1,136.84,2024,True,False,False,False,False,False,False,False,False,False,True,False,False,False,True,False,False,False,False,False,True,False,False,False,False,True,False,0.03849879359997556,-1.1140454147954013,-0.7856411969841893,-1.0894190340268348,-0.4597453781869598,-0.29764582872607154,0.30974027122426084
ORD200874,2023-10-31,C92180,2,488.9,632 Main St,TRK93315929,7,FREESHIP,977.8,0,10,1,1,139.68571428571428,2023,False,False,False,False,False,False,False,False,False,False,True,False,False,False,True,False,False,False,False,False,False,False,True,False,False,False,False,-0.6722481651688036,0.6722000493292176,-0.0926502587393245,0.6641729724549916,-0.4412762717415263,1.1980618533144887,-1.0224759490947237
ORD200875,2023-08-03,C25918,5,133.39,203 Main St,TRK66473392,6,FREESHIP,666.9499999999999,0,8,1,1,111.15833333333332,2023,False,True,False,False,False,False,True,False,False,False,True,False,False,False,False,False,False,True,False,False,False,True,False,False,False,False,False,1.4599927111375337,-1.1315496664889477,-0.4723855449355878,0.22577497083453502,-0.6264231918184695,0.5997787804982646,-1.0224759490947237
ORD200876,2024-06-09,C90363,5,608.91,200 Main St,TRK21534173,6,SAVE10,3044.55,1,6,0,1,507.425,2024,False,False,False,False,False,False,False,False,True,False,False,True,False,False,False,True,False,False,False,False,True,False,False,False,False,True,False,1.4599927111375337,1.2810943234574785,2.4320976992665537,0.22577497083453502,1.9454060618013445,0.0014957076820405282,0.30974027122426084
ORD200877,2024-07-25,C43867,1,524.06,269 Main St,TRK97319127,3,FREESHIP,524.06,0,7,0,1,174.68666666666664,2024,False,False,False,False,False,True,False,True,False,False,False,True,False,False,False,False,False,False,False,False,False,True,False,False,False,False,False,-1.3829951239375826,0.8505912057190987,-0.6469403946849334,-1.0894190340268348,-0.2141149159931565,0.3006372440901526,0.30974027122426084
ORD200878,2023-06-01,C73873,2,330.69,393 Main St,TRK56423132,5,SAVE10,661.38,0,6,0,1,132.276,2023,True,False,False,False,False,False,False,False,False,True,False,False,False,False,False,True,False,False,False,False,False,True,False,False,False,True,False,-0.6722481651688036,-0.13050941746381747,-0.4791898735317376,-0.2126230307859216,-0.4893664129619955,0.0014957076820405282,-1.0224759490947237
ORD200879,2025-04-08,C56622,2,547.67,932 Main St,TRK86373987,3,None,1095.34,0,4,0,0,365.1133333333333,2025,False,False,False,True,False,False,False,False,True,False,False,False,False,True,False,False,True,False,False,False,False,False,True,False,True,False,False,-0.6722481651688036,0.9703811716566727,0.05093695547817194,-1.0894190340268348,1.021782304740295,-0.5967873651341835,1.6419564915432456
ORD200880,2025-03-12,C85074,4,233.7,506 Main St,TRK63133878,8,SAVE10,934.8,0,3,0,1,116.85,2025,False,True,False,False,False,False,False,False,False,True,False,False,False,True,True,False,False,False,False,False,False,False,False,True,False,True,False,0.7492457523687547,-0.6226072063789081,-0.14517918686040968,1.1025709740754481,-0.5894834336543053,-0.8959289015422955,1.6419564915432456
ORD200881,2023-01-03,C59579,2,448.85,386 Main St,TRK48000034,6,None,897.7,0,1,0,0,149.61666666666667,2023,False,False,False,False,False,True,True,False,False,False,False,True,False,False,False,False,True,False,False,False,False,False,True,False,True,False,False,-0.6722481651688036,0.46899851879978827,-0.19050065740209,0.22577497083453502,-0.37682292252473953,-1.4942119743585196,-1.0224759490947237
ORD200882,2025-06-28,C43335,2,274.12,533 Main St,TRK91848650,6,FREESHIP,548.24,1,6,1,1,91.37333333333333,2025,False,False,False,True,False,False,False,False,False,False,True,False,False,False,False,False,False,True,False,True,False,False,False,False,False,False,False,-0.6722481651688036,-0.41752840827654736,-0.6174020346391695,0.22577497083453502,-0.7548307669771201,0.0014957076820405282,1.6419564915432456
ORD200883,2025-05-13,C43595,5,561.48,451 Main St,TRK25317348,9,FREESHIP,2807.4,0,5,1,1,311.93333333333334,2025,False,False,False,False,True,False,False,False,False,True,True,False,False,False,True,False,False,False,False,False,False,False,True,False,False,False,False,1.4599927111375337,1.0404489153922891,2.142394552663871,1.5409689756959049,0.6766362422213643,-0.29764582872607154,1.6419564915432456
ORD200884,2024-05-15,C71471,1,595.54,817 Main St,TRK52137079,4,None,595.54,0,5,0,0,148.885,2024,False,False,False,False,False,False,False,False,True,False,False,False,False,True,False,False,True,False,False,False,False,False,False,True,True,False,False,-1.3829951239375826,1.2132590060248074,-0.5596202137059759,-0.6510210324063782,-0.38157154736634086,-0.29764582872607154,0.30974027122426084
ORD200885,2024-04-07,C61090,4,515.59,387 Main St,TRK36388962,7,FREESHIP,2062.36,1,4,0,1,294.6228571428572,2024,False,True,False,False,False,False,True,False,False,False,False,False,False,True,False,True,False,False,False,False,True,False,False,False,False,False,False,0.7492457523687547,0.807616999387407,1.2322514687723993,0.6641729724549916,0.5642886924381649,-0.5967873651341835,0.30974027122426084
ORD200886,2023-10-25,C29620,1,460.13,792 Main St,TRK22046456,1,None,460.13,0,10,0,0,460.13,2023,False,False,False,True,False,False,True,False,False,False,False,False,True,False,False,True,False,False,False,False,False,False,False,True,True,False,False,-1.3829951239375826,0.5262298112934701,-0.7250374731682118,-1.966215037267748,1.6384545193637206,1.1980618533144887,-1.0224759490947237
ORD200887,2024-12-19,C67932,3,171.66,857 Main St,TRK88547534,7,None,514.98,0,12,1,0,73.56857142857143,2024,False,False,False,False,False,False,False,True,False,False,True,False,False,False,False,True,False,False,False,False,False,True,False,False,True,False,False,0.03849879359997556,-0.9373793150941594,-0.6580325497393391,0.6641729724549916,-0.870386304124838,1.7963449261307127,0.30974027122426084
ORD200888,2024-07-23,C14427,2,266.95,833 Main St,TRK58024529,3,None,533.9,0,7,0,0,177.96666666666667,2024,False,True,False,False,False,False,True,False,False,False,False,True,False,False,False,False,True,False,False,False,False,False,True,False,True,False,False,-0.6722481651688036,-0.45390680962226554,-0.6349198213660617,-1.0894190340268348,-0.1928272310540421,0.3006372440901526,0.30974027122426084
ORD200889,2024-10-27,C36725,5,650.72,350 Main St,TRK16808790,8,WINTER15,3253.6,1,10,0,1,406.7,2024,False,False,True,False,False,False,True,False,False,False,False,False,False,False,False,False,False,False,False,False,True,False,False,False,False,False,True,1.4599927111375337,1.4932255591986887,2.6874738021435967,1.1025709740754481,1.2916859198829667,1.1980618533144887,0.30974027122426084
ORD200890,2023-08-11,C51921,3,439.53,943 Main St,TRK85741716,5,None,1318.59,0,8,0,0,263.71799999999996,2023,False,True,False,False,False,False,False,True,False,False,False,True,False,False,False,True,False,False,False,False,False,False,False,False,True,False,False,0.03849879359997556,0.4217116707464975,0.32365982066496873,-0.2126230307859216,0.36371160038161676,0.5997787804982646,-1.0224759490947237
ORD200891,2023-11-11,C36534,3,654.54,918 Main St,TRK38952138,7,SAVE10,1963.62,1,11,0,1,280.51714285714286,2023,False,False,True,False,False,False,False,False,False,False,False,False,True,False,False,False,False,True,False,True,False,False,False,False,False,True,False,0.03849879359997556,1.5126070784651657,1.1116303905706328,0.6641729724549916,0.4727405212322353,1.4972033897226007,-1.0224759490947237
ORD200892,2024-06-04,C72043,1,394.53,480 Main St,TRK40896408,2,FREESHIP,394.53,0,6,0,1,197.265,2024,True,False,False,False,False,False,False,False,False,False,False,False,False,True,False,False,False,True,False,False,False,False,True,False,False,False,False,-1.3829951239375826,0.19339534430893615,-0.8051746286273557,-1.5278170356472913,-0.06757819451440633,0.0014957076820405282,0.30974027122426084
ORD200893,2023-03-21,C99533,1,678.01,696 Main St,TRK55701253,4,FREESHIP,678.01,0,3,0,1,169.5025,2023,False,False,True,False,False,False,False,False,False,False,False,True,False,False,False,False,False,True,False,False,False,False,True,False,False,False,False,-1.3829951239375826,1.6316867269427118,-0.4588746159816528,-0.6510210324063782,-0.24776092412482031,-0.8959289015422955,-1.0224759490947237
ORD200894,2023-05-23,C90852,3,575.01,852 Main St,TRK37551831,8,WINTER15,1725.03,0,5,0,1,215.62875,2023,False,False,False,False,False,True,False,False,False,True,False,False,False,False,False,False,True,False,False,False,False,False,True,False,False,False,True,0.03849879359997556,1.1090960242078491,0.8201681356773839,1.1025709740754481,0.0516052580162823,-0.29764582872607154,-1.0224759490947237
ORD200895,2023-11-09,C81882,3,154.64,832 Main St,TRK62371264,6,WINTER15,463.92,0,11,0,1,77.32000000000001,2023,False,False,False,False,False,False,False,True,False,False,False,True,False,False,True,False,False,False,False,False,False,True,False,False,False,False,True,0.03849879359997556,-1.0237336234489882,-0.7204075978756788,0.22577497083453502,-0.8460389780577152,1.4972033897226007,-1.0224759490947237
ORD200896,2024-10-18,C85466,3,147.29,102 Main St,TRK66764177,3,FREESHIP,441.87,0,10,0,1,147.29,2024,True,False,False,False,False,False,False,False,True,False,False,False,False,True,False,True,False,False,False,False,False,False,False,False,False,False,False,0.03849879359997556,-1.0610252901004564,-0.7473439435749795,-1.0894190340268348,-0.39192333318276984,1.1980618533144887,0.30974027122426084
ORD200897,2024-09-03,C87995,4,481.48,358 Main St,TRK38730545,5,SAVE10,1925.92,0,9,1,1,385.184,2024,False,True,False,False,False,False,False,False,True,False,True,False,False,False,False,False,True,False,False,False,False,False,True,False,False,True,False,0.7492457523687547,0.6345532239477355,1.0655759582412165,-0.2126230307859216,1.1520438988006556,0.8989203169063766,0.30974027122426084
ORD200898,2025-03-05,C44619,3,158.37,742 Main St,TRK66662528,6,None,475.11,0,3,0,0,79.185,2025,False,False,True,False,False,False,False,False,False,False,False,False,False,True,False,False,False,True,False,False,False,False,False,True,True,False,False,0.03849879359997556,-1.0048087368353857,-0.7067378605344011,0.22577497083453502,-0.8339348523225176,-0.8959289015422955,1.6419564915432456
ORD200899,2025-04-23,C99904,2,323.37,552 Main St,TRK83843411,3,SAVE10,646.74,0,4,0,1,215.58,2025,False,False,False,False,True,False,False,False,False,True,False,True,False,False,False,False,True,False,False,False,False,False,False,True,False,True,False,-0.6722481651688036,-0.1676488732309941,-0.49707414115249776,-1.0894190340268348,0.05128886330872697,-0.5967873651341835,1.6419564915432456
ORD200900,2025-02-07,C52342,5,73.83,991 Main St,TRK67342586,9,None,369.15,0,2,0,0,41.016666666666666,2025,False,True,False,False,False,False,False,True,False,False,False,True,False,False,False,False,True,False,False,False,False,False,False,False,True,False,False,1.4599927111375337,-1.433739008769418,-0.8361789122485914,1.5409689756959049,-1.0816529787405331,-1.1950704379504076,1.6419564915432456
ORD200901,2024-04-28,C44277,1,458.63,839 Main St,TRK79321479,4,WINTER15,458.63,1,4,0,1,114.6575,2024,False,False,False,False,False,True,False,True,False,False,False,False,True,False,False,False,False,True,False,False,True,False,False,False,False,False,True,-1.3829951239375826,0.5186192670788848,-0.726869877637552,-0.6510210324063782,-0.6037130828094907,-0.5967873651341835,0.30974027122426084
ORD200902,2024-07-13,C61162,4,180.25,813 Main St,TRK76712124,7,None,721.0,1,7,0,0,103.0,2024,False,False,True,False,False,False,False,True,False,False,False,False,False,False,True,False,False,False,False,True,False,False,False,False,True,False,False,0.7492457523687547,-0.8937962652253004,-0.40635790389036325,0.6641729724549916,-0.6793719813392844,0.3006372440901526,0.30974027122426084
ORD200903,2023-05-17,C80868,3,473.49,205 Main St,TRK56186636,7,None,1420.47,0,5,0,0,202.92428571428573,2023,False,False,True,False,False,False,True,False,False,False,False,True,False,False,False,False,False,False,False,False,False,False,False,True,True,False,False,0.03849879359997556,0.5940143917647107,0.4481167322225539,0.6641729724549916,-0.030848593518630472,-0.29764582872607154,-1.0224759490947237
ORD200904,2025-02-05,C16693,4,237.43,262 Main St,TRK41146508,8,WINTER15,949.72,0,2,0,1,118.715,2025,False,False,True,False,False,False,False,False,False,False,False,False,False,False,False,False,False,True,False,False,False,False,False,True,False,False,True,0.7492457523687547,-0.6036823197653057,-0.1269528704053726,1.1025709740754481,-0.5773793079191077,-1.1950704379504076,1.6419564915432456
ORD200905,2023-11-23,C67818,1,442.39,101 Main St,TRK81978113,6,FREESHIP,442.39,0,11,0,1,73.73166666666667,2023,False,True,False,False,False,False,False,False,True,False,False,True,False,False,True,False,False,False,False,False,False,True,False,False,False,False,False,-1.3829951239375826,0.4362224417156404,-0.7467087100256082,0.22577497083453502,-0.8693277919164106,1.4972033897226007,-1.0224759490947237
ORD200906,2024-09-03,C49938,1,62.12,141 Main St,TRK80175572,2,None,62.12,0,9,0,0,31.06,2024,False,False,True,False,False,False,False,False,False,False,False,False,True,False,False,False,False,False,False,False,False,False,True,False,True,False,False,-1.3829951239375826,-1.4931519906046142,-1.211247675062935,-1.5278170356472913,-1.146273217473393,0.8989203169063766,0.30974027122426084
ORD200907,2024-08-04,C90898,5,298.39,583 Main St,TRK52935170,7,WINTER15,1491.95,1,8,0,1,213.1357142857143,2024,True,False,False,False,False,False,False,False,True,False,False,False,False,False,False,False,False,True,False,False,True,False,False,False,False,False,True,1.4599927111375337,-0.294389802884556,0.5354369132015112,0.6641729724549916,0.03542508764199162,0.5997787804982646,0.30974027122426084
ORD200908,2025-05-06,C35117,2,697.93,332 Main St,TRK27155709,2,SAVE10,1395.86,0,5,0,1,697.93,2025,True,False,False,False,False,False,True,False,False,False,False,False,False,False,False,True,False,False,False,False,False,False,True,False,False,True,False,-0.6722481651688036,1.7327547541124053,0.41805308289557913,-1.5278170356472913,3.1818116774495,-0.29764582872607154,1.6419564915432456
ORD200909,2024-05-27,C60203,2,291.85,569 Main St,TRK76525279,5,FREESHIP,583.7,0,5,0,1,116.74000000000001,2024,False,False,False,False,False,True,False,False,False,False,False,False,False,True,False,False,True,False,True,False,False,False,False,False,False,False,False,-0.6722481651688036,-0.3275717756601481,-0.5740839929839676,-0.2126230307859216,-0.5901973499175073,-0.29764582872607154,0.30974027122426084
ORD200910,2024-05-31,C36174,3,308.98,348 Main St,TRK26397548,3,SAVE10,926.94,0,5,1,1,308.98,2024,False,False,False,False,True,False,False,False,False,False,True,False,False,False,False,False,True,False,False,False,False,False,False,False,False,True,False,0.03849879359997556,-0.24065936072958308,-0.1547809862797521,-1.0894190340268348,0.6574686722456986,-0.29764582872607154,0.30974027122426084
ORD200911,2024-08-13,C80872,5,396.86,593 Main St,TRK43967487,9,SAVE10,1984.3,0,8,0,1,220.47777777777776,2024,True,False,False,False,False,False,False,False,False,False,False,False,False,False,False,False,True,False,False,False,False,False,True,False,False,True,False,1.4599927111375337,0.20521705632225898,1.136893140187936,1.5409689756959049,0.0830761652096805,0.5997787804982646,0.30974027122426084
ORD200912,2024-01-22,C67604,2,139.69,318 Main St,TRK85545920,7,FREESHIP,279.38,0,1,0,1,39.91142857142857,2024,True,False,False,False,False,False,False,False,False,True,False,False,True,False,False,False,False,False,True,False,False,False,False,False,False,False,False,-0.6722481651688036,-1.0995853807876892,-0.9458422117237034,0.6641729724549916,-1.0888261373850865,-1.4942119743585196,0.30974027122426084
ORD200913,2023-02-16,C45599,5,475.95,505 Main St,TRK62277685,8,WINTER15,2379.75,0,2,0,1,297.46875,2023,False,False,False,False,True,False,True,False,False,False,False,False,True,False,True,False,False,False,False,False,False,True,False,False,False,False,True,1.4599927111375337,0.6064956842766306,1.6199760384549857,1.1025709740754481,0.5827589578385709,-1.1950704379504076,-1.0224759490947237
ORD200914,2025-02-10,C70352,1,626.6,955 Main St,TRK51589589,4,WINTER15,626.6,0,2,0,1,156.65,2025,True,False,False,False,False,False,False,False,True,False,False,False,True,False,True,False,False,False,True,False,False,False,False,False,False,False,True,-1.3829951239375826,1.3708480082281558,-0.5216772251608386,-0.6510210324063782,-0.3311755493321268,-1.1950704379504076,1.6419564915432456
ORD200915,2024-02-16,C20643,4,502.99,939 Main St,TRK30736692,4,WINTER15,2011.96,0,2,0,1,502.99,2024,False,True,False,False,False,False,False,True,False,False,False,False,False,True,False,False,False,True,False,False,False,False,False,False,False,False,True,0.7492457523687547,0.7436884279848898,1.1706826786025692,-0.6510210324063782,1.9166222560986093,-1.1950704379504076,0.30974027122426084
ORD200916,2024-06-21,C35669,5,578.83,165 Main St,TRK13928455,6,None,2894.15,0,6,0,0,482.35833333333335,2024,False,False,False,False,True,False,False,False,False,False,False,False,True,False,False,False,False,True,False,False,False,False,False,False,True,False,False,1.4599927111375337,1.1284775434743268,2.2483686111407115,0.22577497083453502,1.782719689095919,0.0014957076820405282,0.30974027122426084
ORD200917,2025-01-20,C65524,5,383.82,836 Main St,TRK19315310,7,FREESHIP,1919.1,0,1,0,1,274.15714285714284,2025,False,True,False,False,False,False,True,False,False,False,False,False,True,False,False,True,False,False,True,False,False,False,False,False,False,False,False,1.4599927111375337,0.13905605861679662,1.0572446259206163,0.6641729724549916,0.431463180923465,-1.4942119743585196,1.6419564915432456
ORD200918,2025-06-24,C74359,5,368.25,706 Main St,TRK18250450,5,None,1841.25,0,6,1,0,368.25,2025,False,True,False,False,False,False,False,False,False,True,True,False,False,False,False,False,True,False,False,False,False,False,True,False,True,False,False,1.4599927111375337,0.06005860966940044,0.9621428339618611,-0.2126230307859216,1.042139735154631,0.0014957076820405282,1.6419564915432456
ORD200919,2025-02-07,C92086,2,374.6,187 Main St,TRK23357668,3,FREESHIP,749.2,0,2,0,1,249.73333333333335,2025,False,False,False,False,True,False,False,False,False,True,False,False,False,True,False,False,False,True,False,False,False,False,False,False,False,False,False,-0.6722481651688036,0.09227658017781198,-0.37190869986676783,-1.0894190340268348,0.2729490461198694,-1.1950704379504076,1.6419564915432456
ORD200920,2025-03-12,C26137,2,428.09,978 Main St,TRK98110407,6,None,856.18,0,3,0,0,142.69666666666666,2025,False,False,False,False,False,True,True,False,False,False,False,False,True,False,False,False,True,False,False,False,False,False,False,True,True,False,False,-0.6722481651688036,0.36366858686992637,-0.2412216131134263,0.22577497083453502,-0.4217347456279928,-0.8959289015422955,1.6419564915432456
ORD200921,2023-07-24,C90573,1,438.93,144 Main St,TRK90075720,3,SAVE10,438.93,0,7,0,1,146.31,2023,False,False,False,False,False,True,False,False,True,False,False,False,False,False,False,False,False,True,True,False,False,False,False,False,False,True,False,-1.3829951239375826,0.41866745306066355,-0.7509354563348862,-1.0894190340268348,-0.3982836780731149,0.3006372440901526,-1.0224759490947237
ORD200922,2024-06-17,C81857,2,563.82,487 Main St,TRK79737732,3,None,1127.64,0,6,0,0,375.88000000000005,2024,True,False,False,False,False,False,True,False,False,False,False,True,False,False,False,False,True,False,True,False,False,False,False,False,True,False,False,-0.6722481651688036,1.0523213643670424,0.09039473171796404,-1.0894190340268348,1.0916595632294612,0.0014957076820405282,0.30974027122426084
ORD200923,2023-02-11,C91582,3,649.93,836 Main St,TRK99938245,7,WINTER15,1949.79,1,2,0,1,278.5414285714286,2023,False,False,False,False,True,False,True,False,False,False,False,True,False,False,True,False,False,False,False,True,False,False,False,False,False,False,True,0.03849879359997556,1.4892173392456733,1.0947356213633164,0.6641729724549916,0.4599178434139449,-1.1950704379504076,-1.0224759490947237
ORD200924,2025-03-22,C81319,5,268.43,991 Main St,TRK55330558,5,SAVE10,1342.15,1,3,0,1,268.43,2025,False,False,False,False,True,False,False,False,False,False,False,False,True,False,False,False,False,False,False,True,False,False,False,False,False,True,False,1.4599927111375337,-0.4463977393305412,0.35244078686340535,-0.2126230307859216,0.3942931770380519,-0.8959289015422955,1.6419564915432456
ORD200925,2024-12-20,C78500,5,502.47,304 Main St,TRK97460884,10,WINTER15,2512.35,0,12,0,1,251.23499999999999,2024,False,False,True,False,False,False,False,False,False,True,False,False,False,True,False,False,False,False,False,False,False,False,False,False,False,False,True,1.4599927111375337,0.7410501059905003,1.7819605935446574,1.9793669773163614,0.28269508480388444,1.7963449261307127,0.30974027122426084
ORD200926,2024-03-20,C67533,1,26.95,672 Main St,TRK14566395,1,WINTER15,26.95,0,3,1,1,26.95,2024,True,False,False,False,False,False,False,False,False,False,True,False,False,False,False,False,False,False,False,False,False,False,False,True,False,False,True,-1.3829951239375826,-1.6715938839559261,-1.2542114518540644,-1.966215037267748,-1.1729477251257587,-0.8959289015422955,0.30974027122426084
ORD200927,2023-02-14,C35566,4,64.69,638 Main St,TRK10003020,7,WINTER15,258.76,0,2,0,1,36.965714285714284,2023,False,True,False,False,False,False,False,True,False,False,False,False,False,True,False,True,False,False,False,False,False,False,True,False,False,False,True,0.7492457523687547,-1.480112591516958,-0.971031665162233,0.6641729724549916,-1.1079442586152493,-1.1950704379504076,-1.0224759490947237
ORD200928,2024-05-09,C77166,3,247.11,821 Main St,TRK18896595,3,WINTER15,741.33,0,5,0,1,247.11,2024,False,True,False,False,False,False,False,True,False,False,False,False,True,False,False,False,False,True,False,False,False,True,False,False,False,False,True,0.03849879359997556,-0.5545689411005147,-0.381522715315906,-1.0894190340268348,0.2559232249338096,-0.29764582872607154,0.30974027122426084
ORD200929,2024-10-16,C67936,2,536.25,553 Main St,TRK71803414,3,None,1072.5,0,10,0,0,357.5,2024,False,False,False,False,False,True,False,True,False,False,False,True,False,False,False,False,False,False,False,False,False,False,False,True,True,False,False,-0.6722481651688036,0.9124395617029629,0.023035543425018904,-1.0894190340268348,0.9723706457962538,1.1980618533144887,0.30974027122426084
ORD200930,2024-12-16,C59554,2,456.04,382 Main St,TRK28182447,4,FREESHIP,912.08,0,12,0,1,228.02,2024,False,False,False,True,False,False,False,True,False,False,False,False,True,False,False,False,False,False,True,False,False,False,False,False,False,False,False,-0.6722481651688036,0.5054783940683675,-0.17293400655601548,-0.6510210324063782,0.13202630252902595,1.7963449261307127,0.30974027122426084
ORD200931,2024-01-01,C14005,2,40.23,623 Main St,TRK87567926,4,SAVE10,80.46,0,1,0,1,20.115,2024,False,False,False,False,True,False,True,False,False,False,False,False,False,False,False,True,False,False,True,False,False,False,False,False,False,True,False,-0.6722481651688036,-1.6042151991761302,-1.1888434764178024,-0.6510210324063782,-1.217307885661992,-1.4942119743585196,0.30974027122426084
ORD200932,2023-03-26,C26118,2,72.39,168 Main St,TRK15334251,7,WINTER15,144.78,1,3,1,1,20.68285714285714,2023,False,True,False,False,False,False,False,False,False,True,True,False,False,False,False,False,True,False,False,False,True,False,False,False,False,False,True,-0.6722481651688036,-1.4410451312154198,-1.1102699727724956,0.6641729724549916,-1.213622408848709,-0.8959289015422955,-1.0224759490947237
ORD200933,2023-01-26,C59685,2,394.16,255 Main St,TRK43718093,2,None,788.32,0,1,0,0,394.16,2023,False,False,True,False,False,False,False,False,False,True,False,False,False,True,False,False,False,True,False,False,False,True,False,False,True,False,False,-0.6722481651688036,0.19151807673600535,-0.3241195913063759,-1.5278170356472913,1.210299465877939,-1.4942119743585196,-1.0224759490947237
ORD200934,2025-06-01,C40304,4,119.84,692 Main St,TRK85790948,8,FREESHIP,479.36,1,6,0,1,59.92,2025,False,True,False,False,False,False,False,False,True,False,False,False,False,True,False,False,False,True,False,False,True,False,False,False,False,False,False,0.7492457523687547,-1.2002982492273688,-0.7015460478712706,1.1025709740754481,-0.958967550600577,0.0014957076820405282,1.6419564915432456
ORD200935,2023-11-24,C39593,3,692.71,398 Main St,TRK62405253,3,FREESHIP,2078.13,0,11,1,1,692.71,2023,False,False,False,True,False,False,True,False,False,False,True,False,False,False,False,False,True,False,False,False,False,False,False,False,False,False,False,0.03849879359997556,1.7062700602456486,1.2515161477600625,-1.0894190340268348,3.147933105686642,1.4972033897226007,-1.0224759490947237
ORD200936,2024-01-12,C50612,4,56.66,737 Main St,TRK44140968,4,SAVE10,226.64,0,1,1,1,56.66,2024,False,False,False,False,False,False,False,False,False,True,True,False,False,False,False,False,True,False,False,False,False,False,False,False,False,True,False,0.7492457523687547,-1.520854371545705,-1.0102695528657042,-0.6510210324063782,-0.9801254325827455,-1.4942119743585196,0.30974027122426084
ORD200937,2024-01-16,C39791,2,298.53,536 Main St,TRK46221436,5,WINTER15,597.06,0,1,0,1,119.41199999999999,2024,False,False,False,False,False,False,False,True,False,False,False,False,False,False,False,False,False,False,False,False,False,False,True,False,False,False,True,-0.6722481651688036,-0.29367948542452815,-0.5577633771770446,-0.2126230307859216,-0.572855674869546,-1.4942119743585196,0.30974027122426084
ORD200938,2023-07-12,C39017,3,331.46,696 Main St,TRK91155214,6,WINTER15,994.3799999999999,0,7,0,1,165.73,2023,False,False,False,False,False,False,True,False,False,False,False,False,False,False,False,False,False,True,False,False,False,False,False,True,False,False,True,0.03849879359997556,-0.12660267143366374,-0.0723960813382178,0.22577497083453502,-0.2722450068787254,0.3006372440901526,-1.0224759490947237
ORD200939,2025-04-16,C48510,2,521.4,212 Main St,TRK53152886,7,SAVE10,1042.8,0,4,1,1,148.97142857142856,2025,False,True,False,False,False,False,False,False,False,False,True,False,False,False,False,False,True,False,False,False,False,False,False,True,False,True,False,-0.6722481651688036,0.8370951739785675,-0.013246065067916713,0.6641729724549916,-0.38101061315953927,-0.5967873651341835,1.6419564915432456
ORD200940,2023-03-27,C74003,4,305.32,679 Main St,TRK91525779,4,SAVE10,1221.28,0,3,0,1,305.32,2023,False,False,False,False,True,False,False,False,False,True,False,False,False,False,False,True,False,False,True,False,False,False,False,False,False,True,False,0.7492457523687547,-0.25922908861317157,0.20478563472397351,-0.6510210324063782,0.6337147311246136,-0.8959289015422955,-1.0224759490947237
ORD200941,2023-07-17,C91155,5,111.7,599 Main St,TRK82162952,9,FREESHIP,558.5,0,7,0,1,62.05555555555556,2023,False,False,False,False,True,False,True,False,False,False,False,False,False,False,False,False,False,False,True,False,False,False,False,False,False,False,False,1.4599927111375337,-1.2415981358318524,-0.6048683880688828,1.5409689756959049,-0.9451074793089181,0.3006372440901526,-1.0224759490947237
ORD200942,2023-09-29,C17591,1,479.76,882 Main St,TRK56070470,1,None,479.76,0,9,0,0,479.76,2023,False,False,False,False,False,True,True,False,False,False,False,True,False,False,False,False,False,False,False,False,False,False,False,False,True,False,False,-1.3829951239375826,0.6258264665816775,-0.7010574066794466,-1.966215037267748,1.765856121606041,0.8989203169063766,-1.0224759490947237
ORD200943,2023-12-27,C43330,3,193.49,355 Main St,TRK71594838,6,FREESHIP,580.47,0,12,0,1,96.745,2023,False,False,True,False,False,False,False,False,True,False,False,False,True,False,True,False,False,False,False,False,False,False,False,True,False,False,False,0.03849879359997556,-0.8266205282912268,-0.5780297706079469,0.22577497083453502,-0.7199678561240891,1.7963449261307127,-1.0224759490947237
ORD200944,2024-12-16,C32687,2,426.22,448 Main St,TRK98284560,7,WINTER15,852.44,0,12,1,1,121.77714285714286,2024,False,True,False,False,False,False,False,False,False,True,True,False,False,False,False,True,False,False,True,False,False,False,False,False,False,False,True,-0.6722481651688036,0.3541807750824102,-0.245790408256981,0.6641729724549916,-0.5575055480467247,1.7963449261307127,0.30974027122426084
ORD200945,2023-08-20,C79722,5,276.44,619 Main St,TRK29976438,10,FREESHIP,1382.2,1,8,0,1,138.22,2023,False,False,False,False,False,True,False,False,True,False,False,False,False,True,False,False,False,True,False,False,True,False,False,False,False,False,False,1.4599927111375337,-0.40575743322465535,0.4013659861947881,1.9793669773163614,-0.4507889741576984,0.5997787804982646,-1.0224759490947237
ORD200946,2024-05-04,C65021,2,404.96,546 Main St,TRK20626179,4,SAVE10,809.92,1,5,0,1,202.48,2024,False,False,False,True,False,False,False,False,False,False,False,False,False,True,False,False,False,False,False,True,False,False,False,False,False,True,False,-0.6722481651688036,0.24631399508101984,-0.29773296694787743,-0.6510210324063782,-0.03373207349078418,-0.29764582872607154,0.30974027122426084
ORD200947,2023-09-07,C85520,4,465.66,119 Main St,TRK65994177,9,FREESHIP,1862.64,0,9,0,1,206.96,2023,False,False,False,True,False,False,False,False,False,True,False,False,True,False,False,False,False,False,False,False,False,True,False,False,False,False,False,0.7492457523687547,0.554287350964575,0.9882729216946522,1.5409689756959049,-0.004656211134920756,0.8989203169063766,-1.0224759490947237
ORD200948,2024-06-21,C94569,2,594.07,739 Main St,TRK79269291,2,None,1188.14,0,6,0,0,594.07,2024,False,False,False,True,False,False,False,False,True,False,False,False,False,False,False,True,False,False,False,False,False,False,False,False,True,False,False,-0.6722481651688036,1.2058006726945143,0.1643017119813513,-1.5278170356472913,2.507744922029866,0.0014957076820405282,0.30974027122426084
ORD200949,2023-11-09,C55778,5,110.38,319 Main St,TRK93797108,10,None,551.9,0,11,0,0,55.19,2023,True,False,False,False,False,False,False,False,False,False,False,True,False,False,False,False,False,True,False,False,False,True,False,False,True,False,False,1.4599927111375337,-1.2482954147406875,-0.6129309677339796,1.9793669773163614,-0.9896659499182632,1.4972033897226007,-1.0224759490947237
ORD200950,2024-05-31,C19722,1,596.24,891 Main St,TRK78094361,4,FREESHIP,596.24,0,5,0,1,149.06,2024,False,True,False,False,False,False,True,False,False,False,False,False,True,False,False,False,True,False,False,False,False,False,False,False,False,False,False,-1.3829951239375826,1.2168105933249476,-0.5587650916202838,-0.6510210324063782,-0.38043577149306484,-0.29764582872607154,0.30974027122426084
ORD200951,2024-07-22,C74928,2,306.24,589 Main St,TRK39845914,4,FREESHIP,612.48,0,7,0,1,153.12,2024,False,False,False,False,True,False,False,False,False,True,False,False,True,False,False,False,False,False,True,False,False,False,False,False,False,False,False,-0.6722481651688036,-0.2545612881615591,-0.5389262592322275,-0.6510210324063782,-0.35408577123306373,0.3006372440901526,0.30974027122426084
ORD200952,2025-02-27,C49111,3,503.39,225 Main St,TRK45303393,5,None,1510.17,0,2,0,0,302.034,2025,False,False,True,False,False,False,False,False,False,True,False,True,False,False,True,False,False,False,False,False,False,True,False,False,True,False,False,0.03849879359997556,0.7457179064421124,0.5576945194890967,-0.2126230307859216,0.6123881052984157,-1.1950704379504076,1.6419564915432456
ORD200953,2023-02-06,C43721,1,131.61,971 Main St,TRK89392104,2,FREESHIP,131.61,0,2,0,1,65.805,2023,False,False,False,True,False,False,False,False,False,False,False,False,False,True,True,False,False,False,True,False,False,False,False,False,False,False,False,-1.3829951239375826,-1.1405808456235889,-1.1263584840133023,-1.5278170356472913,-0.9207730305192701,-1.1950704379504076,-1.0224759490947237
ORD200954,2024-10-22,C68609,3,443.44,240 Main St,TRK58273778,3,FREESHIP,1330.32,0,10,0,1,443.44,2024,False,False,False,False,False,False,False,False,True,False,False,False,False,True,False,True,False,False,False,False,False,False,True,False,False,False,False,0.03849879359997556,0.4415498226658502,0.33798922361520894,-1.0894190340268348,1.530133951792435,1.1980618533144887,0.30974027122426084
ORD200955,2023-01-23,C82068,1,408.13,164 Main St,TRK25779180,3,WINTER15,408.13,0,1,0,1,136.04333333333332,2023,False,False,False,False,False,False,False,False,True,False,False,False,False,True,False,False,True,False,True,False,False,False,False,False,False,False,True,-1.3829951239375826,0.2623976118545104,-0.788560828105338,-1.0894190340268348,-0.46491586263863505,-1.4942119743585196,-1.0224759490947237
ORD200956,2024-04-11,C21191,2,160.98,381 Main St,TRK86246309,3,SAVE10,321.96,0,4,1,1,107.32,2024,False,False,False,True,False,False,False,True,False,False,True,False,False,False,False,False,False,True,False,False,False,True,False,False,False,True,False,-0.6722481651688036,-0.9915663899020073,-0.8938263568540334,-1.0894190340268348,-0.6513345426389877,-0.5967873651341835,0.30974027122426084
ORD200957,2023-01-12,C73575,5,643.89,851 Main St,TRK23387612,8,WINTER15,3219.45,0,1,0,1,402.43125,2023,False,False,True,False,False,False,False,False,False,False,False,False,True,False,True,False,False,False,False,False,False,True,False,False,False,False,True,1.4599927111375337,1.4585722145416096,2.645756060391618,1.1025709740754481,1.2639811012598436,-1.4942119743585196,-1.0224759490947237
ORD200958,2023-05-13,C82685,3,158.66,537 Main St,TRK70184320,7,WINTER15,475.98,1,5,1,1,67.99714285714286,2023,True,False,False,False,False,False,False,False,True,False,True,False,False,False,False,False,False,False,False,True,False,False,False,False,False,False,True,0.03849879359997556,-1.0033373649538992,-0.7056750659421838,0.6641729724549916,-0.9065456992740301,-0.29764582872607154,-1.0224759490947237
ORD200959,2024-04-13,C73996,2,143.82,856 Main St,TRK74579570,6,SAVE10,287.64,1,4,0,1,47.94,2024,False,False,False,False,False,True,True,False,False,False,False,False,True,False,False,False,True,False,False,True,False,False,False,False,False,True,False,-0.6722481651688036,-1.078631015716864,-0.9357517711125368,0.22577497083453502,-1.0367195218111223,-0.5967873651341835,0.30974027122426084
ORD200960,2023-12-11,C87687,3,379.07,312 Main St,TRK60383805,3,WINTER15,1137.21,0,12,0,1,379.07,2023,False,True,False,False,False,False,False,False,True,False,False,True,False,False,False,True,False,False,True,False,False,False,False,False,False,False,True,0.03849879359997556,0.11495600193727627,0.10208547223235431,-1.0894190340268348,1.1123631348623189,1.7963449261307127,-1.0224759490947237
ORD200961,2024-11-11,C55464,1,601.36,532 Main St,TRK81178598,1,None,601.36,0,11,0,0,601.36,2024,False,False,False,True,False,False,False,False,False,True,False,False,False,True,True,False,False,False,True,False,False,False,False,False,True,False,False,-1.3829951239375826,1.242787917577399,-0.552510484364936,-1.966215037267748,2.5550580998366166,1.4972033897226007,0.30974027122426084
ORD200962,2024-09-06,C12459,2,142.08,838 Main St,TRK30674085,4,SAVE10,284.16,0,9,1,1,71.04,2024,False,False,False,True,False,False,False,False,True,False,True,False,False,False,False,False,False,True,False,False,False,False,False,False,False,True,False,-0.6722481651688036,-1.087459247005783,-0.940002949481406,-0.6510210324063782,-0.886797106538702,0.8989203169063766,0.30974027122426084
ORD200963,2024-03-11,C88075,5,530.34,970 Main St,TRK42832976,9,FREESHIP,2651.7,0,3,0,1,294.6333333333333,2024,False,False,False,False,False,False,False,False,False,True,False,False,False,True,False,True,False,False,True,False,False,False,False,False,False,False,False,1.4599927111375337,0.8824540174974966,1.9521909687463601,1.5409689756959049,0.5643566844632314,-0.8959289015422955,0.30974027122426084
ORD200964,2023-08-20,C18583,5,364.42,778 Main St,TRK43084595,10,SAVE10,1822.1,1,8,0,1,182.20999999999998,2023,False,False,False,True,False,False,True,False,False,False,False,False,False,False,False,False,False,True,False,False,True,False,False,False,False,True,False,1.4599927111375337,0.04062635344149251,0.9387491369032847,1.9793669773163614,-0.1652873703553711,0.5997787804982646,-1.0224759490947237
ORD200965,2025-06-18,C70412,4,578.28,791 Main St,TRK22192783,5,FREESHIP,2313.12,0,6,0,1,462.62399999999997,2025,False,True,False,False,False,False,False,False,True,False,False,False,False,False,False,False,False,False,False,False,False,False,False,True,False,False,False,0.7492457523687547,1.1256870105956451,1.5385806319268946,-0.2126230307859216,1.6546409480948638,0.0014957076820405282,1.6419564915432456
ORD200966,2025-05-20,C58503,5,280.52,290 Main St,TRK12981657,7,WINTER15,1402.6,0,5,0,1,200.37142857142857,2025,False,False,True,False,False,False,True,False,False,False,False,False,False,False,True,False,False,False,False,False,False,False,True,False,False,False,True,1.4599927111375337,-0.3850567529609832,0.42628668697781436,0.6641729724549916,-0.047417013808786136,-0.29764582872607154,1.6419564915432456
ORD200967,2025-05-06,C52879,5,638.92,502 Main St,TRK67403284,5,FREESHIP,3194.6,0,5,0,1,638.92,2025,False,False,False,False,False,True,True,False,False,False,False,False,True,False,False,True,False,False,False,False,False,False,True,False,False,False,False,1.4599927111375337,1.4333559447106166,2.6153992263495494,-0.2126230307859216,2.798828052980863,-0.29764582872607154,1.6419564915432456
ORD200968,2024-02-08,C67870,4,412.2,664 Main St,TRK72602178,6,WINTER15,1648.8,0,2,0,1,274.8,2024,False,False,True,False,False,False,True,False,False,False,False,False,False,True,False,False,False,True,False,False,False,True,False,False,False,False,True,0.7492457523687547,0.283047555156752,0.727045340545516,0.22577497083453502,0.43563541882529505,-1.1950704379504076,0.30974027122426084
ORD200969,2025-06-05,C19439,1,440.34,675 Main St,TRK25383993,2,WINTER15,440.34,0,6,0,1,220.17,2025,True,False,False,False,False,False,False,False,True,False,False,False,False,True,True,False,False,False,False,False,False,True,False,False,False,False,True,-1.3829951239375826,0.42582136462237363,-0.7492129961337066,-1.5278170356472913,0.08107864192779211,0.0014957076820405282,1.6419564915432456
ORD200970,2024-09-07,C72664,1,627.15,241 Main St,TRK86694331,5,SAVE10,627.15,1,9,1,1,125.42999999999999,2024,True,False,False,False,False,False,False,False,False,False,True,False,False,False,False,False,True,False,False,True,False,False,False,False,False,True,False,-1.3829951239375826,1.3736385411068368,-0.5210053435220805,-0.2126230307859216,-0.5337979651245492,0.8989203169063766,0.30974027122426084
ORD200971,2024-05-27,C32650,2,605.26,934 Main St,TRK66648743,4,WINTER15,1210.52,0,5,0,1,302.63,2024,False,False,True,False,False,False,False,False,False,False,False,False,False,False,False,False,False,True,True,False,False,False,False,False,False,False,True,-0.6722481651688036,1.2625753325353208,0.19164118666390664,-0.6510210324063782,0.6162562334154011,-0.29764582872607154,0.30974027122426084
ORD200972,2024-06-09,C66438,1,90.27,816 Main St,TRK32035271,5,SAVE10,90.27,1,6,1,1,18.054,2024,False,True,False,False,False,False,False,False,False,False,True,False,False,False,True,False,False,False,False,False,True,False,False,False,False,True,False,-1.3829951239375826,-1.3503274441775621,-1.1768595511883178,-0.2126230307859216,-1.2306840803752586,0.0014957076820405282,0.30974027122426084
ORD200973,2025-06-09,C70010,5,230.77,141 Main St,TRK50594008,10,WINTER15,1153.85,0,6,0,1,115.38499999999999,2025,True,False,False,False,False,False,False,False,False,True,False,True,False,False,False,False,False,True,True,False,False,False,False,False,False,False,True,1.4599927111375337,-0.6374731360780648,0.12241294581223455,1.9793669773163614,-0.5989915002505866,0.0014957076820405282,1.6419564915432456
ORD200974,2023-09-27,C30722,5,266.78,274 Main St,TRK52088168,5,None,1333.9,0,9,0,0,266.78000000000003,2023,True,False,False,False,False,False,False,False,True,False,False,False,False,False,False,False,False,False,False,False,False,False,False,True,True,False,False,1.4599927111375337,-0.4547693379665853,0.3423625622820344,-0.2126230307859216,0.383584433090022,0.8989203169063766,-1.0224759490947237
ORD200975,2023-05-18,C70529,1,105.92,974 Main St,TRK82165408,6,SAVE10,105.92,0,5,0,1,17.653333333333332,2023,True,False,False,False,False,False,False,False,True,False,False,False,True,False,False,False,False,False,False,False,False,True,False,False,False,True,False,-1.3829951239375826,-1.2709240995387212,-1.1577414645582018,0.22577497083453502,-1.2332844662794065,-0.29764582872607154,-1.0224759490947237
ORD200976,2024-04-04,C18984,3,589.3,650 Main St,TRK49298239,6,WINTER15,1767.9,0,4,0,1,294.65000000000003,2024,False,False,False,False,False,True,True,False,False,False,False,False,True,False,False,False,False,True,False,False,False,True,False,False,False,False,True,0.03849879359997556,1.1815991420921323,0.8725382554111264,0.22577497083453502,0.5644648535940199,-0.5967873651341835,0.30974027122426084
ORD200977,2023-01-28,C85841,4,649.47,608 Main St,TRK99820544,8,SAVE10,2597.88,1,1,0,1,324.735,2023,False,False,False,False,False,False,False,False,False,False,False,True,False,False,False,True,False,False,False,True,False,False,False,False,False,True,False,0.7492457523687547,1.4868834390198675,1.8864442963864347,1.1025709740754481,0.7597209515797669,-1.4942119743585196,-1.0224759490947237
ORD200978,2024-06-25,C41508,4,107.49,993 Main St,TRK61047536,5,None,429.96,0,6,1,0,85.99199999999999,2024,False,False,False,False,True,False,False,False,False,False,True,False,False,False,False,True,False,False,False,False,False,False,True,False,True,False,False,0.7492457523687547,-1.2629583965941218,-0.7618932350615405,-0.2126230307859216,-0.7897564159260084,0.0014957076820405282,0.30974027122426084
ORD200979,2023-05-31,C75018,3,669.06,299 Main St,TRK51794806,7,SAVE10,2007.18,0,5,1,1,286.74,2023,False,False,True,False,False,False,False,False,False,False,True,False,False,False,True,False,False,False,False,False,False,False,False,True,False,True,False,0.03849879359997556,1.5862771464623522,1.1648434163602719,0.6641729724549916,0.5131277841219486,-0.29764582872607154,-1.0224759490947237
ORD200980,2023-10-14,C84320,3,69.65,107 Main St,TRK81093218,7,WINTER15,208.95,1,10,1,1,29.849999999999998,2023,False,False,False,False,False,False,False,False,False,False,True,False,False,False,False,False,True,False,False,True,False,False,False,False,False,False,True,0.03849879359997556,-1.4549470586473956,-1.0318797095741226,0.6641729724549916,-1.154126296368615,1.1980618533144887,-1.0224759490947237
ORD200981,2023-11-26,C12609,4,136.83,490 Main St,TRK56379337,8,SAVE10,547.32,1,11,0,1,68.415,2023,False,False,False,True,False,False,False,True,False,False,False,True,False,False,False,False,False,False,False,False,True,False,False,False,False,True,False,0.7492457523687547,-1.1140961517568317,-0.6185259093803648,1.1025709740754481,-0.9038337446378407,1.4972033897226007,-1.0224759490947237
ORD200982,2024-09-06,C64935,1,304.11,707 Main St,TRK42969065,2,SAVE10,304.11,0,9,0,1,152.055,2024,False,False,True,False,False,False,False,False,True,False,False,False,False,True,False,False,False,True,False,False,False,False,False,False,False,True,False,-1.3829951239375826,-0.2653682609462703,-0.9156319700391816,-1.5278170356472913,-0.36099777869042854,0.8989203169063766,0.30974027122426084
ORD200983,2024-11-24,C67528,4,296.28,110 Main St,TRK60865210,5,SAVE10,1185.12,1,11,0,1,237.02399999999997,2024,False,False,True,False,False,False,False,False,True,False,False,False,False,True,False,False,False,False,False,False,True,False,False,False,False,True,False,0.7492457523687547,-0.3050953017464062,0.16061247098307949,-0.2126230307859216,0.1904635937460331,1.4972033897226007,0.30974027122426084
ORD200984,2025-02-28,C44176,1,77.64,706 Main St,TRK68704764,1,FREESHIP,77.64,0,2,0,1,77.64,2025,True,False,False,False,False,False,True,False,False,False,False,False,False,True,True,False,False,False,False,False,False,False,False,False,False,False,False,-1.3829951239375826,-1.414408226464371,-1.192288396820162,-1.966215037267748,-0.8439621307465822,-1.1950704379504076,1.6419564915432456
ORD200985,2024-07-20,C92788,1,243.71,948 Main St,TRK83835361,6,SAVE10,243.71,1,7,1,1,40.61833333333333,2024,True,False,False,False,False,False,False,False,True,False,True,False,False,False,False,True,False,False,False,True,False,False,False,False,False,True,False,-1.3829951239375826,-0.5718195079869083,-0.9894167900046128,0.22577497083453502,-1.0842382209663706,0.3006372440901526,0.30974027122426084
ORD200986,2024-09-07,C69213,4,644.96,533 Main St,TRK67837331,7,FREESHIP,2579.84,1,9,0,1,368.54857142857145,2024,False,True,False,False,False,False,True,False,False,False,False,True,False,False,False,False,False,False,False,True,False,False,False,False,False,False,False,0.7492457523687547,1.4640010694146808,1.8644065786351702,0.6641729724549916,1.0440775078690367,0.8989203169063766,0.30974027122426084
ORD200987,2025-06-05,C67387,5,283.73,436 Main St,TRK54120003,8,FREESHIP,1418.65,0,6,0,1,177.33125,2025,False,False,False,True,False,False,False,False,True,False,False,True,False,False,False,False,True,False,False,False,False,True,False,False,False,False,False,1.4599927111375337,-0.3687701883417703,0.44589341479975453,1.1025709740754481,-0.19695117916534147,0.0014957076820405282,1.6419564915432456
ORD200988,2025-02-04,C90318,2,629.56,818 Main St,TRK52765043,5,WINTER15,1259.12,0,2,0,1,251.82399999999998,2025,True,False,False,False,False,False,False,False,True,False,False,False,False,False,False,False,True,False,False,False,False,False,True,False,False,False,True,-0.6722481651688036,1.3858661488116037,0.25101109147052836,-0.2126230307859216,0.28651778188593874,-1.1950704379504076,1.6419564915432456
ORD200989,2023-03-23,C49995,4,246.11,559 Main St,TRK33212013,4,SAVE10,984.44,0,3,0,1,246.11,2023,False,True,False,False,False,False,True,False,False,False,False,True,False,False,False,False,True,False,False,False,False,True,False,False,False,True,False,0.7492457523687547,-0.5596426372435717,-0.08453881495504519,-0.6510210324063782,0.24943307708651866,-0.8959289015422955,-1.0224759490947237
ORD200990,2023-11-19,C52313,2,418.26,913 Main St,TRK67368559,2,SAVE10,836.52,1,11,0,1,418.26,2023,False,False,False,True,False,False,False,True,False,False,False,True,False,False,False,True,False,False,False,False,True,False,False,False,False,True,False,-0.6722481651688036,0.3137941537836769,-0.26523832769157824,-1.5278170356472913,1.3667120289976498,1.4972033897226007,-1.0224759490947237
ORD200991,2024-05-09,C10211,5,127.18,598 Main St,TRK68938335,10,FREESHIP,635.9000000000001,0,5,0,1,63.59000000000001,2024,True,False,False,False,False,False,False,True,False,False,False,False,False,False,False,True,False,False,False,False,False,True,False,False,False,False,False,1.4599927111375337,-1.163057319537331,-0.5103163174509293,1.9793669773163614,-0.9351487080010195,-0.29764582872607154,0.30974027122426084
ORD200992,2024-08-27,C97907,3,586.21,933 Main St,TRK89637569,4,WINTER15,1758.63,0,8,0,1,439.6575,2024,False,False,False,False,True,False,False,False,True,False,False,True,False,False,False,False,False,True,False,False,False,False,True,False,False,False,True,0.03849879359997556,1.1659214210100868,0.8612139957906041,-0.6510210324063782,1.5055849675600574,0.5997787804982646,0.30974027122426084
ORD200993,2024-04-06,C61384,3,267.45,576 Main St,TRK33323210,5,WINTER15,802.3499999999999,1,4,1,1,160.46999999999997,2024,False,False,True,False,False,False,False,False,True,False,True,False,False,False,False,False,True,False,False,True,False,False,False,False,False,False,True,0.03849879359997556,-0.4513699615507371,-0.3069805015031476,-0.2126230307859216,-0.3063831845554757,-0.5967873651341835,0.30974027122426084
ORD200994,2024-06-27,C27613,4,615.65,971 Main St,TRK63701318,9,WINTER15,2462.6,0,6,1,1,273.6222222222222,2024,False,False,False,False,False,True,False,True,False,False,True,False,False,False,False,True,False,False,False,False,False,True,False,False,False,False,True,0.7492457523687547,1.3152910354616822,1.7211858453115414,1.5409689756959049,0.42799146691626333,0.0014957076820405282,0.30974027122426084
ORD200995,2023-11-18,C99271,2,113.29,959 Main St,TRK87832736,5,SAVE10,226.58,1,11,0,1,45.316,2023,False,False,True,False,False,False,False,False,False,False,False,True,False,False,True,False,False,False,False,True,False,False,False,False,False,True,False,-0.6722481651688036,-1.2335309589643917,-1.0103428490444777,-0.2126230307859216,-1.0537496697624136,1.4972033897226007,-1.0224759490947237
ORD200996,2024-04-28,C28648,4,473.86,101 Main St,TRK92240846,7,SAVE10,1895.44,1,4,1,1,270.77714285714285,2024,False,False,True,False,False,False,False,True,False,False,True,False,False,False,True,False,False,False,False,False,True,False,False,False,False,True,False,0.7492457523687547,0.5958916593376418,1.0283414994242241,0.6641729724549916,0.4095264811996217,-0.5967873651341835,0.30974027122426084
ORD200997,2023-11-27,C26210,3,444.75,805 Main St,TRK40616861,6,SAVE10,1334.25,0,11,1,1,222.375,2023,False,True,False,False,False,False,False,False,False,False,True,False,False,False,True,False,False,False,True,False,False,False,False,False,False,True,False,0.03849879359997556,0.4481963646132548,0.3427901233248803,0.22577497083453502,0.09538941793106867,1.4972033897226007,-1.0224759490947237
ORD200998,2023-05-19,C90350,2,183.67,783 Main St,TRK22824230,6,SAVE10,367.34,0,5,0,1,61.22333333333333,2023,False,False,False,True,False,False,False,True,False,False,False,False,False,False,False,True,False,False,False,False,False,False,False,False,False,True,False,-0.6722481651688036,-0.8764442244160459,-0.8383900136415954,0.22577497083453502,-0.9505087245729413,-0.29764582872607154,-1.0224759490947237
ORD200999,2023-12-24,C61957,1,483.38,652 Main St,TRK43983841,6,FREESHIP,483.38,1,12,0,1,80.56333333333333,2023,False,False,False,False,True,False,False,False,False,False,False,True,False,False,False,True,False,False,False,False,True,False,False,False,False,False,False,-1.3829951239375826,0.6441932466195436,-0.6966352038934389,0.22577497083453502,-0.824989265206335,1.7963449261307127,-1.0224759490947237
ORD201000,2023-06-21,C90132,5,260.93,582 Main St,TRK52664903,9,SAVE10,1304.65,0,6,1,1,144.9611111111111,2023,False,False,False,False,True,False,False,False,False,True,True,False,False,False,False,False,False,False,False,False,False,False,False,True,False,True,False,1.4599927111375337,-0.4844504604034681,0.30663067512990083,1.5409689756959049,-0.40703816639157175,0.0014957076820405282,-1.0224759490947237
ORD201001,2023-12-08,C31371,2,253.68,122 Main St,TRK19554327,6,None,507.36,0,12,0,0,84.56,2023,False,False,False,False,True,False,False,False,True,False,False,False,False,True,False,False,False,True,False,False,False,False,False,False,True,False,False,-0.6722481651688036,-0.5212347574406307,-0.6673411644435873,0.22577497083453502,-0.799050307643329,1.7963449261307127,-1.0224759490947237
ORD201002,2025-06-19,C83911,4,699.88,944 Main St,TRK33188106,5,WINTER15,2799.52,0,6,0,1,559.904,2025,False,False,False,False,False,True,False,False,False,False,False,True,False,False,False,False,False,True,False,False,False,True,False,False,False,False,True,0.7492457523687547,1.7426484615913667,2.1327683211849373,-0.2126230307859216,2.2860025306793244,0.0014957076820405282,1.6419564915432456
ORD201003,2023-01-11,C84700,5,319.97,582 Main St,TRK14706969,7,SAVE10,1599.85,0,1,0,1,228.54999999999998,2023,False,False,False,False,True,False,False,False,False,False,False,False,False,True,False,True,False,False,False,False,False,False,False,True,False,True,False,1.4599927111375337,-0.1848994401173875,0.6672478746960481,0.6641729724549916,0.13546608088808998,-1.4942119743585196,-1.0224759490947237
ORD201004,2025-06-09,C87529,4,246.91,296 Main St,TRK15739505,8,SAVE10,987.64,0,6,0,1,123.455,2025,False,False,False,False,False,False,False,False,False,True,False,True,False,False,False,False,False,True,True,False,False,False,False,False,False,True,False,0.7492457523687547,-0.5555836803291262,-0.08062968542045289,1.1025709740754481,-0.5466160071229488,0.0014957076820405282,1.6419564915432456
ORD201005,2023-03-02,C38065,3,392.85,426 Main St,TRK11448295,6,None,1178.55,0,3,0,0,196.42499999999998,2023,False,False,False,False,True,False,True,False,False,False,False,False,True,False,False,True,False,False,False,False,False,True,False,False,True,False,False,0.03849879359997556,0.18487153478860077,0.15258653940736958,0.22577497083453502,-0.07302991870613072,-0.8959289015422955,-1.0224759490947237
ORD201006,2024-05-27,C27435,5,420.98,860 Main St,TRK91458233,7,SAVE10,2104.9,0,5,1,1,300.7,2024,False,False,False,False,False,True,False,False,False,False,True,False,False,False,True,False,False,False,True,False,False,False,False,False,False,True,False,1.4599927111375337,0.3275946072927919,1.2842184595228867,0.6641729724549916,0.6037302480701296,-0.29764582872607154,0.30974027122426084
ORD201007,2024-03-20,C46651,2,73.26,839 Main St,TRK60444502,4,WINTER15,146.52,0,3,0,1,36.63,2024,False,False,True,False,False,False,False,False,False,False,False,True,False,False,True,False,False,False,False,False,False,False,False,True,False,False,True,-0.6722481651688036,-1.4366310155709603,-1.1081443835880609,-0.6510210324063782,-1.1101230939639826,-0.8959289015422955,0.30974027122426084
ORD201008,2023-01-13,C62557,3,410.88,257 Main St,TRK12742366,8,FREESHIP,1232.64,0,1,1,1,154.08,2023,False,False,True,False,False,False,False,False,False,False,True,False,False,False,False,False,True,False,False,False,False,False,False,False,False,False,False,0.03849879359997556,0.27635027624791686,0.21866304457177663,1.1025709740754481,-0.3478552292996644,-1.4942119743585196,-1.0224759490947237
ORD201009,2023-09-02,C54494,2,176.46,696 Main St,TRK95958645,2,FREESHIP,352.92,1,9,1,1,176.46,2023,False,False,False,False,False,True,True,False,False,False,True,False,False,False,False,False,False,False,False,True,False,False,False,False,False,False,False,-0.6722481651688036,-0.9130255736074862,-0.8560055286068521,-1.5278170356472913,-0.2026057204772937,0.8989203169063766,-1.0224759490947237
ORD201010,2023-03-31,C33729,3,659.57,533 Main St,TRK35649833,6,SAVE10,1978.71,0,3,0,1,329.785,2023,False,False,True,False,False,False,True,False,False,False,False,False,False,False,False,False,False,False,False,False,False,False,False,False,False,True,False,0.03849879359997556,1.5381277700647424,1.1300643795321952,0.22577497083453502,0.7924961982085862,-0.8959289015422955,-1.0224759490947237
ORD201011,2024-12-03,C47823,2,478.36,654 Main St,TRK22271097,3,None,956.72,0,12,0,0,318.9066666666667,2024,False,False,False,True,False,False,False,False,False,True,False,False,False,True,False,True,False,False,False,False,False,False,True,False,True,False,False,-0.6722481651688036,0.6187232919813979,-0.11840164954845174,-1.0894190340268348,0.7218942065431398,1.7963449261307127,0.30974027122426084
ORD201012,2024-12-03,C84570,4,30.05,301 Main St,TRK12551882,6,None,120.2,0,12,0,0,20.033333333333335,2024,False,False,False,False,True,False,False,False,False,True,False,False,True,False,True,False,False,False,False,False,False,False,True,False,True,False,False,0.7492457523687547,-1.6558654259124497,-1.1402969740100832,0.22577497083453502,-1.2178379144028542,1.7963449261307127,0.30974027122426084
ORD201013,2025-04-26,C91123,4,300.56,842 Main St,TRK49568409,9,FREESHIP,1202.24,1,4,0,1,133.5822222222222,2025,False,True,False,False,False,False,False,False,False,False,False,False,False,False,True,False,False,False,False,True,False,False,False,False,False,False,False,0.7492457523687547,-0.2833798822541224,0.18152631399314886,1.5409689756959049,-0.48088883761835655,-0.5967873651341835,1.6419564915432456
ORD201014,2024-02-04,C92548,5,226.45,160 Main St,TRK21682892,6,FREESHIP,1132.25,1,2,0,1,188.70833333333334,2024,False,False,False,False,False,True,False,True,False,False,False,False,True,False,False,False,False,False,False,False,True,False,False,False,False,False,False,1.4599927111375337,-0.6593915034160708,0.09602632145373606,0.22577497083453502,-0.12311222626105879,-1.1950704379504076,0.30974027122426084
ORD201015,2024-01-26,C97454,2,349.4,892 Main St,TRK73249329,2,SAVE10,698.8,0,1,0,1,349.4,2024,False,False,False,False,True,False,False,False,False,True,False,False,False,True,False,False,True,False,False,False,False,False,False,False,False,True,False,-0.6722481651688036,-0.03558056262722261,-0.43347749003659797,-1.5278170356472913,0.9198004482331972,-1.4942119743585196,0.30974027122426084
ORD201016,2023-12-29,C20257,5,268.78,669 Main St,TRK62135578,7,WINTER15,1343.9,0,12,1,1,191.9857142857143,2023,False,False,False,False,False,True,False,True,False,False,True,False,False,False,False,False,False,False,False,False,False,False,False,False,False,False,True,1.4599927111375337,-0.4446219456804715,0.35457859207763553,0.6641729724549916,-0.1018415393282113,1.7963449261307127,-1.0224759490947237
ORD201017,2024-08-25,C51694,2,680.85,953 Main St,TRK83122112,6,FREESHIP,1361.7,1,8,1,1,226.95000000000002,2024,False,False,False,False,False,False,False,False,True,False,True,False,False,False,False,False,False,True,False,False,True,False,False,False,False,False,False,-0.6722481651688036,1.6460960239889935,0.3763231251138056,0.22577497083453502,0.12508184433242472,0.5997787804982646,0.30974027122426084
ORD201018,2023-07-08,C77499,3,182.48,209 Main St,TRK20703086,3,None,547.4399999999999,1,7,1,0,182.48,2023,False,True,False,False,False,False,False,False,False,False,True,False,False,False,False,False,True,False,False,True,False,False,False,False,True,False,False,0.03849879359997556,-0.8824819228262836,-0.6183793170228177,-1.0894190340268348,-0.1635350304366025,0.3006372440901526,-1.0224759490947237
ORD201019,2024-04-06,C28386,1,277.09,293 Main St,TRK32954229,2,SAVE10,277.09,1,4,0,1,138.545,2024,True,False,False,False,False,False,False,False,False,False,False,False,True,False,False,False,False,True,False,True,False,False,False,False,False,True,False,-1.3829951239375826,-0.40245953073166846,-0.9486396825468961,-1.5278170356472913,-0.44867967610732895,-0.5967873651341835,0.30974027122426084
ORD201020,2024-04-22,C50211,2,26.5,312 Main St,TRK47787981,3,SAVE10,53.0,0,4,1,1,17.666666666666668,2024,False,False,False,False,False,True,False,False,False,True,True,False,False,False,False,False,True,False,True,False,False,False,False,False,False,True,False,-0.6722481651688036,-1.6738770472203017,-1.2223886942365234,-1.0894190340268348,-1.233197930974776,-0.5967873651341835,0.30974027122426084
ORD201021,2023-10-23,C74519,3,315.27,309 Main St,TRK97351945,4,SAVE10,945.81,0,10,0,1,236.4525,2023,False,False,False,True,False,False,True,False,False,False,False,False,False,False,False,False,False,False,True,False,False,False,False,False,False,True,False,0.03849879359997556,-0.20874581198975525,-0.13172933805545275,-0.6510210324063782,0.18675447425130645,1.1980618533144887,-1.0224759490947237
ORD201022,2025-02-24,C19071,3,450.98,396 Main St,TRK66537096,8,SAVE10,1352.94,0,2,0,1,169.1175,2025,False,False,False,False,False,True,True,False,False,False,False,False,False,True,False,False,False,True,True,False,False,False,False,False,False,True,False,0.03849879359997556,0.4798054915844995,0.365621883012859,1.1025709740754481,-0.2502596310460273,-1.1950704379504076,1.6419564915432456
ORD201023,2024-09-23,C65251,5,233.67,291 Main St,TRK32059025,10,None,1168.35,0,9,0,0,116.835,2024,False,True,False,False,False,False,False,False,False,False,False,False,False,True,False,False,False,True,True,False,False,False,False,False,True,False,False,1.4599927111375337,-0.6227594172631998,0.14012618901585627,1.9793669773163614,-0.5895807858720147,0.8989203169063766,0.30974027122426084
ORD201024,2024-01-29,C90612,3,367.75,731 Main St,TRK93022878,7,FREESHIP,1103.25,0,1,0,1,157.60714285714286,2024,False,False,False,False,False,False,False,False,False,False,False,True,False,False,True,False,False,False,True,False,False,False,False,False,False,False,False,0.03849879359997556,0.05752176159787197,0.06059983504649259,0.6641729724549916,-0.3249635506782912,-1.4942119743585196,0.30974027122426084
ORD201025,2025-05-17,C28406,1,23.53,174 Main St,TRK98841457,2,FREESHIP,23.53,1,5,1,1,11.765,2025,False,False,False,False,False,False,False,False,True,False,True,False,False,False,False,False,True,False,False,True,False,False,False,False,False,False,False,-1.3829951239375826,-1.6889459247651806,-1.25838933404416,-1.5278170356472913,-1.2715006201868713,-0.29764582872607154,1.6419564915432456
ORD201026,2023-05-01,C55454,1,677.48,807 Main St,TRK13281370,1,WINTER15,677.48,0,5,1,1,677.48,2023,False,False,True,False,False,False,False,False,False,True,True,False,False,False,True,False,False,False,True,False,False,False,False,False,False,False,True,-1.3829951239375826,1.6289976679868918,-0.45952206556081965,-1.966215037267748,3.0490881539724013,-0.29764582872607154,-1.0224759490947237
ORD201027,2024-05-21,C93467,4,554.83,983 Main St,TRK77377373,6,None,2219.32,0,5,0,0,369.8866666666667,2024,False,True,False,False,False,False,False,False,False,False,False,False,True,False,False,True,False,False,False,False,False,False,True,False,True,False,False,0.7492457523687547,1.0067088360409606,1.4239942724441559,0.22577497083453502,1.052761943798031,-0.29764582872607154,0.30974027122426084
ORD201028,2023-02-17,C60042,4,440.31,610 Main St,TRK84651559,6,None,1761.24,0,2,0,0,293.54,2023,True,False,False,False,False,False,False,False,False,False,False,False,False,False,False,False,True,False,False,False,False,False,False,False,True,False,False,0.7492457523687547,0.42566915373808206,0.8644023795672559,0.22577497083453502,0.5572607894835269,-1.1950704379504076,-1.0224759490947237
ORD201029,2025-03-01,C44733,1,87.06,851 Main St,TRK41500198,4,FREESHIP,87.06,1,3,0,1,21.765,2025,True,False,False,False,False,False,True,False,False,False,False,False,False,True,False,False,False,False,False,True,False,False,False,False,False,False,False,-1.3829951239375826,-1.3666140087967746,-1.1807808967527058,-0.6510210324063782,-1.206599141713962,-0.8959289015422955,1.6419564915432456
ORD201030,2023-10-02,C61773,4,245.28,176 Main St,TRK12936357,6,WINTER15,981.12,0,10,1,1,163.52,2023,False,False,False,True,False,False,True,False,False,False,True,False,False,False,False,False,False,False,True,False,False,False,False,False,False,False,True,0.7492457523687547,-0.563853805042309,-0.08859453684718485,0.22577497083453502,-0.28658823362123814,1.1980618533144887,-1.0224759490947237
ORD201031,2023-02-28,C59183,5,664.51,136 Main St,TRK18129706,8,SAVE10,3322.55,0,2,0,1,415.31875,2023,False,False,False,True,False,False,False,True,False,False,False,True,False,False,False,False,False,False,False,False,False,False,True,False,False,True,False,1.4599927111375337,1.5631918290114433,2.771703327584267,1.1025709740754481,1.3476228816418057,-1.1950704379504076,-1.0224759490947237
ORD201032,2023-04-20,C26188,1,618.68,990 Main St,TRK61634201,6,WINTER15,618.68,0,4,1,1,103.11333333333333,2023,False,False,False,False,False,False,False,False,False,True,True,False,False,False,False,False,False,True,False,False,False,True,False,False,False,False,True,-1.3829951239375826,1.3306643347751446,-0.5313523207589548,0.22577497083453502,-0.6786364312499249,-0.5967873651341835,-1.0224759490947237
ORD201033,2024-12-24,C20338,1,370.85,331 Main St,TRK30654048,2,FREESHIP,370.85,0,12,1,1,185.425,2024,False,False,True,False,False,False,False,False,True,False,True,False,False,False,False,False,False,True,False,False,False,False,True,False,False,False,False,-1.3829951239375826,0.07325021964134854,-0.8341021871833392,-1.5278170356472913,-0.14442154502633062,1.7963449261307127,0.30974027122426084
ORD201034,2024-06-16,C84524,4,517.98,766 Main St,TRK76751888,8,FREESHIP,2071.92,1,6,0,1,258.99,2024,False,False,False,False,True,False,False,False,False,False,False,False,False,False,True,False,False,False,False,False,True,False,False,False,False,False,False,0.7492457523687547,0.819743133169313,1.243929993256994,1.1025709740754481,0.33302618135962564,0.0014957076820405282,0.30974027122426084
ORD201035,2023-11-12,C70315,4,506.11,911 Main St,TRK97732085,5,None,2024.44,1,11,0,0,404.88800000000003,2023,False,True,False,False,False,False,False,False,False,False,False,False,False,False,False,False,False,True,False,False,True,False,False,False,True,False,False,0.7492457523687547,0.7595183599512274,1.1859282837874796,-0.2126230307859216,1.2799257719836759,1.4972033897226007,-1.0224759490947237
ORD201036,2024-05-31,C98278,3,413.83,552 Main St,TRK49684737,8,SAVE10,1241.49,0,5,0,1,155.18625,2024,False,False,False,True,False,False,False,False,True,False,False,False,False,True,True,False,False,False,False,False,False,False,False,False,False,True,False,0.03849879359997556,0.29131767986993473,0.22947423094088357,1.1025709740754481,-0.3406755032435989,-0.29764582872607154,0.30974027122426084
ORD201037,2023-12-13,C32347,1,249.81,408 Main St,TRK54073964,1,SAVE10,249.81,0,12,0,1,249.81,2023,False,False,False,False,True,False,False,False,False,False,False,True,False,False,False,True,False,False,False,False,False,False,False,True,False,True,False,-1.3829951239375826,-0.5408699615142611,-0.9819650118292962,-1.966215037267748,0.27344662412149495,1.7963449261307127,-1.0224759490947237
ORD201038,2025-03-15,C77961,3,362.53,422 Main St,TRK28969024,5,None,1087.59,1,3,0,0,217.51799999999997,2025,False,False,False,False,False,True,False,True,False,False,False,False,True,False,True,False,False,False,False,True,False,False,False,False,True,False,False,0.03849879359997556,0.031037067731114715,0.041469532386581014,-0.2126230307859216,0.06386676983677651,-0.8959289015422955,1.6419564915432456
ORD201039,2025-06-28,C49137,2,299.23,177 Main St,TRK79362428,2,WINTER15,598.46,1,6,0,1,299.23,2025,True,False,False,False,False,False,True,False,False,False,False,False,False,False,False,False,True,False,False,True,False,False,False,False,False,False,True,-0.6722481651688036,-0.29012789812438805,-0.5560531330056603,-1.5278170356472913,0.5941897307346121,0.0014957076820405282,1.6419564915432456
ORD201040,2023-11-15,C13169,1,536.07,932 Main St,TRK66288666,5,FREESHIP,536.07,0,11,1,1,107.21400000000001,2023,False,False,False,False,False,True,False,True,False,False,True,False,False,False,False,True,False,False,False,False,False,False,False,True,False,False,False,-1.3829951239375826,0.9115262963972129,-0.6322689429004161,-0.2126230307859216,-0.6520224983108005,1.4972033897226007,-1.0224759490947237
ORD201041,2023-02-11,C21167,4,558.9,948 Main St,TRK97737564,9,WINTER15,2235.6,1,2,0,1,248.39999999999998,2023,False,False,True,False,False,False,False,False,True,False,False,False,False,True,False,True,False,False,False,True,False,False,False,False,False,False,True,0.7492457523687547,1.027358779343202,1.4438819689513942,1.5409689756959049,0.26429551565681464,-1.1950704379504076,-1.0224759490947237
ORD201042,2024-12-09,C59724,2,409.75,414 Main St,TRK67878272,2,WINTER15,819.5,0,12,0,1,409.75,2024,False,False,False,False,False,True,False,True,False,False,False,False,False,True,True,False,False,False,True,False,False,False,False,False,False,False,True,-0.6722481651688036,0.27061699960626256,-0.2860300104036914,-1.5278170356472913,1.311480870817204,1.7963449261307127,0.30974027122426084
ORD201043,2025-01-11,C43965,2,179.96,675 Main St,TRK94346739,5,None,359.92,1,1,0,0,71.98400000000001,2025,False,False,False,False,False,True,False,False,True,False,False,False,False,True,False,False,True,False,False,True,False,False,False,False,True,False,False,-0.6722481651688036,-0.8952676371067869,-0.8474543077499312,-0.2126230307859216,-0.8806704069708595,-1.4942119743585196,1.6419564915432456
ORD201044,2025-06-22,C63018,1,38.49,215 Main St,TRK52335337,4,FREESHIP,38.49,1,6,1,1,9.6225,2025,False,False,False,False,True,False,True,False,False,False,True,False,False,False,False,False,False,True,False,False,True,False,False,False,False,False,False,-1.3829951239375826,-1.6130434304650492,-1.2401141534699407,-0.6510210324063782,-1.285405761949692,0.0014957076820405282,1.6419564915432456
ORD201045,2024-09-20,C11893,5,316.4,671 Main St,TRK72012758,7,None,1582.0,0,9,0,0,226.0,2024,False,True,False,False,False,False,False,False,True,False,False,False,True,False,False,False,False,False,False,False,False,False,False,False,True,False,False,1.4599927111375337,-0.20301253534810096,0.6454422615109,0.6641729724549916,0.11891620387749824,0.8989203169063766,0.30974027122426084
ORD201046,2024-10-07,C85421,3,547.15,466 Main St,TRK16524006,4,WINTER15,1641.45,0,10,0,1,410.3625,2024,False,False,False,False,False,True,False,False,False,True,False,False,False,True,False,False,True,False,True,False,False,False,False,False,False,False,True,0.03849879359997556,0.9677428496622832,0.7180665586457492,-0.6510210324063782,1.31545608637367,1.1980618533144887,0.30974027122426084
ORD201047,2023-06-23,C81726,4,540.34,394 Main St,TRK69872994,6,WINTER15,2161.36,0,6,0,1,360.2266666666667,2023,False,False,False,False,False,False,False,False,True,False,False,False,False,True,False,False,False,True,False,False,False,False,False,False,False,False,True,0.7492457523687547,0.9331909789280659,1.3531901637488513,0.22577497083453502,0.9900671155932005,0.0014957076820405282,-1.0224759490947237
ORD201048,2024-09-09,C57601,4,73.65,889 Main St,TRK21153699,9,None,294.6,0,9,0,0,32.733333333333334,2024,False,False,True,False,False,False,False,True,False,False,False,False,False,True,False,True,False,False,True,False,False,False,False,False,True,False,False,0.7492457523687547,-1.434652274075168,-0.9272494143747984,1.5409689756959049,-1.1354130367422595,0.8989203169063766,0.30974027122426084
ORD201049,2024-07-18,C60575,5,391.86,587 Main St,TRK44468232,6,None,1959.3,0,7,0,0,326.55,2024,True,False,False,False,False,False,True,False,False,False,False,False,False,True,False,False,True,False,False,False,False,True,False,False,True,False,False,1.4599927111375337,0.17984857560697437,1.106353065698933,0.22577497083453502,0.7715005699226,0.3006372440901526,0.30974027122426084
ORD201050,2023-08-20,C70659,5,69.7,722 Main St,TRK49663597,9,None,348.5,1,8,0,0,38.72222222222222,2023,False,True,False,False,False,False,False,False,False,True,False,False,True,False,False,False,True,False,False,False,True,False,False,False,True,False,False,1.4599927111375337,-1.454693373840243,-0.8614050137765079,1.5409689756959049,-1.0965442624123727,0.5997787804982646,-1.0224759490947237
ORD201051,2025-03-05,C35043,5,26.43,820 Main St,TRK65097450,5,FREESHIP,132.15,0,3,0,1,26.43,2025,False,False,True,False,False,False,False,False,True,False,False,False,False,True,True,False,False,False,False,False,False,False,False,True,False,False,False,1.4599927111375337,-1.6742322059503156,-1.12569881840434,-0.2126230307859216,-1.17632260200635,-0.8959289015422955,1.6419564915432456
ORD201052,2023-09-11,C12301,1,531.74,493 Main St,TRK25145796,1,WINTER15,531.74,0,9,0,1,531.74,2023,False,False,False,False,False,True,False,False,False,True,False,False,False,True,False,True,False,False,True,False,False,False,False,False,False,False,True,-1.3829951239375826,0.8895571920977763,-0.6375584838019115,-1.966215037267748,2.1032140067082232,0.8989203169063766,-1.0224759490947237
ORD201053,2024-09-15,C32798,2,496.62,679 Main St,TRK37375451,2,SAVE10,993.24,1,9,0,1,496.62,2024,False,False,False,True,False,False,False,False,False,True,False,True,False,False,False,False,True,False,False,False,True,False,False,False,False,True,False,-0.6722481651688036,0.7113689835536172,-0.07378870873491619,-1.5278170356472913,1.8752800143113662,0.8989203169063766,0.30974027122426084
ORD201054,2023-11-29,C42949,1,660.66,447 Main St,TRK46415143,3,WINTER15,660.66,0,11,1,1,220.22,2023,False,False,False,False,True,False,False,True,False,False,True,False,False,False,False,False,True,False,False,False,False,False,False,True,False,False,True,-1.3829951239375826,1.543658098860674,-0.48006942767702093,-1.0894190340268348,0.08140314932015673,1.4972033897226007,-1.0224759490947237
ORD201055,2023-10-23,C10787,4,274.82,932 Main St,TRK91512567,9,WINTER15,1099.28,0,10,1,1,122.14222222222222,2023,False,False,True,False,False,False,False,True,False,False,True,False,False,False,False,False,False,False,True,False,False,False,False,False,False,False,True,0.7492457523687547,-0.4139768209764076,0.05575007121763888,1.5409689756959049,-0.5551361289913647,1.1980618533144887,-1.0224759490947237
ORD201056,2024-06-14,C26152,2,486.35,790 Main St,TRK49382455,6,SAVE10,972.7,0,6,0,1,162.11666666666667,2024,False,False,False,True,False,False,False,False,False,True,False,True,False,False,False,False,False,True,False,False,False,False,False,False,False,True,False,-0.6722481651688036,0.6592621241644228,-0.098880433935081,0.22577497083453502,-0.2956960744336031,0.0014957076820405282,0.30974027122426084
ORD201057,2024-09-24,C46210,3,428.88,535 Main St,TRK81611937,3,WINTER15,1286.64,0,9,0,1,428.88000000000005,2024,False,True,False,False,False,False,False,True,False,False,False,False,False,True,True,False,False,False,False,False,False,False,True,False,False,False,True,0.03849879359997556,0.36767680682294146,0.28462960546802313,-1.0894190340268348,1.4356373991358797,0.8989203169063766,0.30974027122426084
ORD201058,2023-09-08,C32943,2,412.14,127 Main St,TRK26949106,2,FREESHIP,824.28,0,9,0,1,412.14,2023,True,False,False,False,False,False,True,False,False,False,False,False,True,False,False,False,True,False,False,False,False,False,False,False,False,False,False,-0.6722481651688036,0.28274313338816853,-0.2801907481613941,-1.5278170356472913,1.3269923241722292,0.8989203169063766,-1.0224759490947237
ORD201059,2024-09-22,C73629,1,265.64,601 Main St,TRK11492924,3,WINTER15,265.64,1,9,0,1,88.54666666666667,2024,True,False,False,False,False,False,True,False,False,False,False,False,True,False,False,False,True,False,False,False,True,False,False,False,False,False,True,-1.3829951239375826,-0.46055335156967014,-0.9626270366628594,-1.0894190340268348,-0.7731762515587959,0.8989203169063766,0.30974027122426084
ORD201060,2024-05-07,C38024,2,273.43,824 Main St,TRK93370912,7,WINTER15,546.86,0,5,0,1,78.12285714285714,2024,False,False,False,False,False,True,False,False,False,False,False,False,False,True,False,False,False,True,False,False,False,False,True,False,False,False,True,-0.6722481651688036,-0.42102925861525664,-0.6190878467509625,0.6641729724549916,-0.8408283165003189,-0.29764582872607154,0.30974027122426084
ORD201061,2025-01-29,C25445,5,131.7,830 Main St,TRK12402431,8,FREESHIP,658.5,0,1,0,1,82.3125,2025,False,True,False,False,False,False,False,False,False,False,False,False,False,True,False,True,False,False,False,False,False,False,False,True,False,False,False,1.4599927111375337,-1.1401242129707139,-0.48270809011287075,1.1025709740754481,-0.8136369149301154,-1.4942119743585196,1.6419564915432456
ORD201062,2023-08-23,C13501,5,85.52,301 Main St,TRK65149372,5,None,427.6,0,8,0,0,85.52000000000001,2023,False,False,False,False,False,False,False,False,True,False,False,False,False,False,True,False,False,False,False,False,False,False,False,True,True,False,False,1.4599927111375337,-1.3744275008570825,-0.7647762180933024,-0.2126230307859216,-0.7928197657099296,0.5997787804982646,-1.0224759490947237
ORD201063,2024-06-19,C42108,2,320.68,336 Main St,TRK58407918,5,FREESHIP,641.36,0,6,0,1,128.272,2024,True,False,False,False,False,False,True,False,False,False,False,False,False,True,False,False,False,True,False,False,False,False,False,True,False,False,False,-0.6722481651688036,-0.18129711585581718,-0.5036463651825311,-0.2126230307859216,-0.5153529649425485,0.0014957076820405282,0.30974027122426084
ORD201064,2025-02-12,C32121,4,198.81,654 Main St,TRK96074264,9,FREESHIP,795.24,0,2,0,1,88.36,2025,False,True,False,False,False,False,False,False,False,False,False,False,True,False,False,False,False,True,False,False,False,False,False,True,False,False,False,0.7492457523687547,-0.799628464810164,-0.3156660986878199,1.5409689756959049,-0.7743877458236235,-1.1950704379504076,1.6419564915432456
ORD201065,2023-10-30,C47778,5,666.8,488 Main St,TRK79504329,7,SAVE10,3330.4075,0,10,1,1,475.7725,2023,False,False,False,False,True,False,False,True,False,False,True,False,False,False,False,False,False,True,True,False,False,False,False,False,False,True,False,1.4599927111375337,1.5748105931790435,2.7813020729961604,0.6641729724549916,1.7399766570649686,1.1980618533144887,-1.0224759490947237
ORD201066,2023-12-20,C10791,1,355.09,674 Main St,TRK20321248,5,SAVE10,355.09,0,12,0,1,71.018,2023,True,False,False,False,False,False,False,True,False,False,False,False,False,False,False,False,True,False,False,False,False,False,False,True,False,True,False,-1.3829951239375826,-0.0067112315732287525,-0.8533546501412068,-0.2126230307859216,-0.8869398897913425,1.7963449261307127,-1.0224759490947237
ORD201067,2023-06-06,C78959,2,316.2,384 Main St,TRK37426359,2,None,632.4,0,6,0,0,316.2,2023,False,False,False,True,False,False,False,False,False,True,False,False,True,False,False,False,True,False,False,False,False,False,True,False,True,False,False,-0.6722481651688036,-0.20402727457671227,-0.5145919278793899,-1.5278170356472913,0.7043275397031388,0.0014957076820405282,-1.0224759490947237
ORD201068,2024-08-03,C29914,1,133.39,469 Main St,TRK22073506,2,SAVE10,133.39,1,8,0,1,66.695,2024,False,True,False,False,False,False,False,True,False,False,False,False,False,True,False,False,False,True,False,True,False,False,False,False,False,True,False,-1.3829951239375826,-1.1315496664889477,-1.1241840307096853,-1.5278170356472913,-0.9149967989351813,0.5997787804982646,0.30974027122426084
ORD201069,2023-02-25,C70506,1,454.23,255 Main St,TRK12518384,3,None,454.23,1,2,0,0,151.41,2023,False,False,True,False,False,False,False,False,True,False,False,False,True,False,True,False,False,False,False,True,False,False,False,False,True,False,False,-1.3829951239375826,0.49629500404943444,-0.7322449307476164,-1.0894190340268348,-0.36518392405193123,-1.1950704379504076,-1.0224759490947237
ORD201070,2024-09-06,C46873,4,491.29,496 Main St,TRK10926575,6,None,1965.16,0,9,0,0,327.5266666666667,2024,True,False,False,False,False,False,False,True,False,False,False,True,False,False,False,False,False,False,False,False,False,False,False,False,True,False,False,0.7492457523687547,0.6843261831111239,1.1135116591591556,0.22577497083453502,0.7778392809867876,0.8989203169063766,0.30974027122426084
ORD201071,2025-06-24,C94037,2,255.14,216 Main St,TRK47536985,2,None,510.28,0,6,0,0,255.14,2025,False,False,False,True,False,False,False,False,False,False,False,False,False,True,False,True,False,False,False,False,False,False,True,False,True,False,False,-0.6722481651688036,-0.5138271610717678,-0.6637740837432717,-1.5278170356472913,0.30803911214755547,0.0014957076820405282,1.6419564915432456
ORD201072,2023-02-26,C88644,1,392.61,977 Main St,TRK14900878,4,SAVE10,392.61,1,2,0,1,98.1525,2023,False,False,True,False,False,False,False,False,True,False,False,False,False,False,False,False,False,True,False,False,True,False,False,False,False,True,False,-1.3829951239375826,0.18365384771426707,-0.807520106348111,-0.6510210324063782,-0.7108329730290271,-1.1950704379504076,-1.0224759490947237
ORD201073,2024-10-11,C69471,4,362.06,294 Main St,TRK11107152,4,None,1448.24,0,10,0,0,362.06,2024,False,False,False,False,False,True,False,True,False,False,False,False,True,False,True,False,False,False,False,False,False,False,False,False,True,False,False,0.7492457523687547,0.028652430543878116,0.48204064696493837,-0.6510210324063782,1.0019657199799004,1.1980618533144887,0.30974027122426084
ORD201074,2024-05-10,C21437,1,222.73,120 Main St,TRK81624772,4,None,222.73,0,5,0,0,55.6825,2024,False,False,False,True,False,False,False,False,False,True,False,False,True,False,False,True,False,False,False,False,False,False,False,False,True,False,False,-1.3829951239375826,-0.6782656530682425,-1.015046020515784,-0.6510210324063782,-0.9864695521034724,-0.29764582872607154,0.30974027122426084
ORD201075,2024-08-31,C40949,2,552.63,609 Main St,TRK43066749,7,WINTER15,1105.26,1,8,1,1,157.8942857142857,2024,False,False,True,False,False,False,False,True,False,False,True,False,False,False,False,False,True,False,False,True,False,False,False,False,False,False,True,-0.6722481651688036,0.9955467045262352,0.06305525703540842,0.6641729724549916,-0.3230999510821406,0.5997787804982646,0.30974027122426084
ORD201076,2023-05-08,C99116,4,686.61,176 Main St,TRK52711973,6,None,2746.44,0,5,0,0,457.74,2023,False,True,False,False,False,False,False,False,False,False,False,False,False,True,False,False,False,True,True,False,False,False,False,False,True,False,False,0.7492457523687547,1.6753205137730014,2.0679256350298862,0.22577497083453502,1.6229430660086952,-0.29764582872607154,-1.0224759490947237
ORD201077,2025-03-07,C57861,3,305.16,115 Main St,TRK47775217,8,SAVE10,915.48,0,3,0,1,114.435,2025,False,False,False,False,True,False,True,False,False,False,False,False,False,False,False,False,False,True,False,False,False,False,False,False,False,True,False,0.03849879359997556,-0.26004087999606046,-0.1687805564255111,1.1025709740754481,-0.6051571407055129,-0.8959289015422955,1.6419564915432456
ORD201078,2023-03-18,C62627,1,41.09,881 Main St,TRK90060232,4,WINTER15,41.09,1,3,0,1,10.2725,2023,True,False,False,False,False,False,False,False,False,True,False,False,True,False,False,False,False,False,False,True,False,False,False,False,False,False,True,-1.3829951239375826,-1.5998518204931014,-1.2369379857230842,-0.6510210324063782,-1.2811871658489529,-0.8959289015422955,-1.0224759490947237
ORD201079,2024-06-20,C89979,5,634.0,144 Main St,TRK99055909,8,None,3170.0,0,6,1,0,396.25,2024,False,False,False,True,False,False,False,False,True,False,True,False,False,False,False,False,False,False,False,False,False,True,False,False,True,False,False,1.4599927111375337,1.4083933596867768,2.58534779305237,1.1025709740754481,1.2238638748787767,0.0014957076820405282,0.30974027122426084
ORD201080,2023-01-20,C70613,5,464.74,438 Main St,TRK33140293,7,None,2323.7,0,1,1,0,331.95714285714286,2023,False,True,False,False,False,False,False,False,True,False,True,False,False,False,False,False,False,True,False,False,False,False,False,False,True,False,False,1.4599927111375337,0.5496195505129626,1.5515051914506408,0.6641729724549916,0.80659372649688,-1.4942119743585196,-1.0224759490947237
ORD201081,2023-04-21,C55636,4,425.6,494 Main St,TRK85897054,5,FREESHIP,1702.4,0,4,0,1,340.48,2023,False,False,True,False,False,False,True,False,False,False,False,True,False,False,False,True,False,False,False,False,False,False,False,False,False,False,False,0.7492457523687547,0.35103508347371487,0.7925232602499386,-0.2126230307859216,0.8619083294353624,-0.5967873651341835,-1.0224759490947237
ORD201082,2023-10-06,C96595,3,573.22,177 Main St,TRK59779174,5,SAVE10,1719.66,0,10,0,1,343.932,2023,False,False,False,False,False,False,False,True,False,False,False,True,False,False,False,False,False,False,False,False,False,False,False,False,False,True,False,0.03849879359997556,1.1000141081117774,0.8136081276771462,-0.2126230307859216,0.8843123198042107,1.1980618533144887,-1.0224759490947237
ORD201083,2024-07-09,C68508,1,123.28,895 Main St,TRK98960285,3,SAVE10,123.28,0,7,1,1,41.093333333333334,2024,False,False,False,False,False,False,True,False,False,False,True,False,False,False,False,False,False,False,False,False,False,False,True,False,False,True,False,-1.3829951239375826,-1.182844734495253,-1.1365344368330381,-1.0894190340268348,-1.0811554007389075,0.3006372440901526,0.30974027122426084
ORD201084,2023-01-08,C45175,1,70.82,128 Main St,TRK41792296,1,WINTER15,70.82,1,1,0,1,70.82,2023,False,False,False,True,False,False,False,False,True,False,False,True,False,False,False,False,True,False,False,False,True,False,False,False,False,False,True,-1.3829951239375826,-1.4490108341600192,-1.200619729140762,-1.966215037267748,-0.8882249390651062,-1.4942119743585196,-1.0224759490947237
ORD201085,2023-05-21,C28049,2,646.69,404 Main St,TRK91426444,7,WINTER15,1293.38,1,5,0,1,184.76857142857145,2023,False,False,False,False,True,False,False,True,False,False,False,False,False,True,False,False,True,False,False,False,True,False,False,False,False,False,True,-0.6722481651688036,1.4727785637421693,0.2928632095502583,0.6641729724549916,-0.14868186350608795,-0.29764582872607154,-1.0224759490947237
ORD201086,2023-12-23,C46967,2,513.42,401 Main St,TRK91439791,5,WINTER15,1026.84,1,12,0,1,205.368,2023,False,False,False,False,False,True,False,False,False,True,False,True,False,False,False,False,True,False,False,True,False,False,False,False,False,False,True,-0.6722481651688036,0.7966070787569732,-0.03274284862169627,-0.2126230307859216,-0.01498852650780798,1.7963449261307127,-1.0224759490947237
ORD201087,2025-03-23,C84134,4,693.07,530 Main St,TRK48659380,8,SAVE10,2772.28,1,3,0,1,346.535,2025,False,True,False,False,False,False,False,False,False,True,False,False,False,True,False,False,True,False,False,False,True,False,False,False,False,True,False,0.7492457523687547,1.7080965908571493,2.0994918560217197,1.1025709740754481,0.901206174650709,-0.8959289015422955,1.6419564915432456
ORD201088,2023-11-30,C49831,3,491.43,213 Main St,TRK21232601,6,WINTER15,1474.29,0,11,0,1,245.715,2023,True,False,False,False,False,False,False,False,True,False,False,False,False,True,False,False,True,False,False,False,False,True,False,False,False,False,True,0.03849879359997556,0.6850365005711518,0.5138634045824795,0.22577497083453502,0.24686946868683868,1.4972033897226007,-1.0224759490947237
ORD201089,2025-03-15,C13324,2,599.74,440 Main St,TRK66967997,2,None,1199.48,1,3,0,0,599.74,2025,False,False,False,False,False,True,False,False,True,False,False,False,False,True,False,False,True,False,False,True,False,False,False,False,True,False,False,-0.6722481651688036,1.2345685298256468,0.17815468976956295,-1.5278170356472913,2.5445440603240055,-0.8959289015422955,1.6419564915432456
ORD201090,2023-02-25,C61225,2,650.25,996 Main St,TRK37022954,6,None,1300.5,1,2,0,0,216.75,2023,False,False,True,False,False,False,False,False,True,False,False,False,True,False,False,False,True,False,False,True,False,False,False,False,True,False,False,-0.6722481651688036,1.4908409220114518,0.30156102276472624,0.22577497083453502,0.05888233629005726,-1.1950704379504076,-1.0224759490947237
ORD201091,2024-10-08,C16400,3,209.48,123 Main St,TRK57771859,4,None,628.4399999999999,0,10,0,0,157.10999999999999,2024,False,True,False,False,False,False,False,True,False,False,False,True,False,False,False,False,False,False,False,False,False,False,True,False,True,False,False,0.03849879359997556,-0.7454921269637467,-0.519429475678448,-0.6510210324063782,-0.3281900813223731,1.1980618533144887,0.30974027122426084
ORD201092,2023-08-21,C38642,5,209.2,930 Main St,TRK47744396,6,WINTER15,1046.0,0,8,1,1,174.33333333333334,2023,False,True,False,False,False,False,False,True,False,False,True,False,False,False,False,False,False,False,True,False,False,False,False,False,False,False,True,1.4599927111375337,-0.7469127618838026,-0.009336935533324275,0.22577497083453502,-0.2164081015658657,0.5997787804982646,-1.0224759490947237
ORD201093,2023-06-09,C86773,4,197.36,557 Main St,TRK22612240,9,FREESHIP,789.44,0,6,0,1,87.71555555555557,2023,False,False,False,True,False,False,False,False,True,False,False,False,True,False,False,False,True,False,False,False,False,False,False,False,False,False,False,0.7492457523687547,-0.8069853242175965,-0.32275139596926855,1.5409689756959049,-0.7785702855474331,0.0014957076820405282,-1.0224759490947237
ORD201094,2023-06-28,C66093,4,648.91,615 Main St,TRK54950785,6,SAVE10,2595.64,0,6,0,1,432.6066666666666,2023,False,False,False,False,True,False,True,False,False,False,False,False,False,True,False,False,True,False,False,False,False,False,False,True,False,True,False,0.7492457523687547,1.4840421691797552,1.8837079057122197,0.22577497083453502,1.4598240167801166,0.0014957076820405282,-1.0224759490947237
ORD201095,2024-04-23,C33051,2,441.54,397 Main St,TRK92929755,2,SAVE10,883.08,0,4,1,1,441.54,2024,False,False,False,True,False,False,False,False,False,True,True,False,False,False,False,False,False,False,False,False,False,False,True,False,False,True,False,-0.6722481651688036,0.43190979999404217,-0.20836049296325895,-1.5278170356472913,1.5178026708825825,-0.5967873651341835,0.30974027122426084
ORD201096,2025-05-03,C18169,2,464.92,782 Main St,TRK49482923,2,None,929.84,1,5,0,0,464.92,2025,False,False,False,False,False,True,False,True,False,False,False,False,True,False,True,False,False,False,False,True,False,False,False,False,True,False,False,-0.6722481651688036,0.5505328158187129,-0.15123833763902778,-1.5278170356472913,1.669542327552244,-0.29764582872607154,1.6419564915432456
ORD201097,2024-12-26,C81370,5,506.45,344 Main St,TRK99682998,7,WINTER15,2532.25,0,12,0,1,361.75,2024,False,False,True,False,False,False,False,False,True,False,False,False,False,True,False,True,False,False,False,False,False,True,False,False,False,False,True,1.4599927111375337,0.7612434166398666,1.8062704928379039,0.6641729724549916,0.9999537741472402,1.7963449261307127,0.30974027122426084
ORD201098,2023-06-17,C91103,4,255.86,155 Main St,TRK91653000,7,None,1023.44,1,6,1,0,146.2057142857143,2023,False,False,True,False,False,False,True,False,False,False,True,False,False,False,False,False,False,False,False,True,False,False,False,False,True,False,False,0.7492457523687547,-0.5101740998487667,-0.03689629875220051,0.6641729724549916,-0.39896050777718944,0.0014957076820405282,-1.0224759490947237
ORD201099,2024-09-19,C21953,2,125.23,272 Main St,TRK60774796,3,FREESHIP,250.46,0,9,0,1,83.48666666666666,2024,False,True,False,False,False,False,False,False,False,False,False,False,False,False,False,False,False,False,False,False,False,True,False,False,False,False,False,-0.6722481651688036,-1.172951027016292,-0.981170969892582,-1.0894190340268348,-0.806016399666088,0.8989203169063766,0.30974027122426084
ORD201100,2023-08-17,C15146,5,38.11,428 Main St,TRK79790530,6,WINTER15,190.55,0,8,0,1,31.758333333333336,2023,False,True,False,False,False,False,False,True,False,False,False,False,False,False,False,False,True,False,False,False,False,True,False,False,False,False,True,1.4599927111375337,-1.6149714349994109,-1.054357204398029,0.22577497083453502,-1.1417409308933681,0.5997787804982646,-1.0224759490947237
ORD201101,2025-06-08,C43546,3,161.97,904 Main St,TRK85871121,4,SAVE10,485.91,1,6,0,1,121.4775,2025,False,False,True,False,False,False,False,False,False,False,False,True,False,False,False,False,False,False,False,False,True,False,False,False,False,True,False,0.03849879359997556,-0.9865434307203809,-0.6935445483551518,-0.6510210324063782,-0.5594502744909665,0.0014957076820405282,1.6419564915432456
ORD201102,2024-06-03,C98474,4,347.17,997 Main St,TRK86192984,8,None,1388.68,0,6,0,0,173.585,2024,False,False,False,False,False,False,False,True,False,False,False,False,False,True,False,False,True,False,True,False,False,False,False,False,True,False,False,0.7492457523687547,-0.046894905026239345,0.4092819735023377,1.1025709740754481,-0.2212648955382551,0.0014957076820405282,0.30974027122426084
ORD201103,2023-04-24,C90292,4,276.32,129 Main St,TRK26270357,5,None,1105.28,0,4,1,0,221.05599999999998,2023,False,True,False,False,False,False,False,False,False,True,True,False,False,False,False,True,False,False,True,False,False,False,False,False,True,False,False,0.7492457523687547,-0.4063662767618222,0.0630796890949996,-0.2126230307859216,0.08682891292049184,-0.5967873651341835,-1.0224759490947237
ORD201104,2024-07-25,C17075,4,314.76,850 Main St,TRK63547510,8,None,1259.04,0,7,0,0,157.38,2024,False,False,False,False,False,True,False,False,False,True,False,False,False,True,False,False,True,False,False,False,False,True,False,False,True,False,False,0.7492457523687547,-0.21133339702271423,0.2509133632321636,1.1025709740754481,-0.3264377414036045,0.3006372440901526,0.30974027122426084
ORD201105,2024-01-08,C12487,3,475.69,884 Main St,TRK23324770,3,FREESHIP,1427.07,0,1,0,1,475.69,2024,False,False,False,False,False,True,False,False,True,False,False,False,False,False,False,True,False,False,True,False,False,False,False,False,False,False,False,0.03849879359997556,0.6051765232794358,0.45617931188765054,-1.0894190340268348,1.739441219867567,-1.4942119743585196,0.30974027122426084
ORD201106,2023-03-12,C34555,1,372.8,903 Main St,TRK72859458,6,SAVE10,372.8,1,3,0,1,62.13333333333333,2023,False,False,False,False,False,False,False,False,False,False,False,False,False,False,True,False,False,False,False,False,True,False,False,False,False,True,False,-1.3829951239375826,0.08314392712030948,-0.8317200613731971,0.22577497083453502,-0.9446026900319067,-0.8959289015422955,-1.0224759490947237
ORD201107,2025-06-30,C25110,2,63.21,282 Main St,TRK80963328,4,SAVE10,126.42,0,6,0,1,31.605,2025,False,False,False,False,False,True,False,False,False,True,False,False,False,False,False,True,False,False,True,False,False,False,False,False,False,True,False,-0.6722481651688036,-1.4876216618086824,-1.1326986034772193,-0.6510210324063782,-1.1427360868966194,0.0014957076820405282,1.6419564915432456
ORD201108,2023-03-20,C35136,1,634.94,462 Main St,TRK49753703,5,WINTER15,634.94,0,3,0,1,126.98800000000001,2023,False,True,False,False,False,False,False,False,False,True,False,False,False,False,False,False,True,False,True,False,False,False,False,False,False,False,True,-1.3829951239375826,1.4131626340612506,-0.5114890563113071,-0.2126230307859216,-0.5236863147784698,-0.8959289015422955,-1.0224759490947237
ORD201109,2024-04-08,C62277,4,77.47,474 Main St,TRK32026174,7,SAVE10,309.88,0,4,0,1,44.26857142857143,2024,False,False,False,False,True,False,False,False,True,False,False,False,True,False,False,False,True,False,True,False,False,False,False,False,False,True,False,0.7492457523687547,-1.4152707548086907,-0.9085833208471198,0.6641729724549916,-1.060547636050462,-0.5967873651341835,0.30974027122426084
ORD201110,2024-02-25,C12472,3,84.31,912 Main St,TRK36103184,3,SAVE10,252.93,1,2,0,1,84.31,2024,False,False,False,False,False,False,True,False,False,False,False,False,False,True,False,False,False,False,False,False,True,False,False,False,False,True,False,0.03849879359997556,-1.3805666731901813,-0.9781536105330685,-1.0894190340268348,-0.8006728446051516,-1.1950704379504076,0.30974027122426084
ORD201111,2023-05-06,C24047,4,234.45,362 Main St,TRK91338580,9,FREESHIP,937.8,1,5,0,1,104.19999999999999,2023,False,False,True,False,False,False,False,False,False,True,False,False,False,False,False,False,True,False,False,True,False,False,False,False,False,False,False,0.7492457523687547,-0.6188019342716155,-0.1415143779217293,1.5409689756959049,-0.6715838039225355,-0.29764582872607154,-1.0224759490947237
ORD201112,2023-10-13,C76929,1,356.81,563 Main St,TRK80694400,1,WINTER15,356.81,0,10,1,1,356.81,2023,True,False,False,False,False,False,False,False,False,True,True,False,False,False,False,False,True,False,False,False,False,False,False,False,False,False,True,-1.3829951239375826,0.0020155257928292872,-0.8512534930163633,-1.966215037267748,0.967892443781623,1.1980618533144887,-1.0224759490947237
ORD201113,2023-03-19,C52914,4,209.99,168 Main St,TRK80819053,8,None,839.96,1,3,1,0,104.995,2023,True,False,False,False,False,False,False,False,False,False,True,False,False,False,False,True,False,False,False,False,True,False,False,False,True,False,False,0.7492457523687547,-0.7429045419307876,-0.2610360134418913,1.1025709740754481,-0.666424136383939,-0.8959289015422955,-1.0224759490947237
ORD201114,2023-03-16,C55164,3,659.88,609 Main St,TRK79610967,3,None,1979.64,0,3,0,0,659.88,2023,False,False,False,False,False,True,False,False,True,False,False,False,False,False,False,True,False,False,False,False,False,True,False,False,True,False,False,0.03849879359997556,1.5397006158690898,1.1312004703031862,-1.0894190340268348,2.934861551860081,-0.8959289015422955,-1.0224759490947237
ORD201115,2025-06-20,C70426,2,336.32,562 Main St,TRK89687816,3,None,672.64,0,6,0,0,224.21333333333334,2025,False,True,False,False,False,False,False,False,False,True,False,False,True,False,False,True,False,False,False,False,False,False,False,False,True,False,False,-0.6722481651688036,-0.10194450817840704,-0.46543462398189067,-1.0894190340268348,0.10732047305700516,0.0014957076820405282,1.6419564915432456
ORD201116,2023-10-14,C69149,2,531.49,562 Main St,TRK61265132,7,WINTER15,1062.98,1,10,1,1,151.8542857142857,2023,False,False,False,False,True,False,True,False,False,False,True,False,False,False,True,False,False,False,False,True,False,False,False,False,False,False,True,-0.6722481651688036,0.888288768062012,0.011405883059606584,0.6641729724549916,-0.36230044407977774,1.1980618533144887,-1.0224759490947237
ORD201117,2024-05-20,C78684,3,588.44,858 Main St,TRK95779073,8,WINTER15,1765.32,0,5,0,1,220.665,2024,False,False,False,False,False,False,False,False,True,False,False,False,False,True,False,True,False,False,True,False,False,False,False,False,False,False,True,0.03849879359997556,1.1772357634091037,0.869386519723861,1.1025709740754481,0.08429126511220116,-0.29764582872607154,0.30974027122426084
ORD201118,2024-05-24,C58168,3,251.48,359 Main St,TRK99102265,4,None,754.4399999999999,0,5,0,0,188.60999999999999,2024,False,False,False,True,False,False,True,False,False,False,False,False,True,False,False,False,False,False,False,False,False,False,False,False,True,False,False,0.03849879359997556,-0.5323968889553561,-0.3655075002538729,-0.6510210324063782,-0.12375042413270922,-0.29764582872607154,0.30974027122426084
ORD201119,2024-11-24,C99024,1,684.65,250 Main St,TRK24675988,1,FREESHIP,684.65,1,11,1,1,684.65,2024,False,True,False,False,False,False,True,False,False,False,True,False,False,False,False,False,False,False,False,False,True,False,False,False,False,False,False,-1.3829951239375826,1.6653760693326096,-0.4507631721973736,-1.966215037267748,3.0956225140374767,1.4972033897226007,0.30974027122426084
ORD201120,2025-05-10,C22919,1,195.86,267 Main St,TRK82416295,3,None,195.86,1,5,0,0,65.28666666666668,2025,False,False,False,False,False,True,False,False,False,True,False,True,False,False,True,False,False,False,False,True,False,False,False,False,True,False,False,-1.3829951239375826,-0.8145958684321818,-1.0478704925765645,-1.0894190340268348,-0.9241370904867824,-0.29764582872607154,1.6419564915432456
ORD201121,2023-05-28,C98354,3,50.34,393 Main St,TRK43070888,3,FREESHIP,151.02,1,5,0,1,50.34,2023,False,False,False,True,False,False,False,False,True,False,False,False,True,False,False,False,True,False,False,False,True,False,False,False,False,False,False,0.03849879359997556,-1.5529201311698249,-1.1026471701800404,-1.0894190340268348,-1.021143166977624,-0.29764582872607154,-1.0224759490947237
ORD201122,2023-06-07,C38840,5,678.19,766 Main St,TRK32496970,8,None,3330.4075,0,6,0,0,416.3009375,2023,False,False,True,False,False,False,False,False,False,True,False,False,True,False,True,False,False,False,False,False,False,False,False,True,True,False,False,1.4599927111375337,1.6325999922484624,2.7813020729961604,1.1025709740754481,1.3539974237305663,0.0014957076820405282,-1.0224759490947237
ORD201123,2023-04-14,C68936,3,554.25,843 Main St,TRK73163634,6,WINTER15,1662.75,0,4,0,1,277.125,2023,False,False,False,False,False,True,False,True,False,False,False,False,False,True,False,False,False,True,False,False,False,False,False,False,False,False,True,0.03849879359997556,1.0037660922779874,0.7440867021103796,0.22577497083453502,0.45072501257024633,-0.5967873651341835,-1.0224759490947237
ORD201124,2023-05-09,C33744,4,576.87,888 Main St,TRK40245983,5,None,2307.48,0,5,0,0,461.496,2023,False,False,False,False,False,False,False,False,True,False,False,False,True,False,False,False,True,False,False,False,False,False,True,False,True,False,False,0.7492457523687547,1.118533099033935,1.5316907911221758,-0.2126230307859216,1.6473200613231198,-0.29764582872607154,-1.0224759490947237
ORD201125,2023-10-16,C23555,4,408.36,156 Main St,TRK67210247,4,FREESHIP,1633.44,0,10,0,1,408.36,2023,True,False,False,False,False,False,False,False,True,False,False,False,False,False,False,False,False,True,True,False,False,False,False,False,False,False,False,0.7492457523687547,0.26356456196741357,0.7082815187794727,-0.6510210324063782,1.30245956530947,1.1980618533144887,-1.0224759490947237
ORD201126,2024-07-22,C34337,5,190.11,325 Main St,TRK36195559,7,SAVE10,950.5500000000001,0,7,1,1,135.79285714285714,2024,False,False,False,True,False,False,False,False,False,False,True,False,False,False,False,True,False,False,True,False,False,False,False,False,False,True,False,1.4599927111375337,-0.8437696212547591,-0.12593893993233762,0.6641729724549916,-0.46654149014705165,0.3006372440901526,0.30974027122426084
ORD201127,2025-03-15,C69396,3,602.75,920 Main St,TRK33155049,6,SAVE10,1808.25,1,3,0,1,301.375,2025,False,False,False,False,True,False,True,False,False,False,False,False,False,True,False,False,False,False,False,True,False,False,False,False,False,True,False,0.03849879359997556,1.249840355216248,0.9218299356363772,0.22577497083453502,0.6081110978670511,-0.8959289015422955,1.6419564915432456
ORD201128,2023-08-17,C49198,3,646.79,447 Main St,TRK10883354,5,WINTER15,1940.37,0,8,0,1,388.07399999999996,2023,False,False,True,False,False,False,False,False,False,False,False,False,False,False,False,True,False,False,False,False,False,True,False,False,False,False,True,0.03849879359997556,1.4732859333564745,1.08322812129586,-0.2126230307859216,1.1708004260793259,0.5997787804982646,-1.0224759490947237
ORD201129,2023-06-11,C43911,4,418.71,239 Main St,TRK37495481,8,FREESHIP,1674.84,1,6,0,1,209.355,2023,False,False,False,False,False,False,False,False,False,False,False,True,False,False,False,False,True,False,False,False,True,False,False,False,False,False,False,0.7492457523687547,0.3160773170480525,0.7588558821332614,1.1025709740754481,0.01088769295934087,0.0014957076820405282,-1.0224759490947237
ORD201130,2025-02-16,C24347,2,323.45,533 Main St,TRK27233265,5,FREESHIP,646.9,1,2,0,1,129.38,2025,False,True,False,False,False,False,True,False,False,False,False,False,True,False,False,False,True,False,False,False,True,False,False,False,False,False,False,-0.6722481651688036,-0.16724297753954961,-0.4968786846757682,-0.2126230307859216,-0.5081618811277502,-1.1950704379504076,1.6419564915432456
ORD201131,2024-07-18,C21043,1,694.5,195 Main St,TRK41691086,3,WINTER15,694.5,0,7,0,1,231.5,2024,False,False,False,True,False,False,True,False,False,False,False,True,False,False,True,False,False,False,False,False,False,True,False,False,False,False,True,-1.3829951239375826,1.7153519763417204,-0.4387303828487064,-1.0894190340268348,0.15461201703759828,0.3006372440901526,0.30974027122426084
ORD201132,2024-12-02,C58858,2,337.32,948 Main St,TRK30406357,4,SAVE10,674.64,0,12,0,1,168.66,2024,False,False,False,False,False,False,True,False,False,False,False,False,False,False,False,False,False,False,True,False,False,False,False,False,False,True,False,-0.6722481651688036,-0.09687081203535011,-0.46299141802277044,-0.6510210324063782,-0.2532288736861629,1.7963449261307127,0.30974027122426084
ORD201133,2024-04-09,C20670,2,467.91,432 Main St,TRK76731303,5,WINTER15,935.82,0,4,0,1,187.16400000000002,2024,False,False,False,False,True,False,False,False,True,False,False,False,True,False,True,False,False,False,False,False,False,False,True,False,False,False,True,-0.6722481651688036,0.5657031672864532,-0.14393315182125824,-0.2126230307859216,-0.13313517791989168,-0.5967873651341835,0.30974027122426084
ORD201134,2024-06-08,C90993,4,38.28,950 Main St,TRK53964711,4,WINTER15,153.12,1,6,0,1,38.28,2024,True,False,False,False,False,False,False,True,False,False,False,False,False,False,True,False,False,False,False,True,False,False,False,False,False,False,True,0.7492457523687547,-1.614108906655091,-1.100081803922964,-0.6510210324063782,-1.0994143500159526,0.0014957076820405282,0.30974027122426084
ORD201135,2023-12-28,C11473,2,73.41,562 Main St,TRK97793275,2,SAVE10,146.82,0,12,0,1,73.41,2023,False,False,False,False,True,False,False,False,False,True,False,False,False,True,False,True,False,False,False,False,False,True,False,False,False,True,False,-0.6722481651688036,-1.4358699611495016,-1.107777902694193,-1.5278170356472913,-0.8714154561406227,1.7963449261307127,-1.0224759490947237
ORD201136,2023-09-24,C71899,3,668.33,799 Main St,TRK34856025,4,WINTER15,2004.99,1,9,0,1,501.2475,2023,False,False,False,False,False,True,False,False,True,False,False,True,False,False,True,False,False,False,False,False,True,False,False,False,False,False,True,0.03849879359997556,1.582573348277921,1.162168105835035,-0.6510210324063782,1.9053131734747049,0.8989203169063766,-1.0224759490947237
ORD201137,2024-07-29,C48577,4,410.21,841 Main St,TRK59911645,5,WINTER15,1640.84,0,7,0,1,328.168,2024,False,False,False,False,True,False,False,False,False,False,False,True,False,False,False,False,True,False,True,False,False,False,False,False,False,False,True,0.7492457523687547,0.27295089983206866,0.7173213808282174,-0.2126230307859216,0.7820016291395167,0.3006372440901526,0.30974027122426084
ORD201138,2023-12-18,C13100,4,294.41,188 Main St,TRK55565668,4,None,1177.64,0,12,0,0,294.41,2023,True,False,False,False,False,False,False,True,False,False,False,True,False,False,False,False,True,False,True,False,False,False,False,False,True,False,False,0.7492457523687547,-0.3145831135339224,0.15147488069597004,-0.6510210324063782,0.56290721811067,1.7963449261307127,-1.0224759490947237
ORD201139,2025-03-01,C70659,3,501.82,568 Main St,TRK28290825,4,FREESHIP,1505.46,1,3,0,1,376.365,2025,False,False,False,False,False,False,False,False,True,False,False,False,False,False,False,False,False,False,False,True,False,False,False,False,False,False,False,0.03849879359997556,0.7377522034975131,0.5519407694553684,-0.6510210324063782,1.094807284935397,-0.8959289015422955,1.6419564915432456
ORD201140,2024-06-24,C49838,2,552.83,904 Main St,TRK38297718,3,None,1105.66,0,6,0,0,368.55333333333334,2024,False,False,False,False,True,False,True,False,False,False,False,False,False,False,False,False,False,True,True,False,False,False,False,False,True,False,False,-0.6722481651688036,0.9965614437548468,0.06354389822723258,-1.0894190340268348,1.044108413334976,0.0014957076820405282,0.30974027122426084
ORD201141,2025-02-16,C11998,3,498.66,382 Main St,TRK26707221,6,None,1495.98,1,2,0,0,249.33,2025,False,False,False,False,False,False,False,False,False,False,False,False,False,False,False,False,False,False,False,False,True,False,False,False,True,False,False,0.03849879359997556,0.7217193236854534,0.5403599732091385,0.22577497083453502,0.2703313531547954,-1.1950704379504076,1.6419564915432456
ORD201142,2024-08-23,C23405,4,695.1,484 Main St,TRK83678708,8,None,2780.4,0,8,0,0,347.55,2024,False,False,False,True,False,False,False,True,False,False,False,False,True,False,False,False,False,False,False,False,False,False,False,False,True,False,False,0.7492457523687547,1.7183961940275547,2.109411272215748,1.1025709740754481,0.9077936747157092,0.5997787804982646,0.30974027122426084
ORD201143,2023-04-03,C41132,1,381.61,114 Main St,TRK51040137,5,None,381.61,0,4,0,0,76.322,2023,False,False,False,False,False,False,False,True,False,False,False,True,False,False,False,False,False,False,True,False,False,False,False,False,True,False,False,-1.3829951239375826,0.12784319014064094,-0.8209577391232723,-0.2126230307859216,-0.8525161456093115,-0.5967873651341835,-1.0224759490947237
ORD201144,2023-02-16,C88463,5,507.94,292 Main St,TRK88749996,9,None,2539.7,0,2,0,0,282.18888888888887,2023,True,False,False,False,False,False,False,False,False,True,False,False,False,False,True,False,False,False,False,False,False,True,False,False,True,False,False,1.4599927111375337,0.7688032238930215,1.8153714350356267,1.5409689756959049,0.4835904001413888,-1.1950704379504076,-1.0224759490947237
ORD201145,2025-05-12,C28152,3,571.53,821 Main St,TRK59642814,6,FREESHIP,1714.59,0,5,1,1,285.765,2025,True,False,False,False,False,False,False,True,False,False,True,False,False,False,True,False,False,False,True,False,False,False,False,False,False,False,False,0.03849879359997556,1.0914395616300108,0.8074146005707762,0.22577497083453502,0.5067998899708398,-0.29764582872607154,1.6419564915432456
ORD201146,2024-10-03,C36383,5,421.44,286 Main St,TRK93336357,5,SAVE10,2107.2,0,10,0,1,421.43999999999994,2024,False,False,True,False,False,False,False,False,False,False,False,True,False,False,False,False,True,False,False,False,False,True,False,False,False,True,False,1.4599927111375337,0.329928507518598,1.2870281463758748,-0.2126230307859216,1.3873506991520346,1.1980618533144887,0.30974027122426084
ORD201147,2025-01-02,C19759,2,588.3,234 Main St,TRK22515454,2,FREESHIP,1176.6,0,1,0,1,588.3,2025,False,False,False,False,False,False,False,False,False,True,False,True,False,False,False,False,False,False,False,False,False,True,False,False,False,False,False,-0.6722481651688036,1.1765254459490753,0.15020441359722728,-1.5278170356472913,2.470296768950997,-1.4942119743585196,1.6419564915432456
ORD201148,2024-06-25,C54886,1,355.15,442 Main St,TRK66241930,2,SAVE10,355.15,0,6,0,1,177.575,2024,False,False,False,True,False,False,False,False,False,False,False,False,True,False,False,False,False,False,False,False,False,False,True,False,False,True,False,-1.3829951239375826,-0.0064068098046453255,-0.8532813539624331,-1.5278170356472913,-0.19536920562756446,0.0014957076820405282,0.30974027122426084
ORD201149,2024-07-25,C27305,2,695.29,957 Main St,TRK28789916,6,FREESHIP,1390.58,0,7,0,1,231.76333333333332,2024,False,False,False,False,False,False,True,False,False,False,False,True,False,False,False,False,True,False,False,False,False,True,False,False,False,False,False,-0.6722481651688036,1.7193601962947351,0.4116030191635017,0.22577497083453502,0.15632108930405147,0.3006372440901526,0.30974027122426084
ORD201150,2023-02-20,C17921,4,302.65,119 Main St,TRK79291524,8,SAVE10,1210.6,0,2,0,1,151.325,2023,True,False,False,False,False,False,True,False,False,False,False,False,False,False,False,False,False,True,True,False,False,False,False,False,False,True,False,0.7492457523687547,-0.2727758573151336,0.19173891490227135,1.1025709740754481,-0.365735586618951,-1.1950704379504076,-1.0224759490947237
ORD201151,2023-01-29,C94381,2,608.04,962 Main St,TRK69804304,4,None,1216.08,1,1,0,0,304.02,2023,False,False,False,False,False,False,False,False,False,False,False,False,False,False,False,True,False,False,False,False,True,False,False,False,True,False,False,-0.6722481651688036,1.276680207813019,0.19843329923026082,-0.6510210324063782,0.6252775389231354,-1.4942119743585196,-1.0224759490947237
ORD201152,2023-11-09,C25162,2,344.18,533 Main St,TRK42183078,7,None,688.36,0,11,0,0,98.33714285714287,2023,False,False,False,False,False,True,True,False,False,False,False,False,False,True,False,False,False,True,False,False,False,True,False,False,True,False,False,-0.6722481651688036,-0.06206525649397958,-0.44623102514320556,0.6641729724549916,-0.7096346135872238,1.4972033897226007,-1.0224759490947237
ORD201153,2024-12-16,C98317,4,696.71,276 Main St,TRK37172138,4,None,2786.84,0,12,0,0,696.71,2024,False,False,True,False,False,False,False,True,False,False,False,False,False,True,False,False,True,False,True,False,False,False,False,False,True,False,False,0.7492457523687547,1.7265648448178763,2.117278395404115,-0.6510210324063782,3.1738936970758056,1.7963449261307127,0.30974027122426084
ORD201154,2025-06-11,C53631,3,198.63,593 Main St,TRK67589167,8,SAVE10,595.89,0,6,0,1,74.48625,2025,False,False,True,False,False,False,False,False,False,False,False,True,False,False,False,False,True,False,False,False,False,False,False,True,False,True,False,0.03849879359997556,-0.8005417301159142,-0.5591926526631299,1.1025709740754481,-0.8644304345199759,0.0014957076820405282,1.6419564915432456
ORD201155,2023-08-13,C41478,4,534.57,667 Main St,TRK62068126,6,FREESHIP,2138.28,1,8,1,1,356.38000000000005,2023,False,False,False,False,True,False,True,False,False,False,True,False,False,False,True,False,False,False,False,False,True,False,False,False,False,False,False,0.7492457523687547,0.9039157521826275,1.3249955669806037,0.22577497083453502,0.9651016802072883,0.5997787804982646,-1.0224759490947237
ORD201156,2023-07-19,C20512,4,690.78,980 Main St,TRK98234737,9,None,2763.12,0,7,0,0,307.0133333333333,2023,False,True,False,False,False,False,True,False,False,False,False,False,False,True,False,False,False,True,False,False,False,False,False,True,True,False,False,0.7492457523687547,1.6964778266895486,2.0883019727289485,1.5409689756959049,0.644704714812693,0.3006372440901526,-1.0224759490947237
ORD201157,2024-05-29,C25841,3,301.55,242 Main St,TRK21451375,5,FREESHIP,904.6500000000001,0,5,1,1,180.93,2024,False,False,True,False,False,False,False,True,False,False,True,False,False,False,False,True,False,False,False,False,False,False,False,True,False,False,False,0.03849879359997556,-0.27835692307249604,-0.1820105166941471,-0.2126230307859216,-0.1735947595999033,-0.29764582872607154,0.30974027122426084
ORD201158,2023-04-20,C82781,4,27.42,661 Main St,TRK20605418,4,SAVE10,109.68,0,4,0,1,27.42,2023,False,False,True,False,False,False,False,True,False,False,False,True,False,False,False,False,False,True,False,False,False,True,False,False,False,True,False,0.7492457523687547,-1.6692092467686894,-1.1531482373550557,-0.6510210324063782,-1.1698973556375318,-0.5967873651341835,-1.0224759490947237
ORD201159,2024-02-23,C66112,4,466.7,874 Main St,TRK60955607,8,None,1866.8,0,2,0,0,233.35,2024,True,False,False,False,False,False,False,True,False,False,False,False,True,False,False,False,True,False,False,False,False,False,False,False,True,False,False,0.7492457523687547,0.5595639949533541,0.9933547900896221,1.1025709740754481,0.16661879055508644,-1.1950704379504076,0.30974027122426084
ORD201160,2024-09-04,C40466,1,541.64,449 Main St,TRK70255168,5,SAVE10,541.64,0,9,0,1,108.328,2024,True,False,False,False,False,False,False,True,False,False,False,False,False,True,False,False,False,False,False,False,False,False,False,True,False,True,False,-1.3829951239375826,0.9397867839140396,-0.6254646143042664,-0.2126230307859216,-0.6447924736089184,0.8989203169063766,0.30974027122426084
ORD201161,2023-10-16,C32570,1,11.39,826 Main St,TRK35969968,6,WINTER15,11.39,0,10,0,1,1.8983333333333334,2023,False,False,False,True,False,False,False,False,False,False,False,False,False,False,False,False,False,False,True,False,False,False,False,False,False,False,True,-1.3829951239375826,-1.7505405959418918,-1.2732195942160198,0.22577497083453502,-1.3355367456134748,1.1980618533144887,-1.0224759490947237
ORD201162,2025-03-11,C29405,2,224.37,251 Main St,TRK33125798,3,WINTER15,448.74,0,3,1,1,149.58,2025,False,False,False,True,False,False,False,True,False,False,True,False,False,False,False,False,False,True,False,False,False,False,True,False,False,False,True,-0.6722481651688036,-0.6699447913936291,-0.7389515311054015,-1.0894190340268348,-0.3770608946124735,-0.8959289015422955,1.6419564915432456
ORD201163,2024-06-11,C30643,3,306.29,966 Main St,TRK19477485,7,WINTER15,918.8700000000001,0,6,0,1,131.2671428571429,2024,False,True,False,False,False,False,True,False,False,False,False,False,True,False,False,False,True,False,False,False,False,False,True,False,False,False,True,0.03849879359997556,-0.25430760335440616,-0.16463932232480216,0.6641729724549916,-0.4959140449759338,0.0014957076820405282,0.30974027122426084
ORD201164,2024-01-08,C65890,5,315.57,340 Main St,TRK64530489,6,WINTER15,1577.85,0,1,1,1,262.97499999999997,2024,False,False,False,False,False,True,False,True,False,False,True,False,False,False,False,False,False,False,True,False,False,False,False,False,False,False,True,1.4599927111375337,-0.2072237031468381,0.6403726091457254,0.22577497083453502,0.35888942053107964,-1.4942119743585196,0.30974027122426084
ORD201165,2023-07-14,C36992,3,223.79,617 Main St,TRK63460217,3,None,671.37,0,7,0,0,223.79,2023,False,False,False,False,False,False,False,True,False,False,False,True,False,False,False,True,False,False,False,False,False,False,False,False,True,False,False,0.03849879359997556,-0.6728875351566022,-0.466986059765932,-1.0894190340268348,0.10457297713498526,0.3006372440901526,-1.0224759490947237
ORD201166,2023-07-31,C95568,3,324.47,971 Main St,TRK37075292,4,WINTER15,973.4100000000001,0,7,1,1,243.35250000000002,2023,False,False,False,False,False,False,False,False,False,False,True,False,False,False,False,False,False,False,True,False,False,False,False,False,False,False,True,0.03849879359997556,-0.16206780747363136,-0.09801309581959328,-0.6510210324063782,0.231536494397614,0.3006372440901526,-1.0224759490947237
ORD201167,2023-10-17,C17966,2,92.87,360 Main St,TRK31169396,5,FREESHIP,185.74,0,10,0,1,37.148,2023,False,False,False,False,True,False,True,False,False,False,False,True,False,False,True,False,False,False,False,False,False,False,True,False,False,False,False,-0.6722481651688036,-1.337135834205614,-1.060233114729713,-0.2126230307859216,-1.1067611973790858,1.1980618533144887,-1.0224759490947237
ORD201168,2023-04-08,C89559,2,331.42,297 Main St,TRK82838108,6,WINTER15,662.84,1,4,1,1,110.47333333333334,2023,False,True,False,False,False,False,True,False,False,False,True,False,False,False,False,True,False,False,False,True,False,False,False,False,False,False,True,-0.6722481651688036,-0.12680561927938583,-0.47740633318157977,0.22577497083453502,-0.6308689430938637,-0.5967873651341835,-1.0224759490947237
ORD201169,2024-12-23,C15849,1,525.43,643 Main St,TRK26794546,2,SAVE10,525.43,0,12,0,1,262.715,2024,False,False,False,False,False,False,False,False,False,False,False,False,False,False,False,False,True,False,True,False,False,False,False,False,False,True,False,-1.3829951239375826,0.8575421694350868,-0.645266798602936,-1.5278170356472913,0.3572019820907841,1.7963449261307127,0.30974027122426084
ORD201170,2023-08-03,C94257,2,697.19,762 Main St,TRK40220743,7,FREESHIP,1394.38,0,8,0,1,199.19714285714286,2023,False,False,False,False,True,False,False,False,False,False,False,False,True,False,False,False,False,False,False,False,False,True,False,False,False,False,False,-0.6722481651688036,1.7290002189665439,0.4162451104858304,0.6641729724549916,-0.05503830170946196,0.5997787804982646,-1.0224759490947237
ORD201171,2023-08-28,C39911,4,518.4,699 Main St,TRK80431998,7,SAVE10,2073.6,0,8,1,1,296.2285714285714,2023,False,False,False,True,False,False,True,False,False,False,True,False,False,False,True,False,False,False,True,False,False,False,False,False,False,True,False,0.7492457523687547,0.8218740855493968,1.2459822862626548,0.6641729724549916,0.5747100155529573,0.5997787804982646,-1.0224759490947237
ORD201172,2025-02-04,C28828,3,131.96,745 Main St,TRK32550359,8,None,395.88,0,2,0,0,49.485,2025,True,False,False,False,False,False,True,False,False,False,False,True,False,False,False,False,True,False,False,False,False,False,True,False,True,False,False,0.03849879359997556,-1.1388050519735191,-0.8035254646049494,1.1025709740754481,-1.0266922433870578,-1.1950704379504076,1.6419564915432456
ORD201173,2024-10-04,C82921,1,208.36,703 Main St,TRK31079911,4,FREESHIP,208.36,0,10,0,1,52.09,2024,False,False,True,False,False,False,False,False,False,True,False,False,False,True,False,False,False,False,False,False,False,False,False,False,False,False,False,-1.3829951239375826,-0.7511746666439704,-1.0326004553320631,-0.6510210324063782,-1.009785408244865,1.1980618533144887,0.30974027122426084
ORD201174,2023-11-27,C50159,3,222.34,105 Main St,TRK53737452,5,WINTER15,667.02,0,11,0,1,133.404,2023,False,False,False,False,True,False,True,False,False,False,False,False,True,False,False,False,False,False,True,False,False,False,False,False,False,False,True,0.03849879359997556,-0.6802443945640346,-0.47230003272701854,-0.2126230307859216,-0.4820455261902515,1.4972033897226007,-1.0224759490947237
ORD201175,2024-09-10,C62512,3,91.74,368 Main St,TRK24139954,8,FREESHIP,275.22,0,9,0,1,34.4025,2024,False,False,False,False,True,False,False,True,False,False,False,False,True,False,False,False,False,True,False,False,False,False,True,False,False,False,False,0.03849879359997556,-1.3428691108472683,-0.9509240801186735,1.1025709740754481,-1.124579898293823,0.8989203169063766,0.30974027122426084
ORD201176,2023-08-13,C39260,2,213.83,374 Main St,TRK55587314,2,WINTER15,427.66,1,8,0,1,213.83,2023,False,False,False,False,False,True,False,True,False,False,False,False,False,False,False,False,False,False,False,False,True,False,False,False,False,False,True,-0.6722481651688036,-0.723421548741449,-0.7647029219145287,-1.5278170356472913,0.039931104575967866,0.5997787804982646,-1.0224759490947237
ORD201177,2023-04-27,C23917,1,127.55,433 Main St,TRK44434536,3,SAVE10,127.55,0,4,0,1,42.516666666666666,2023,False,False,False,False,True,False,False,False,False,False,False,False,False,True,False,False,False,True,False,False,False,True,False,False,False,True,False,-1.3829951239375826,-1.1611800519644,-1.1313181921103164,-1.0894190340268348,-1.0719177569695968,-0.5967873651341835,-1.0224759490947237
ORD201178,2024-09-08,C65107,1,70.24,456 Main St,TRK10261578,4,FREESHIP,70.24,1,9,0,1,17.56,2024,False,False,True,False,False,False,True,False,False,False,False,False,False,False,False,True,False,False,False,False,True,False,False,False,False,False,False,-1.3829951239375826,-1.4519535779229922,-1.201328258868907,-0.6510210324063782,-1.2338902134118204,0.8989203169063766,0.30974027122426084
ORD201179,2023-01-08,C84630,5,518.55,907 Main St,TRK48054997,6,WINTER15,2592.75,1,1,0,1,432.125,2023,False,True,False,False,False,False,True,False,False,False,False,False,False,False,False,False,True,False,False,False,True,False,False,False,False,False,True,1.4599927111375337,0.8226351399708552,1.8801774731012912,0.22577497083453502,1.4566979289003383,-1.4942119743585196,-1.0224759490947237
ORD201180,2023-10-31,C42235,4,298.36,722 Main St,TRK49379882,8,FREESHIP,1193.44,0,10,0,1,149.18,2023,False,False,False,False,False,False,False,True,False,False,False,True,False,False,False,True,False,False,False,False,False,False,True,False,False,False,False,0.7492457523687547,-0.2945420137688476,0.17077620777301988,1.1025709740754481,-0.3796569537513899,1.1980618533144887,-1.0224759490947237
ORD201181,2023-07-27,C70246,3,158.74,293 Main St,TRK45708320,7,FREESHIP,476.22,0,7,0,1,68.03142857142858,2023,True,False,False,False,False,False,False,False,False,True,False,True,False,False,False,False,True,False,False,False,False,True,False,False,False,False,False,0.03849879359997556,-1.0029314692624547,-0.7053818812270893,0.6641729724549916,-0.9063231799192658,0.3006372440901526,-1.0224759490947237
ORD201182,2025-06-14,C18473,2,420.29,700 Main St,TRK97834202,3,SAVE10,840.58,1,6,0,1,280.1933333333333,2025,False,False,False,False,False,False,False,False,True,False,False,False,True,False,False,True,False,False,False,True,False,False,False,False,False,True,False,-0.6722481651688036,0.3240937569540826,-0.26027861959456405,-1.0894190340268348,0.4706389495483506,0.0014957076820405282,1.6419564915432456
ORD201183,2023-04-05,C12607,1,281.52,460 Main St,TRK83653396,6,WINTER15,281.52,0,4,0,1,46.919999999999995,2023,True,False,False,False,False,False,False,False,True,False,False,False,False,True,False,False,False,True,False,False,False,False,False,True,False,False,True,-1.3829951239375826,-0.37998305681792627,-0.9432279813474448,0.22577497083453502,-1.043339472615359,-0.5967873651341835,-1.0224759490947237
ORD201184,2023-09-27,C10222,1,204.08,979 Main St,TRK86297895,4,None,204.08,0,9,0,0,51.02,2023,False,True,False,False,False,False,False,False,True,False,False,False,True,False,False,True,False,False,False,False,False,False,False,True,True,False,False,-1.3829951239375826,-0.772890086136254,-1.0378289160845804,-0.6510210324063782,-1.0167298664414663,0.8989203169063766,-1.0224759490947237
ORD201185,2024-07-08,C77344,1,343.31,777 Main St,TRK20605055,6,SAVE10,343.31,0,7,0,1,57.218333333333334,2024,False,False,False,False,False,False,False,False,True,False,False,False,True,False,False,True,False,False,True,False,False,False,False,False,False,True,False,-1.3829951239375826,-0.06647937213843913,-0.867745133240425,0.22577497083453502,-0.9765017667013415,0.3006372440901526,0.30974027122426084
ORD201186,2023-11-18,C65497,1,163.32,676 Main St,TRK83702761,6,WINTER15,163.32,1,11,0,1,27.22,2023,False,False,True,False,False,False,False,False,False,False,False,False,False,True,True,False,False,False,False,True,False,False,False,False,False,False,True,-1.3829951239375826,-0.9796939409272541,-1.087621453531451,0.22577497083453502,-1.17119538520699,1.4972033897226007,-1.0224759490947237
ORD201187,2024-03-13,C26340,2,184.6,562 Main St,TRK59962703,7,WINTER15,369.2,0,3,1,1,52.74285714285714,2024,True,False,False,False,False,False,False,False,True,False,True,False,False,False,False,False,False,False,False,False,False,False,False,True,False,False,True,-0.6722481651688036,-0.8717256870030029,-0.8361178320996133,0.6641729724549916,-1.0055482688645623,-0.8959289015422955,0.30974027122426084
ORD201188,2023-10-07,C75619,2,371.29,924 Main St,TRK23086941,5,WINTER15,742.58,1,10,0,1,148.51600000000002,2023,False,False,False,False,True,False,False,False,True,False,False,False,False,True,True,False,False,False,False,True,False,False,False,False,False,False,True,-0.6722481651688036,0.07548264594429357,-0.3799957115914558,-0.2126230307859216,-0.383966411921991,1.1980618533144887,-1.0224759490947237
ORD201189,2024-08-17,C96136,5,389.22,149 Main St,TRK60856682,7,None,1946.1,1,8,0,0,278.0142857142857,2024,False,False,False,False,False,True,False,False,False,False,False,False,False,False,False,False,False,True,False,True,False,False,False,False,True,False,False,1.4599927111375337,0.16645401778930416,1.0902279063687395,0.6641729724549916,0.4564966083344441,0.5997787804982646,0.30974027122426084
ORD201190,2025-06-08,C46886,3,616.39,754 Main St,TRK82791646,6,FREESHIP,1849.17,1,6,0,1,308.195,2025,True,False,False,False,False,False,True,False,False,False,False,False,False,True,False,False,True,False,False,False,True,False,False,False,False,False,False,0.03849879359997556,1.3190455706075443,0.9718179295599774,0.22577497083453502,0.6523739061855751,0.0014957076820405282,1.6419564915432456
ORD201191,2025-02-10,C44148,4,376.43,809 Main St,TRK67872709,5,WINTER15,1505.72,0,2,0,1,301.144,2025,True,False,False,False,False,False,False,False,True,False,False,True,False,False,False,False,True,False,True,False,False,False,False,False,False,False,True,0.7492457523687547,0.10156144411960608,0.5522583862300541,-0.2126230307859216,0.6066118737143269,-1.1950704379504076,1.6419564915432456
ORD201192,2024-02-28,C72007,3,432.85,999 Main St,TRK16240916,4,None,1298.55,0,2,0,0,324.6375,2024,False,False,False,False,False,False,False,False,False,True,False,True,False,False,False,False,True,False,False,False,False,False,False,True,True,False,False,0.03849879359997556,0.38781938051087755,0.29917889695458394,-0.6510210324063782,0.7590881621646559,-1.1950704379504076,0.30974027122426084
ORD201193,2025-06-16,C45104,1,687.89,348 Main St,TRK38559816,1,FREESHIP,687.89,0,6,0,1,687.89,2025,False,False,False,False,False,True,False,False,False,False,False,False,True,False,False,False,False,False,True,False,False,False,False,False,False,False,False,-1.3829951239375826,1.681814844836114,-0.44680517854359886,-1.966215037267748,3.1166505930626993,0.0014957076820405282,1.6419564915432456
ORD201194,2023-11-19,C29885,3,189.44,725 Main St,TRK62067865,4,FREESHIP,568.3199999999999,1,11,0,1,142.07999999999998,2023,False,False,False,False,True,False,False,False,False,False,False,True,False,False,False,False,False,False,False,False,True,False,False,False,False,False,False,0.03849879359997556,-0.8471689976706074,-0.5928722468096024,-0.6510210324063782,-0.42573700346715554,1.4972033897226007,-1.0224759490947237
ORD201195,2024-06-20,C21126,1,107.04,392 Main St,TRK38009181,6,FREESHIP,107.04,0,6,0,1,17.84,2024,True,False,False,False,False,False,True,False,False,False,False,False,False,False,False,True,False,False,False,False,False,True,False,False,False,False,False,-1.3829951239375826,-1.2652415598584974,-1.1563732692210944,0.22577497083453502,-1.2320729720145789,0.0014957076820405282,0.30974027122426084
ORD201196,2024-03-04,C20095,2,662.53,778 Main St,TRK69207593,5,None,1325.06,0,3,0,0,265.012,2024,False,False,True,False,False,False,False,False,False,True,False,False,False,False,True,False,False,False,True,False,False,False,False,False,True,False,False,-0.6722481651688036,1.5531459106481906,0.3315635919427227,-0.2126230307859216,0.37210985169601146,-0.8959289015422955,0.30974027122426084
ORD201197,2023-07-13,C79674,2,436.84,275 Main St,TRK88039356,2,FREESHIP,873.68,0,7,1,1,436.84,2023,False,False,False,False,False,True,False,False,False,True,True,False,False,False,False,False,True,False,False,False,False,True,False,False,False,False,False,-0.6722481651688036,0.4080634281216744,-0.2198435609711242,-1.5278170356472913,1.4872989760003148,0.3006372440901526,-1.0224759490947237
ORD201198,2024-08-22,C64753,4,262.52,509 Main St,TRK71683331,4,WINTER15,1050.08,0,8,0,1,262.52,2024,False,False,False,False,False,False,False,True,False,False,False,False,False,False,False,False,True,False,False,False,False,True,False,False,False,False,True,0.7492457523687547,-0.47638328353600773,-0.004352795376719075,-0.6510210324063782,0.35593640326056236,0.5997787804982646,0.30974027122426084
ORD201199,2023-06-11,C57502,4,560.58,201 Main St,TRK51116746,6,SAVE10,2242.32,1,6,0,1,373.72,2023,False,False,False,False,False,True,False,False,True,False,False,False,True,False,False,False,False,True,False,False,True,False,False,False,False,True,False,0.7492457523687547,1.035882588863538,1.4520911409740385,0.22577497083453502,1.0776408438793126,0.0014957076820405282,-1.0224759490947237
