CustomerID,Recency,Frequency,Monetary,AvgOrderValue,AvgQuantity,AvgItemsInCart,DiscountRate,DeliveryRate,UniqueProducts,MonetaryPerVisit,ItemsPerOrder,AvgPricePerItem,Cluster,Persona
C10002,624,1,1470.03,1470.03,3.0,4.0,1.0,0.0,1,1470.03,1.3333333333333333,490.01,1,Average Shoppers
C10054,260,1,153.48,153.48,2.0,7.0,1.0,0.0,1,153.48,3.5,76.74,0,Average Shoppers
C10126,744,1,1349.8,1349.8,2.0,4.0,1.0,0.0,1,1349.8,2.0,674.9,1,Average Shoppers
C10154,337,1,1303.04,1303.04,4.0,8.0,1.0,0.0,1,1303.04,2.0,325.76,1,Average Shoppers
C10211,418,1,635.9000000000001,635.9000000000001,5.0,10.0,1.0,0.0,1,635.9000000000001,2.0,127.18000000000002,0,Average Shoppers
C10222,643,1,204.08,204.08,1.0,4.0,0.0,0.0,1,204.08,4.0,204.08,0,Average Shoppers
C10477,790,1,466.42,466.42,1.0,5.0,1.0,0.0,1,466.42,5.0,466.42,0,Average Shoppers
C10642,384,1,922.74,922.74,2.0,5.0,1.0,1.0,1,922.74,2.5,461.37,0,Average Shoppers
C10787,617,1,1099.28,1099.28,4.0,9.0,1.0,1.0,1,1099.28,2.25,274.82,0,Average Shoppers
C10791,559,1,355.09,355.09,1.0,5.0,1.0,0.0,1,355.09,5.0,355.09,0,Average Shoppers
C10866,553,1,789.5699999999999,789.5699999999999,3.0,5.0,0.0,1.0,1,789.5699999999999,1.6666666666666667,263.19,0,Average Shoppers
C10892,346,1,754.94,754.94,2.0,7.0,0.0,0.0,1,754.94,3.5,377.47,0,Average Shoppers
C11127,307,1,1306.65,1306.65,5.0,5.0,1.0,0.0,1,1306.65,1.0,261.33000000000004,1,Average Shoppers
C11210,295,1,454.6,454.6,5.0,9.0,1.0,1.0,1,454.6,1.8,90.92,0,Average Shoppers
C11415,473,1,2876.2,2876.2,5.0,7.0,1.0,1.0,1,2876.2,1.4,575.24,1,Average Shoppers
C11473,551,1,146.82,146.82,2.0,2.0,1.0,0.0,1,146.82,1.0,73.41,0,Average Shoppers
C11644,711,1,46.66,46.66,1.0,6.0,0.0,0.0,1,46.66,6.0,46.66,0,Average Shoppers
C11657,569,1,264.4,264.4,4.0,9.0,1.0,0.0,1,264.4,2.25,66.1,0,Average Shoppers
C11665,795,1,337.38,337.38,3.0,6.0,1.0,0.0,1,337.38,2.0,112.46,0,Average Shoppers
C11676,20,1,929.0,929.0,2.0,2.0,1.0,0.0,1,929.0,1.0,464.5,0,Average Shoppers
C11829,58,1,279.14,279.14,2.0,4.0,1.0,1.0,1,279.14,2.0,139.57,0,Average Shoppers
C11849,247,1,476.5,476.5,2.0,7.0,1.0,0.0,1,476.5,3.5,238.25,0,Average Shoppers
C11893,284,1,1582.0,1582.0,5.0,7.0,0.0,0.0,1,1582.0,1.4,316.4,1,Average Shoppers
C11906,181,1,1237.59,1237.59,3.0,6.0,1.0,0.0,1,1237.59,2.0,412.53,0,Average Shoppers
C11921,214,1,452.7,452.7,1.0,5.0,1.0,0.0,1,452.7,5.0,452.7,0,Average Shoppers
C11940,665,1,448.02,448.02,3.0,7.0,1.0,0.0,1,448.02,2.3333333333333335,149.34,0,Average Shoppers
C11985,633,1,30.44,30.44,1.0,1.0,1.0,0.0,1,30.44,1.0,30.44,0,Average Shoppers
C11998,135,1,1495.98,1495.98,3.0,6.0,0.0,0.0,1,1495.98,2.0,498.66,1,Average Shoppers
C12039,567,1,132.68,132.68,1.0,1.0,1.0,0.0,1,132.68,1.0,132.68,0,Average Shoppers
C12245,776,1,815.58,815.58,2.0,3.0,0.0,0.0,1,815.58,1.5,407.79,0,Average Shoppers
C12301,659,1,531.74,531.74,1.0,1.0,1.0,0.0,1,531.74,1.0,531.74,0,Average Shoppers
C12388,792,1,2683.6,2683.6,5.0,10.0,0.0,1.0,1,2683.6,2.0,536.72,1,Average Shoppers
C12408,675,1,161.54,161.54,2.0,4.0,0.0,0.0,1,161.54,2.0,80.77,0,Average Shoppers
C12421,795,1,93.02,93.02,1.0,4.0,0.0,0.0,1,93.02,4.0,93.02,0,Average Shoppers
C12444,287,1,230.88,230.88,3.0,8.0,1.0,0.0,1,230.88,2.6666666666666665,76.96,0,Average Shoppers
C12459,298,1,284.16,284.16,2.0,4.0,1.0,1.0,1,284.16,2.0,142.08,0,Average Shoppers
C12472,492,1,252.93,252.93,3.0,3.0,1.0,0.0,1,252.93,1.0,84.31,0,Average Shoppers
C12479,638,1,124.1,124.1,5.0,10.0,0.0,0.0,1,124.1,2.0,24.82,0,Average Shoppers
C12487,540,1,1427.07,1427.07,3.0,3.0,1.0,0.0,1,1427.07,1.0,475.69,1,Average Shoppers
C12607,818,1,281.52,281.52,1.0,6.0,1.0,0.0,1,281.52,6.0,281.52,0,Average Shoppers
C12609,583,1,547.32,547.32,4.0,8.0,1.0,0.0,1,547.32,2.0,136.83,0,Average Shoppers
C12667,72,1,223.3,223.3,1.0,1.0,0.0,0.0,1,223.3,1.0,223.3,0,Average Shoppers
C12740,649,1,644.75,644.75,5.0,10.0,1.0,0.0,1,644.75,2.0,128.95,0,Average Shoppers
C12813,108,1,1462.7,1462.7,5.0,8.0,1.0,0.0,1,1462.7,1.6,292.54,1,Average Shoppers
C12818,566,1,191.04,191.04,3.0,6.0,0.0,0.0,1,191.04,2.0,63.68,0,Average Shoppers
C13100,561,1,1177.64,1177.64,4.0,4.0,0.0,0.0,1,1177.64,1.0,294.41,0,Average Shoppers
C13108,432,1,3293.85,3293.85,5.0,10.0,1.0,0.0,1,3293.85,2.0,658.77,1,Average Shoppers
C13169,594,1,536.07,536.07,1.0,5.0,1.0,1.0,1,536.07,5.0,536.07,0,Average Shoppers
C13186,672,1,889.68,889.68,2.0,7.0,0.0,0.0,1,889.68,3.5,444.84,0,Average Shoppers
C13205,888,1,2107.1,2107.1,5.0,7.0,0.0,0.0,1,2107.1,1.4,421.41999999999996,1,Average Shoppers
C13296,759,1,108.82,108.82,2.0,6.0,0.0,0.0,1,108.82,3.0,54.41,0,Average Shoppers
C13324,108,1,1199.48,1199.48,2.0,2.0,0.0,0.0,1,1199.48,1.0,599.74,0,Average Shoppers
C13366,726,1,2714.2,2714.2,4.0,5.0,0.0,1.0,1,2714.2,1.25,678.55,1,Average Shoppers
C13501,678,1,427.6,427.6,5.0,5.0,0.0,0.0,1,427.6,1.0,85.52000000000001,0,Average Shoppers
C13525,383,1,212.79,212.79,3.0,5.0,0.0,0.0,1,212.79,1.6666666666666667,70.92999999999999,0,Average Shoppers
C13540,758,1,1239.64,1239.64,4.0,5.0,1.0,0.0,1,1239.64,1.25,309.91,1,Average Shoppers
C13877,583,1,3330.4075,3330.4075,5.0,5.0,0.0,0.0,1,3330.4075,1.0,666.0815,1,Average Shoppers
C13923,632,1,118.8,118.8,1.0,6.0,1.0,1.0,1,118.8,6.0,118.8,0,Average Shoppers
C14005,547,1,80.46,80.46,2.0,4.0,1.0,0.0,1,80.46,2.0,40.23,0,Average Shoppers
C14017,784,1,1248.32,1248.32,2.0,2.0,1.0,0.0,1,1248.32,1.0,624.16,0,Average Shoppers
C14080,369,1,283.69,283.69,1.0,6.0,0.0,0.0,1,283.69,6.0,283.69,0,Average Shoppers
C14114,277,1,1704.06,1704.06,3.0,3.0,1.0,0.0,1,1704.06,1.0,568.02,1,Average Shoppers
C14240,790,1,491.11,491.11,1.0,4.0,1.0,1.0,1,491.11,4.0,491.11,0,Average Shoppers
C14427,343,1,533.9,533.9,2.0,3.0,0.0,0.0,1,533.9,1.5,266.95,0,Average Shoppers
C14455,570,1,164.85,164.85,3.0,8.0,1.0,0.0,1,164.85,2.6666666666666665,54.949999999999996,0,Average Shoppers
C14457,398,1,395.4,395.4,5.0,8.0,0.0,0.0,1,395.4,1.6,79.08,0,Average Shoppers
C14552,890,1,1120.0,1120.0,5.0,9.0,1.0,0.0,1,1120.0,1.8,224.0,1,Average Shoppers
C14553,295,1,440.1899999999999,440.1899999999999,3.0,8.0,1.0,1.0,1,440.1899999999999,2.6666666666666665,146.72999999999996,0,Average Shoppers
C14568,871,1,885.32,885.32,4.0,5.0,0.0,0.0,1,885.32,1.25,221.33,0,Average Shoppers
C14576,439,1,2156.8,2156.8,4.0,8.0,1.0,0.0,1,2156.8,2.0,539.2,1,Average Shoppers
C14600,712,1,441.8,441.8,2.0,4.0,0.0,0.0,1,441.8,2.0,220.9,0,Average Shoppers
C14683,20,1,1069.34,1069.34,2.0,7.0,1.0,0.0,1,1069.34,3.5,534.67,0,Average Shoppers
C14737,899,1,581.64,581.64,4.0,7.0,1.0,0.0,1,581.64,1.75,145.41,0,Average Shoppers
C14837,822,1,183.18,183.18,1.0,6.0,1.0,0.0,1,183.18,6.0,183.18,0,Average Shoppers
C14847,194,2,1097.81,548.905,2.5,4.0,0.5,0.0,2,548.905,1.6,219.56199999999998,2,VIP Customers
C14891,465,1,1654.96,1654.96,4.0,7.0,1.0,0.0,1,1654.96,1.75,413.74,1,Average Shoppers
C14983,720,1,17.24,17.24,1.0,2.0,1.0,0.0,1,17.24,2.0,17.24,0,Average Shoppers
C15017,60,1,675.57,675.57,1.0,1.0,1.0,0.0,1,675.57,1.0,675.57,0,Average Shoppers
C15063,428,1,426.1,426.1,5.0,7.0,1.0,0.0,1,426.1,1.4,85.22,0,Average Shoppers
C15146,684,1,190.55,190.55,5.0,6.0,1.0,0.0,1,190.55,1.2,38.11,0,Average Shoppers
C15228,498,1,1422.42,1422.42,3.0,8.0,1.0,0.0,1,1422.42,2.6666666666666665,474.14000000000004,1,Average Shoppers
C15257,102,1,580.2,580.2,4.0,6.0,1.0,1.0,1,580.2,1.5,145.05,0,Average Shoppers
C15283,584,1,381.02,381.02,1.0,6.0,0.0,0.0,1,381.02,6.0,381.02,0,Average Shoppers
C15624,161,1,3097.6,3097.6,5.0,9.0,0.0,0.0,1,3097.6,1.8,619.52,1,Average Shoppers
C15629,807,1,912.45,912.45,3.0,3.0,1.0,0.0,1,912.45,1.0,304.15000000000003,0,Average Shoppers
C15681,679,1,2161.64,2161.64,4.0,6.0,0.0,0.0,1,2161.64,1.5,540.41,1,Average Shoppers
C15849,190,1,525.43,525.43,1.0,2.0,1.0,0.0,1,525.43,2.0,525.43,0,Average Shoppers
C15924,194,1,245.89,245.89,1.0,3.0,1.0,1.0,1,245.89,3.0,245.89,0,Average Shoppers
C16012,95,1,630.82,630.82,1.0,5.0,1.0,1.0,1,630.82,5.0,630.82,0,Average Shoppers
C16253,8,1,399.4,399.4,2.0,4.0,0.0,0.0,1,399.4,2.0,199.7,0,Average Shoppers
C16400,266,1,628.4399999999999,628.4399999999999,3.0,4.0,0.0,0.0,1,628.4399999999999,1.3333333333333333,209.48,0,Average Shoppers
C16429,462,1,679.65,679.65,1.0,6.0,1.0,0.0,1,679.65,6.0,679.65,0,Average Shoppers
C16612,104,1,600.54,600.54,1.0,4.0,1.0,0.0,1,600.54,4.0,600.54,0,Average Shoppers
C16675,22,1,857.4,857.4,4.0,7.0,1.0,0.0,1,857.4,1.75,214.35,0,Average Shoppers
C16693,146,1,949.72,949.72,4.0,8.0,1.0,0.0,1,949.72,2.0,237.43,0,Average Shoppers
C16702,674,1,1390.17,1390.17,3.0,3.0,0.0,0.0,1,1390.17,1.0,463.39000000000004,1,Average Shoppers
C16758,242,1,188.31,188.31,3.0,6.0,1.0,0.0,1,188.31,2.0,62.77,0,Average Shoppers
C16775,827,1,3330.4075,3330.4075,5.0,8.0,1.0,0.0,1,3330.4075,1.6,666.0815,1,Average Shoppers
C16776,666,1,320.0,320.0,2.0,4.0,1.0,0.0,1,320.0,2.0,160.0,0,Average Shoppers
C16790,815,1,258.96,258.96,4.0,8.0,1.0,0.0,1,258.96,2.0,64.74,0,Average Shoppers
C17075,341,1,1259.04,1259.04,4.0,8.0,0.0,0.0,1,1259.04,2.0,314.76,1,Average Shoppers
C17103,543,1,1278.36,1278.36,3.0,5.0,1.0,1.0,1,1278.36,1.6666666666666667,426.11999999999995,0,Average Shoppers
C17132,206,1,386.03,386.03,1.0,4.0,1.0,0.0,1,386.03,4.0,386.03,0,Average Shoppers
C17136,706,1,641.96,641.96,4.0,8.0,1.0,0.0,1,641.96,2.0,160.49,0,Average Shoppers
C17181,126,1,2276.65,2276.65,5.0,8.0,1.0,0.0,1,2276.65,1.6,455.33000000000004,1,Average Shoppers
C17269,790,1,1733.8,1733.8,4.0,4.0,0.0,0.0,1,1733.8,1.0,433.45,1,Average Shoppers
C17302,707,1,359.99,359.99,1.0,5.0,1.0,0.0,1,359.99,5.0,359.99,0,Average Shoppers
C17388,507,1,317.25,317.25,1.0,1.0,1.0,0.0,1,317.25,1.0,317.25,0,Average Shoppers
C17389,233,1,522.08,522.08,1.0,5.0,1.0,0.0,1,522.08,5.0,522.08,0,Average Shoppers
C17470,244,1,461.9,461.9,2.0,3.0,1.0,1.0,1,461.9,1.5,230.95,0,Average Shoppers
C17551,79,1,518.39,518.39,1.0,4.0,1.0,0.0,1,518.39,4.0,518.39,0,Average Shoppers
C17591,641,1,479.76,479.76,1.0,1.0,0.0,0.0,1,479.76,1.0,479.76,0,Average Shoppers
C17921,862,1,1210.6,1210.6,4.0,8.0,1.0,0.0,1,1210.6,2.0,302.65,1,Average Shoppers
C17966,623,1,185.74,185.74,2.0,5.0,1.0,0.0,1,185.74,2.5,92.87,0,Average Shoppers
C18037,846,1,140.68,140.68,2.0,3.0,1.0,0.0,1,140.68,1.5,70.34,0,Average Shoppers
C18076,578,1,1766.22,1766.22,3.0,8.0,1.0,0.0,1,1766.22,2.6666666666666665,588.74,1,Average Shoppers
C18104,228,1,635.9000000000001,635.9000000000001,5.0,9.0,1.0,0.0,1,635.9000000000001,1.8,127.18000000000002,0,Average Shoppers
C18105,249,1,2332.08,2332.08,4.0,4.0,1.0,1.0,1,2332.08,1.0,583.02,1,Average Shoppers
C18138,817,1,1618.38,1618.38,3.0,4.0,1.0,0.0,1,1618.38,1.3333333333333333,539.46,1,Average Shoppers
C18167,471,1,887.84,887.84,4.0,7.0,0.0,1.0,1,887.84,1.75,221.96,0,Average Shoppers
C18169,59,1,929.84,929.84,2.0,2.0,0.0,0.0,1,929.84,1.0,464.92,0,Average Shoppers
C18187,225,1,605.28,605.28,1.0,3.0,1.0,0.0,1,605.28,3.0,605.28,0,Average Shoppers
C18353,28,1,1299.99,1299.99,3.0,4.0,1.0,0.0,1,1299.99,1.3333333333333333,433.33,0,Average Shoppers
C18404,854,1,3330.4075,3330.4075,5.0,7.0,1.0,0.0,1,3330.4075,1.4,666.0815,1,Average Shoppers
C18473,17,1,840.58,840.58,2.0,3.0,1.0,0.0,1,840.58,1.5,420.29,0,Average Shoppers
C18567,647,1,365.84,365.84,4.0,9.0,1.0,0.0,1,365.84,2.25,91.46,0,Average Shoppers
C18583,681,1,1822.1,1822.1,5.0,10.0,1.0,0.0,1,1822.1,2.0,364.41999999999996,1,Average Shoppers
C18717,828,1,2793.15,2793.15,5.0,8.0,1.0,0.0,1,2793.15,1.6,558.63,1,Average Shoppers
C18724,387,1,616.1,616.1,1.0,6.0,0.0,0.0,1,616.1,6.0,616.1,0,Average Shoppers
C18820,750,1,2573.0,2573.0,5.0,10.0,1.0,1.0,1,2573.0,2.0,514.6,1,Average Shoppers
C18826,672,1,1443.3,1443.3,3.0,3.0,1.0,0.0,1,1443.3,1.0,481.09999999999997,1,Average Shoppers
C18944,893,1,1575.2,1575.2,4.0,7.0,1.0,0.0,1,1575.2,1.75,393.8,1,Average Shoppers
C18984,453,1,1767.9,1767.9,3.0,6.0,1.0,0.0,1,1767.9,2.0,589.3000000000001,1,Average Shoppers
C19071,127,1,1352.94,1352.94,3.0,8.0,1.0,0.0,1,1352.94,2.6666666666666665,450.98,1,Average Shoppers
C19266,850,1,442.17,442.17,3.0,3.0,0.0,0.0,1,442.17,1.0,147.39000000000001,0,Average Shoppers
C19368,74,1,646.44,646.44,2.0,7.0,0.0,1.0,1,646.44,3.5,323.22,0,Average Shoppers
C19384,555,1,351.16,351.16,4.0,6.0,1.0,0.0,1,351.16,1.5,87.79,0,Average Shoppers
C19402,560,1,1204.68,1204.68,4.0,6.0,0.0,0.0,1,1204.68,1.5,301.17,1,Average Shoppers
C19439,26,1,440.34,440.34,1.0,2.0,1.0,0.0,1,440.34,2.0,440.34,0,Average Shoppers
C19451,191,1,2357.76,2357.76,4.0,5.0,0.0,0.0,1,2357.76,1.25,589.44,1,Average Shoppers
C19648,284,1,2673.44,2673.44,4.0,5.0,1.0,0.0,1,2673.44,1.25,668.36,1,Average Shoppers
C19722,396,1,596.24,596.24,1.0,4.0,1.0,0.0,1,596.24,4.0,596.24,0,Average Shoppers
C19742,657,1,332.09,332.09,1.0,5.0,1.0,0.0,1,332.09,5.0,332.09,0,Average Shoppers
C19759,180,1,1176.6,1176.6,2.0,2.0,1.0,0.0,1,1176.6,1.0,588.3,0,Average Shoppers
C19937,36,1,438.34,438.34,1.0,5.0,1.0,0.0,1,438.34,5.0,438.34,0,Average Shoppers
C20077,482,1,2372.88,2372.88,4.0,8.0,1.0,0.0,1,2372.88,2.0,593.22,1,Average Shoppers
C20095,484,1,1325.06,1325.06,2.0,5.0,0.0,0.0,1,1325.06,2.5,662.53,1,Average Shoppers
C20124,561,1,177.46,177.46,2.0,5.0,0.0,0.0,1,177.46,2.5,88.73,0,Average Shoppers
C20212,574,1,1834.35,1834.35,3.0,4.0,1.0,0.0,1,1834.35,1.3333333333333333,611.4499999999999,1,Average Shoppers
C20256,202,1,1616.22,1616.22,3.0,6.0,1.0,0.0,1,1616.22,2.0,538.74,1,Average Shoppers
C20257,550,1,1343.9,1343.9,5.0,7.0,1.0,1.0,1,1343.9,1.4,268.78000000000003,1,Average Shoppers
C20286,288,1,571.9,571.9,1.0,1.0,1.0,0.0,1,571.9,1.0,571.9,0,Average Shoppers
C20338,189,1,370.85,370.85,1.0,2.0,1.0,1.0,1,370.85,2.0,370.85,0,Average Shoppers
C20357,384,1,2077.32,2077.32,3.0,8.0,1.0,0.0,1,2077.32,2.6666666666666665,692.44,1,Average Shoppers
C20448,686,1,296.44,296.44,2.0,7.0,1.0,1.0,1,296.44,3.5,148.22,0,Average Shoppers
C20512,713,1,2763.12,2763.12,4.0,9.0,0.0,0.0,1,2763.12,2.25,690.78,1,Average Shoppers
C20624,108,1,479.56,479.56,1.0,1.0,1.0,0.0,1,479.56,1.0,479.56,0,Average Shoppers
C20643,501,1,2011.96,2011.96,4.0,4.0,1.0,0.0,1,2011.96,1.0,502.99,1,Average Shoppers
C20670,448,1,935.82,935.82,2.0,5.0,1.0,0.0,1,935.82,2.5,467.91,0,Average Shoppers
C20731,774,1,1777.76,1777.76,4.0,8.0,1.0,0.0,1,1777.76,2.0,444.44,1,Average Shoppers
C20752,557,1,572.13,572.13,1.0,4.0,1.0,0.0,1,572.13,4.0,572.13,0,Average Shoppers
C20817,777,1,3078.35,3078.35,5.0,6.0,1.0,0.0,1,3078.35,1.2,615.67,1,Average Shoppers
C20861,43,1,2441.75,2441.75,5.0,9.0,1.0,0.0,1,2441.75,1.8,488.35,1,Average Shoppers
C20881,714,1,1288.1,1288.1,2.0,5.0,1.0,0.0,1,1288.1,2.5,644.05,1,Average Shoppers
C20977,751,1,1740.48,1740.48,4.0,9.0,1.0,1.0,1,1740.48,2.25,435.12,1,Average Shoppers
C21043,348,1,694.5,694.5,1.0,3.0,1.0,0.0,1,694.5,3.0,694.5,0,Average Shoppers
C21126,376,1,107.04,107.04,1.0,6.0,1.0,0.0,1,107.04,6.0,107.04,0,Average Shoppers
C21147,746,1,335.1,335.1,1.0,6.0,1.0,0.0,1,335.1,6.0,335.1,0,Average Shoppers
C21167,871,1,2235.6,2235.6,4.0,9.0,1.0,0.0,1,2235.6,2.25,558.9,1,Average Shoppers
C21181,450,1,1350.2,1350.2,2.0,4.0,1.0,0.0,1,1350.2,2.0,675.1,1,Average Shoppers
C21191,46,2,647.77,323.885,1.5,2.0,1.0,0.5,2,323.885,1.3333333333333333,215.92333333333332,2,VIP Customers
C21227,874,1,590.87,590.87,1.0,6.0,1.0,0.0,1,590.87,6.0,590.87,0,Average Shoppers
C21437,417,1,222.73,222.73,1.0,4.0,0.0,0.0,1,222.73,4.0,222.73,0,Average Shoppers
C21665,640,1,1700.72,1700.72,4.0,8.0,1.0,0.0,1,1700.72,2.0,425.18,1,Average Shoppers
C21905,558,1,298.06,298.06,1.0,3.0,1.0,0.0,1,298.06,3.0,298.06,0,Average Shoppers
C21944,482,1,297.75,297.75,5.0,6.0,0.0,1.0,1,297.75,1.2,59.55,0,Average Shoppers
C21953,285,1,250.46,250.46,2.0,3.0,1.0,0.0,1,250.46,1.5,125.23,0,Average Shoppers
C22101,840,1,265.2,265.2,2.0,4.0,1.0,0.0,1,265.2,2.0,132.6,0,Average Shoppers
C22123,646,1,672.89,672.89,1.0,1.0,1.0,0.0,1,672.89,1.0,672.89,0,Average Shoppers
C22167,681,1,2178.3,2178.3,5.0,9.0,0.0,0.0,1,2178.3,1.8,435.66,1,Average Shoppers
C22429,730,1,604.8,604.8,4.0,9.0,1.0,0.0,1,604.8,2.25,151.2,0,Average Shoppers
C22534,893,1,529.19,529.19,1.0,5.0,0.0,0.0,1,529.19,5.0,529.19,0,Average Shoppers
C22657,551,1,1901.91,1901.91,3.0,7.0,1.0,0.0,1,1901.91,2.3333333333333335,633.97,1,Average Shoppers
C22783,293,1,2771.64,2771.64,4.0,9.0,1.0,0.0,1,2771.64,2.25,692.91,1,Average Shoppers
C22919,52,1,195.86,195.86,1.0,3.0,0.0,0.0,1,195.86,3.0,195.86,0,Average Shoppers
C22981,442,1,472.2,472.2,3.0,7.0,1.0,0.0,1,472.2,2.3333333333333335,157.4,0,Average Shoppers
C22991,92,1,252.68,252.68,1.0,1.0,0.0,0.0,1,252.68,1.0,252.68,0,Average Shoppers
C23279,707,1,87.34,87.34,2.0,4.0,1.0,0.0,1,87.34,2.0,43.67,0,Average Shoppers
C23334,411,1,331.06,331.06,1.0,5.0,1.0,0.0,1,331.06,5.0,331.06,0,Average Shoppers
C23405,312,1,2780.4,2780.4,4.0,8.0,0.0,0.0,1,2780.4,2.0,695.1,1,Average Shoppers
C23555,624,1,1633.44,1633.44,4.0,4.0,1.0,0.0,1,1633.44,1.0,408.36,1,Average Shoppers
C23637,762,1,553.56,553.56,1.0,5.0,0.0,0.0,1,553.56,5.0,553.56,0,Average Shoppers
C23899,97,1,1358.45,1358.45,5.0,7.0,1.0,0.0,1,1358.45,1.4,271.69,1,Average Shoppers
C23917,796,1,127.55,127.55,1.0,3.0,1.0,0.0,1,127.55,3.0,127.55,0,Average Shoppers
C23947,775,1,120.98,120.98,1.0,6.0,1.0,1.0,1,120.98,6.0,120.98,0,Average Shoppers
C23978,274,1,576.35,576.35,1.0,1.0,1.0,0.0,1,576.35,1.0,576.35,0,Average Shoppers
C24047,787,1,937.8,937.8,4.0,9.0,1.0,0.0,1,937.8,2.25,234.45,0,Average Shoppers
C24212,632,1,322.08,322.08,3.0,5.0,1.0,1.0,1,322.08,1.6666666666666667,107.36,0,Average Shoppers
C24301,248,1,1284.08,1284.08,2.0,4.0,1.0,1.0,1,1284.08,2.0,642.04,0,Average Shoppers
C24347,135,1,646.9,646.9,2.0,5.0,1.0,0.0,1,646.9,2.5,323.45,0,Average Shoppers
C24369,475,1,1079.19,1079.19,3.0,7.0,1.0,0.0,1,1079.19,2.3333333333333335,359.73,0,Average Shoppers
C24751,572,1,2506.3,2506.3,5.0,10.0,1.0,0.0,1,2506.3,2.0,501.26000000000005,1,Average Shoppers
C24765,362,1,719.72,719.72,2.0,4.0,0.0,0.0,1,719.72,2.0,359.86,0,Average Shoppers
C24769,604,1,57.1,57.1,2.0,7.0,1.0,0.0,1,57.1,3.5,28.55,0,Average Shoppers
C24884,344,1,260.26,260.26,1.0,5.0,1.0,0.0,1,260.26,5.0,260.26,0,Average Shoppers
C24901,788,1,299.7,299.7,3.0,8.0,1.0,1.0,1,299.7,2.6666666666666665,99.89999999999999,0,Average Shoppers
C25110,1,1,126.42,126.42,2.0,4.0,1.0,0.0,1,126.42,2.0,63.21,0,Average Shoppers
C25123,767,1,629.21,629.21,1.0,2.0,1.0,0.0,1,629.21,2.0,629.21,0,Average Shoppers
C25149,641,1,1054.48,1054.48,4.0,5.0,1.0,0.0,1,1054.48,1.25,263.62,0,Average Shoppers
C25162,600,1,688.36,688.36,2.0,7.0,0.0,0.0,1,688.36,3.5,344.18,0,Average Shoppers
C25268,119,1,665.11,665.11,1.0,3.0,1.0,0.0,1,665.11,3.0,665.11,0,Average Shoppers
C25276,767,1,3313.9,3313.9,5.0,9.0,1.0,0.0,1,3313.9,1.8,662.78,1,Average Shoppers
C25316,369,1,79.06,79.06,2.0,3.0,1.0,0.0,1,79.06,1.5,39.53,0,Average Shoppers
C25382,738,1,454.35,454.35,5.0,5.0,0.0,0.0,1,454.35,1.0,90.87,0,Average Shoppers
C25406,195,1,161.24,161.24,1.0,3.0,1.0,0.0,1,161.24,3.0,161.24,0,Average Shoppers
C25445,153,1,658.5,658.5,5.0,8.0,1.0,0.0,1,658.5,1.6,131.7,0,Average Shoppers
C25503,566,1,211.14,211.14,2.0,5.0,1.0,0.0,1,211.14,2.5,105.57,0,Average Shoppers
C25534,890,1,984.2,984.2,5.0,5.0,1.0,1.0,1,984.2,1.0,196.84,0,Average Shoppers
C25580,852,1,1563.36,1563.36,4.0,9.0,1.0,0.0,1,1563.36,2.25,390.84,1,Average Shoppers
C25587,204,1,48.4,48.4,4.0,8.0,0.0,0.0,1,48.4,2.0,12.1,0,Average Shoppers
C25783,101,1,1253.4,1253.4,5.0,8.0,1.0,0.0,1,1253.4,1.6,250.68,1,Average Shoppers
C25841,398,1,904.65,904.65,3.0,5.0,1.0,1.0,1,904.65,1.6666666666666667,301.55,0,Average Shoppers
C25918,698,1,666.9499999999999,666.9499999999999,5.0,6.0,1.0,1.0,1,666.9499999999999,1.2,133.39,0,Average Shoppers
C25967,532,1,1709.8,1709.8,5.0,6.0,0.0,1.0,1,1709.8,1.2,341.96,1,Average Shoppers
C26118,828,1,144.78,144.78,2.0,7.0,1.0,1.0,1,144.78,3.5,72.39,0,Average Shoppers
C26137,111,1,856.18,856.18,2.0,6.0,0.0,0.0,1,856.18,3.0,428.09,0,Average Shoppers
C26152,382,1,972.7,972.7,2.0,6.0,1.0,0.0,1,972.7,3.0,486.35,0,Average Shoppers
C26163,363,1,625.1,625.1,5.0,9.0,1.0,0.0,1,625.1,1.8,125.02000000000001,0,Average Shoppers
C26188,803,1,618.68,618.68,1.0,6.0,1.0,1.0,1,618.68,6.0,618.68,0,Average Shoppers
C26210,582,1,1334.25,1334.25,3.0,6.0,1.0,1.0,1,1334.25,2.0,444.75,1,Average Shoppers
C26223,270,1,657.07,657.07,1.0,4.0,1.0,0.0,1,657.07,4.0,657.07,0,Average Shoppers
C26340,475,1,369.2,369.2,2.0,7.0,1.0,1.0,1,369.2,3.5,184.6,0,Average Shoppers
C26364,807,1,1314.24,1314.24,4.0,4.0,1.0,0.0,1,1314.24,1.0,328.56,1,Average Shoppers
C26445,732,1,1500.24,1500.24,3.0,6.0,0.0,0.0,1,1500.24,2.0,500.08,1,Average Shoppers
C26637,670,1,869.8000000000001,869.8000000000001,5.0,8.0,1.0,0.0,1,869.8000000000001,1.6,173.96,0,Average Shoppers
C26718,152,1,1052.36,1052.36,4.0,8.0,1.0,0.0,1,1052.36,2.0,263.09,0,Average Shoppers
C26767,691,1,303.6,303.6,1.0,5.0,1.0,0.0,1,303.6,5.0,303.6,0,Average Shoppers
C26817,90,1,268.56,268.56,2.0,2.0,0.0,0.0,1,268.56,1.0,134.28,0,Average Shoppers
C26966,787,1,1872.9,1872.9,5.0,10.0,1.0,0.0,1,1872.9,2.0,374.58000000000004,1,Average Shoppers
C27070,267,1,2612.52,2612.52,4.0,8.0,1.0,0.0,1,2612.52,2.0,653.13,1,Average Shoppers
C27072,16,1,463.11,463.11,3.0,4.0,0.0,1.0,1,463.11,1.3333333333333333,154.37,0,Average Shoppers
C27078,241,1,1181.9,1181.9,5.0,7.0,0.0,0.0,1,1181.9,1.4,236.38000000000002,1,Average Shoppers
C27202,316,1,3267.35,3267.35,5.0,10.0,1.0,0.0,1,3267.35,2.0,653.47,1,Average Shoppers
C27203,866,1,1040.85,1040.85,5.0,6.0,1.0,0.0,1,1040.85,1.2,208.17,0,Average Shoppers
C27305,341,1,1390.58,1390.58,2.0,6.0,1.0,0.0,1,1390.58,3.0,695.29,1,Average Shoppers
C27401,219,1,1619.73,1619.73,3.0,8.0,0.0,1.0,1,1619.73,2.6666666666666665,539.91,1,Average Shoppers
C27430,147,1,474.25,474.25,5.0,6.0,1.0,0.0,1,474.25,1.2,94.85,0,Average Shoppers
C27435,400,1,2104.9,2104.9,5.0,7.0,1.0,1.0,1,2104.9,1.4,420.98,1,Average Shoppers
C27438,598,1,70.32,70.32,1.0,4.0,1.0,0.0,1,70.32,4.0,70.32,0,Average Shoppers
C27613,369,1,2462.6,2462.6,4.0,9.0,1.0,1.0,1,2462.6,2.25,615.65,1,Average Shoppers
C27898,631,1,2513.55,2513.55,5.0,7.0,1.0,0.0,1,2513.55,1.4,502.71000000000004,1,Average Shoppers
C28049,772,1,1293.38,1293.38,2.0,7.0,1.0,0.0,1,1293.38,3.5,646.69,1,Average Shoppers
C28152,50,1,1714.59,1714.59,3.0,6.0,1.0,1.0,1,1714.59,2.0,571.53,1,Average Shoppers
C28386,451,1,277.09,277.09,1.0,2.0,1.0,0.0,1,277.09,2.0,277.09,0,Average Shoppers
C28406,45,1,23.53,23.53,1.0,2.0,1.0,1.0,1,23.53,2.0,23.53,0,Average Shoppers
C28552,126,1,29.86,29.86,2.0,4.0,0.0,0.0,1,29.86,2.0,14.93,0,Average Shoppers
C28648,429,1,1895.44,1895.44,4.0,7.0,1.0,1.0,1,1895.44,1.75,473.86,1,Average Shoppers
C28712,421,1,303.32,303.32,2.0,6.0,0.0,0.0,1,303.32,3.0,151.66,0,Average Shoppers
C28740,732,1,1670.97,1670.97,3.0,4.0,1.0,0.0,1,1670.97,1.3333333333333333,556.99,1,Average Shoppers
C28828,147,1,395.88,395.88,3.0,8.0,0.0,0.0,1,395.88,2.6666666666666665,131.96,0,Average Shoppers
C28889,119,1,258.87,258.87,3.0,6.0,1.0,1.0,1,258.87,2.0,86.29,0,Average Shoppers
C28893,233,1,620.21,620.21,1.0,1.0,1.0,0.0,1,620.21,1.0,620.21,0,Average Shoppers
C28976,889,1,1067.62,1067.62,2.0,3.0,1.0,0.0,1,1067.62,1.5,533.81,0,Average Shoppers
C29041,735,1,1768.68,1768.68,3.0,6.0,0.0,0.0,1,1768.68,2.0,589.5600000000001,1,Average Shoppers
C29059,160,1,1503.9,1503.9,3.0,3.0,1.0,0.0,1,1503.9,1.0,501.3,1,Average Shoppers
C29063,275,1,478.75,478.75,5.0,8.0,1.0,0.0,1,478.75,1.6,95.75,0,Average Shoppers
C29072,844,1,687.98,687.98,2.0,4.0,0.0,1.0,1,687.98,2.0,343.99,0,Average Shoppers
C29092,398,1,60.04,60.04,4.0,6.0,0.0,0.0,1,60.04,1.5,15.01,0,Average Shoppers
C29314,754,1,788.6,788.6,2.0,6.0,1.0,0.0,1,788.6,3.0,394.3,0,Average Shoppers
C29318,354,1,24.48,24.48,1.0,1.0,0.0,0.0,1,24.48,1.0,24.48,0,Average Shoppers
C29405,112,1,448.74,448.74,2.0,3.0,1.0,1.0,1,448.74,1.5,224.37,0,Average Shoppers
C29416,156,1,150.17,150.17,1.0,1.0,1.0,0.0,1,150.17,1.0,150.17,0,Average Shoppers
C29432,777,1,1406.22,1406.22,3.0,4.0,1.0,0.0,1,1406.22,1.3333333333333333,468.74,1,Average Shoppers
C29467,755,1,191.76,191.76,1.0,1.0,1.0,0.0,1,191.76,1.0,191.76,0,Average Shoppers
C29483,314,1,1222.88,1222.88,4.0,5.0,0.0,1.0,1,1222.88,1.25,305.72,0,Average Shoppers
C29568,386,1,194.44,194.44,4.0,7.0,1.0,0.0,1,194.44,1.75,48.61,0,Average Shoppers
C29620,615,1,460.13,460.13,1.0,1.0,0.0,0.0,1,460.13,1.0,460.13,0,Average Shoppers
C29685,524,1,1923.45,1923.45,5.0,6.0,1.0,0.0,1,1923.45,1.2,384.69,1,Average Shoppers
C29697,388,1,401.82,401.82,1.0,5.0,1.0,0.0,1,401.82,5.0,401.82,0,Average Shoppers
C29701,77,1,61.62,61.62,3.0,3.0,1.0,0.0,1,61.62,1.0,20.54,0,Average Shoppers
C29703,562,1,2790.0,2790.0,4.0,7.0,1.0,0.0,1,2790.0,1.75,697.5,1,Average Shoppers
C29758,651,1,798.64,798.64,2.0,6.0,1.0,0.0,1,798.64,3.0,399.32,0,Average Shoppers
C29844,73,1,877.24,877.24,2.0,3.0,1.0,0.0,1,877.24,1.5,438.62,0,Average Shoppers
C29885,590,1,568.3199999999999,568.3199999999999,3.0,4.0,1.0,0.0,1,568.3199999999999,1.3333333333333333,189.43999999999997,0,Average Shoppers
C29905,471,1,1067.9,1067.9,2.0,5.0,1.0,1.0,1,1067.9,2.5,533.95,0,Average Shoppers
C29914,332,1,133.39,133.39,1.0,2.0,1.0,0.0,1,133.39,2.0,133.39,0,Average Shoppers
C29931,636,1,612.36,612.36,4.0,4.0,1.0,1.0,1,612.36,1.0,153.09,0,Average Shoppers
C30010,67,1,382.23,382.23,3.0,7.0,1.0,1.0,1,382.23,2.3333333333333335,127.41000000000001,0,Average Shoppers
C30168,311,1,933.99,933.99,3.0,3.0,1.0,0.0,1,933.99,1.0,311.33,0,Average Shoppers
C30184,642,1,427.06,427.06,1.0,1.0,1.0,0.0,1,427.06,1.0,427.06,0,Average Shoppers
C30334,572,1,267.1,267.1,2.0,7.0,1.0,0.0,1,267.1,3.5,133.55,0,Average Shoppers
C30411,70,1,2551.16,2551.16,4.0,9.0,1.0,0.0,1,2551.16,2.25,637.79,1,Average Shoppers
C30477,80,1,201.58,201.58,1.0,2.0,1.0,0.0,1,201.58,2.0,201.58,0,Average Shoppers
C30513,296,1,586.44,586.44,1.0,5.0,1.0,0.0,1,586.44,5.0,586.44,0,Average Shoppers
C30643,385,1,918.87,918.87,3.0,7.0,1.0,0.0,1,918.87,2.3333333333333335,306.29,0,Average Shoppers
C30686,18,1,1614.32,1614.32,4.0,9.0,1.0,0.0,1,1614.32,2.25,403.58,1,Average Shoppers
C30711,528,1,278.66,278.66,1.0,2.0,1.0,0.0,1,278.66,2.0,278.66,0,Average Shoppers
C30722,643,1,1333.9,1333.9,5.0,5.0,0.0,0.0,1,1333.9,1.0,266.78000000000003,1,Average Shoppers
C30923,885,1,654.27,654.27,1.0,2.0,1.0,0.0,1,654.27,2.0,654.27,0,Average Shoppers
C30955,604,1,167.6,167.6,4.0,9.0,1.0,0.0,1,167.6,2.25,41.9,0,Average Shoppers
C31072,441,1,916.4,916.4,4.0,8.0,1.0,0.0,1,916.4,2.0,229.1,0,Average Shoppers
C31105,782,1,583.99,583.99,1.0,2.0,1.0,0.0,1,583.99,2.0,583.99,0,Average Shoppers
C31371,571,1,507.36,507.36,2.0,6.0,0.0,0.0,1,507.36,3.0,253.68,0,Average Shoppers
C31412,364,1,2042.32,2042.32,4.0,7.0,1.0,0.0,1,2042.32,1.75,510.58,1,Average Shoppers
C31501,4,1,1764.15,1764.15,3.0,8.0,0.0,1.0,1,1764.15,2.6666666666666665,588.0500000000001,1,Average Shoppers
C31668,403,1,569.35,569.35,5.0,6.0,1.0,0.0,1,569.35,1.2,113.87,0,Average Shoppers
C31761,242,1,2600.16,2600.16,4.0,6.0,1.0,0.0,1,2600.16,1.5,650.04,1,Average Shoppers
C31764,207,1,655.09,655.09,1.0,6.0,0.0,0.0,1,655.09,6.0,655.09,0,Average Shoppers
C31772,721,1,693.41,693.41,1.0,4.0,0.0,0.0,1,693.41,4.0,693.41,0,Average Shoppers
C31810,880,1,178.44,178.44,1.0,2.0,1.0,0.0,1,178.44,2.0,178.44,0,Average Shoppers
C31946,588,1,2037.52,2037.52,4.0,6.0,1.0,0.0,1,2037.52,1.5,509.38,1,Average Shoppers
C32011,125,1,628.89,628.89,1.0,2.0,1.0,0.0,1,628.89,2.0,628.89,0,Average Shoppers
C32029,329,1,701.44,701.44,4.0,4.0,1.0,1.0,1,701.44,1.0,175.36,0,Average Shoppers
C32121,139,1,795.24,795.24,4.0,9.0,1.0,0.0,1,795.24,2.25,198.81,0,Average Shoppers
C32183,127,1,1985.67,1985.67,3.0,6.0,1.0,0.0,1,1985.67,2.0,661.89,1,Average Shoppers
C32347,566,1,249.81,249.81,1.0,1.0,1.0,0.0,1,249.81,1.0,249.81,0,Average Shoppers
C32570,624,1,11.39,11.39,1.0,6.0,1.0,0.0,1,11.39,6.0,11.39,0,Average Shoppers
C32580,582,1,1874.95,1874.95,5.0,9.0,1.0,0.0,1,1874.95,1.8,374.99,1,Average Shoppers
C32650,400,1,1210.52,1210.52,2.0,4.0,1.0,0.0,1,1210.52,2.0,605.26,0,Average Shoppers
C32687,197,1,852.44,852.44,2.0,7.0,1.0,1.0,1,852.44,3.5,426.22,0,Average Shoppers
C32798,289,1,993.24,993.24,2.0,2.0,1.0,0.0,1,993.24,1.0,496.62,0,Average Shoppers
C32854,862,1,65.45,65.45,1.0,2.0,1.0,0.0,1,65.45,2.0,65.45,0,Average Shoppers
C32943,662,1,824.28,824.28,2.0,2.0,1.0,0.0,1,824.28,1.0,412.14,0,Average Shoppers
C32956,342,1,2715.8,2715.8,5.0,6.0,1.0,0.0,1,2715.8,1.2,543.1600000000001,1,Average Shoppers
C32960,578,1,2223.8,2223.8,5.0,7.0,0.0,0.0,1,2223.8,1.4,444.76000000000005,1,Average Shoppers
C33051,434,1,883.08,883.08,2.0,2.0,1.0,1.0,1,883.08,1.0,441.54,0,Average Shoppers
C33099,185,1,241.9,241.9,5.0,9.0,1.0,1.0,1,241.9,1.8,48.38,0,Average Shoppers
C33110,31,1,1584.42,1584.42,3.0,3.0,1.0,1.0,1,1584.42,1.0,528.14,1,Average Shoppers
C33220,866,1,1852.16,1852.16,4.0,9.0,0.0,0.0,1,1852.16,2.25,463.04,1,Average Shoppers
C33260,284,1,1270.59,1270.59,3.0,6.0,1.0,1.0,1,1270.59,2.0,423.53,0,Average Shoppers
C33313,63,1,1738.65,1738.65,3.0,8.0,1.0,0.0,1,1738.65,2.6666666666666665,579.5500000000001,1,Average Shoppers
C33315,387,1,1687.65,1687.65,3.0,6.0,0.0,0.0,1,1687.65,2.0,562.5500000000001,1,Average Shoppers
C33540,625,1,273.19,273.19,1.0,5.0,1.0,0.0,1,273.19,5.0,273.19,0,Average Shoppers
C33634,882,1,2355.4,2355.4,4.0,7.0,0.0,0.0,1,2355.4,1.75,588.85,1,Average Shoppers
C33729,823,1,1978.71,1978.71,3.0,6.0,1.0,0.0,1,1978.71,2.0,659.57,1,Average Shoppers
C33744,784,1,2307.48,2307.48,4.0,5.0,0.0,0.0,1,2307.48,1.25,576.87,1,Average Shoppers
C33802,338,1,604.87,604.87,1.0,4.0,0.0,1.0,1,604.87,4.0,604.87,0,Average Shoppers
C34134,86,1,254.12,254.12,1.0,1.0,1.0,1.0,1,254.12,1.0,254.12,0,Average Shoppers
C34266,126,1,2519.52,2519.52,4.0,8.0,1.0,0.0,1,2519.52,2.0,629.88,1,Average Shoppers
C34337,344,1,950.55,950.55,5.0,7.0,1.0,1.0,1,950.55,1.4,190.10999999999999,0,Average Shoppers
C34416,884,1,99.24,99.24,2.0,2.0,1.0,0.0,1,99.24,1.0,49.62,0,Average Shoppers
C34555,842,1,372.8,372.8,1.0,6.0,1.0,0.0,1,372.8,6.0,372.8,0,Average Shoppers
C34686,95,1,68.39,68.39,1.0,3.0,1.0,0.0,1,68.39,3.0,68.39,0,Average Shoppers
C35043,118,1,132.15,132.15,5.0,5.0,1.0,0.0,1,132.15,1.0,26.43,0,Average Shoppers
C35091,459,1,211.14,211.14,1.0,1.0,1.0,0.0,1,211.14,1.0,211.14,0,Average Shoppers
C35100,198,1,639.82,639.82,2.0,3.0,1.0,0.0,1,639.82,1.5,319.91,0,Average Shoppers
C35117,56,1,1395.86,1395.86,2.0,2.0,1.0,0.0,1,1395.86,1.0,697.93,1,Average Shoppers
C35123,383,1,1546.92,1546.92,4.0,4.0,1.0,1.0,1,1546.92,1.0,386.73,1,Average Shoppers
C35136,834,1,634.94,634.94,1.0,5.0,1.0,0.0,1,634.94,5.0,634.94,0,Average Shoppers
C35168,889,1,1199.72,1199.72,2.0,7.0,1.0,0.0,1,1199.72,3.5,599.86,0,Average Shoppers
C35355,437,1,1327.6,1327.6,4.0,5.0,1.0,0.0,1,1327.6,1.25,331.9,1,Average Shoppers
C35377,766,1,3119.05,3119.05,5.0,6.0,1.0,0.0,1,3119.05,1.2,623.8100000000001,1,Average Shoppers
C35397,38,1,331.55,331.55,5.0,7.0,1.0,0.0,1,331.55,1.4,66.31,0,Average Shoppers
C35483,304,1,671.0999999999999,671.0999999999999,3.0,3.0,1.0,0.0,1,671.0999999999999,1.0,223.69999999999996,0,Average Shoppers
C35566,868,1,258.76,258.76,4.0,7.0,1.0,0.0,1,258.76,1.75,64.69,0,Average Shoppers
C35628,219,1,1660.71,1660.71,3.0,4.0,1.0,0.0,1,1660.71,1.3333333333333333,553.57,1,Average Shoppers
C35669,375,1,2894.15,2894.15,5.0,6.0,0.0,0.0,1,2894.15,1.2,578.83,1,Average Shoppers
C35711,304,1,1308.48,1308.48,4.0,4.0,0.0,0.0,1,1308.48,1.0,327.12,1,Average Shoppers
C35785,450,1,427.82,427.82,1.0,2.0,1.0,1.0,1,427.82,2.0,427.82,0,Average Shoppers
C35852,121,2,1248.39,624.195,3.5,5.5,0.5,0.0,2,624.195,1.5714285714285714,178.3414285714286,2,VIP Customers
C35854,672,1,939.85,939.85,5.0,9.0,1.0,0.0,1,939.85,1.8,187.97,0,Average Shoppers
C35983,478,1,3137.15,3137.15,5.0,10.0,1.0,0.0,1,3137.15,2.0,627.4300000000001,1,Average Shoppers
C35987,666,1,3267.3,3267.3,5.0,9.0,1.0,0.0,1,3267.3,1.8,653.46,1,Average Shoppers
C36014,751,1,869.94,869.94,2.0,7.0,0.0,0.0,1,869.94,3.5,434.97,0,Average Shoppers
C36137,219,1,717.24,717.24,3.0,8.0,0.0,0.0,1,717.24,2.6666666666666665,239.08,0,Average Shoppers
C36150,634,1,1069.82,1069.82,2.0,5.0,1.0,0.0,1,1069.82,2.5,534.91,0,Average Shoppers
C36174,396,1,926.94,926.94,3.0,3.0,1.0,1.0,1,926.94,1.0,308.98,0,Average Shoppers
C36383,271,1,2107.2,2107.2,5.0,5.0,1.0,0.0,1,2107.2,1.0,421.43999999999994,1,Average Shoppers
C36408,533,1,3075.5,3075.5,5.0,10.0,1.0,0.0,1,3075.5,2.0,615.1,1,Average Shoppers
C36467,709,1,75.78,75.78,1.0,5.0,1.0,0.0,1,75.78,5.0,75.78,0,Average Shoppers
C36492,305,1,45.94,45.94,1.0,2.0,1.0,0.0,1,45.94,2.0,45.94,0,Average Shoppers
C36497,679,1,86.3,86.3,2.0,3.0,1.0,0.0,1,86.3,1.5,43.15,0,Average Shoppers
C36534,598,1,1963.62,1963.62,3.0,7.0,1.0,0.0,1,1963.62,2.3333333333333335,654.54,1,Average Shoppers
C36540,652,1,728.32,728.32,4.0,4.0,1.0,1.0,1,728.32,1.0,182.08,0,Average Shoppers
C36613,675,1,1894.92,1894.92,3.0,3.0,1.0,0.0,1,1894.92,1.0,631.64,1,Average Shoppers
C36688,802,1,305.17,305.17,1.0,3.0,1.0,0.0,1,305.17,3.0,305.17,0,Average Shoppers
C36725,247,1,3253.6,3253.6,5.0,8.0,1.0,0.0,1,3253.6,1.6,650.72,1,Average Shoppers
C36778,183,1,388.33,388.33,1.0,2.0,1.0,0.0,1,388.33,2.0,388.33,0,Average Shoppers
C36813,596,1,1842.45,1842.45,3.0,3.0,0.0,0.0,1,1842.45,1.0,614.15,1,Average Shoppers
C36825,855,1,877.52,877.52,2.0,2.0,0.0,0.0,1,877.52,1.0,438.76,0,Average Shoppers
C36938,145,1,761.9399999999999,761.9399999999999,3.0,3.0,1.0,0.0,1,761.9399999999999,1.0,253.98,0,Average Shoppers
C36992,718,1,671.37,671.37,3.0,3.0,0.0,0.0,1,671.37,1.0,223.79,0,Average Shoppers
C36997,662,1,745.64,745.64,4.0,6.0,1.0,0.0,1,745.64,1.5,186.41,0,Average Shoppers
C37032,690,1,847.76,847.76,2.0,7.0,1.0,1.0,1,847.76,3.5,423.88,0,Average Shoppers
C37235,760,1,151.04,151.04,4.0,7.0,0.0,1.0,1,151.04,1.75,37.76,0,Average Shoppers
C37249,617,1,491.72,491.72,2.0,4.0,1.0,0.0,1,491.72,2.0,245.86,0,Average Shoppers
C37375,530,1,1036.46,1036.46,2.0,5.0,0.0,0.0,1,1036.46,2.5,518.23,0,Average Shoppers
C37412,714,1,432.47,432.47,1.0,4.0,1.0,1.0,1,432.47,4.0,432.47,0,Average Shoppers
C37454,21,1,1303.35,1303.35,3.0,4.0,0.0,0.0,1,1303.35,1.3333333333333333,434.45,0,Average Shoppers
C37455,618,1,2380.05,2380.05,5.0,7.0,1.0,1.0,1,2380.05,1.4,476.01000000000005,1,Average Shoppers
C37531,479,1,1349.3,1349.3,5.0,6.0,1.0,0.0,1,1349.3,1.2,269.86,1,Average Shoppers
C37594,385,1,1361.2,1361.2,4.0,8.0,1.0,0.0,1,1361.2,2.0,340.3,1,Average Shoppers
C37969,577,1,362.46,362.46,3.0,5.0,1.0,0.0,1,362.46,1.6666666666666667,120.82,0,Average Shoppers
C38024,420,1,546.86,546.86,2.0,7.0,1.0,0.0,1,546.86,3.5,273.43,0,Average Shoppers
C38065,852,1,1178.55,1178.55,3.0,6.0,0.0,0.0,1,1178.55,2.0,392.84999999999997,0,Average Shoppers
C38068,394,1,1302.65,1302.65,5.0,5.0,1.0,0.0,1,1302.65,1.0,260.53000000000003,1,Average Shoppers
C38126,194,1,2060.76,2060.76,4.0,9.0,1.0,0.0,1,2060.76,2.25,515.19,1,Average Shoppers
C38134,713,1,419.88,419.88,2.0,3.0,1.0,0.0,1,419.88,1.5,209.94,0,Average Shoppers
C38262,518,1,155.27,155.27,1.0,6.0,0.0,0.0,1,155.27,6.0,155.27,0,Average Shoppers
C38557,65,1,1915.5,1915.5,3.0,4.0,1.0,0.0,1,1915.5,1.3333333333333333,638.5,1,Average Shoppers
C38642,680,1,1046.0,1046.0,5.0,6.0,1.0,1.0,1,1046.0,1.2,209.2,0,Average Shoppers
C38669,865,1,405.28,405.28,4.0,7.0,0.0,0.0,1,405.28,1.75,101.32,0,Average Shoppers
C38785,259,1,361.0,361.0,2.0,6.0,1.0,0.0,1,361.0,3.0,180.5,0,Average Shoppers
C38840,388,2,5662.6875,2831.34375,4.5,7.0,0.5,0.0,2,2831.34375,1.5555555555555556,629.1875,2,VIP Customers
C38845,350,1,532.89,532.89,1.0,2.0,0.0,0.0,1,532.89,2.0,532.89,0,Average Shoppers
C38928,290,1,1671.56,1671.56,4.0,4.0,0.0,0.0,1,1671.56,1.0,417.89,1,Average Shoppers
C38966,304,1,2021.95,2021.95,5.0,10.0,0.0,0.0,1,2021.95,2.0,404.39,1,Average Shoppers
C39000,302,1,287.46,287.46,1.0,3.0,1.0,0.0,1,287.46,3.0,287.46,0,Average Shoppers
C39017,720,1,994.38,994.38,3.0,6.0,1.0,0.0,1,994.38,2.0,331.46,0,Average Shoppers
C39074,615,1,3032.6,3032.6,5.0,6.0,1.0,0.0,1,3032.6,1.2,606.52,1,Average Shoppers
C39106,510,1,546.19,546.19,1.0,5.0,1.0,0.0,1,546.19,5.0,546.19,0,Average Shoppers
C39130,678,1,226.55,226.55,5.0,8.0,0.0,0.0,1,226.55,1.6,45.31,0,Average Shoppers
C39176,840,1,1737.68,1737.68,4.0,6.0,1.0,0.0,1,1737.68,1.5,434.42,1,Average Shoppers
C39246,439,1,931.4,931.4,5.0,8.0,1.0,1.0,1,931.4,1.6,186.28,0,Average Shoppers
C39256,314,1,417.1,417.1,1.0,3.0,1.0,0.0,1,417.1,3.0,417.1,0,Average Shoppers
C39260,688,1,427.66,427.66,2.0,2.0,1.0,0.0,1,427.66,1.0,213.83,0,Average Shoppers
C39416,715,1,473.96,473.96,1.0,3.0,0.0,1.0,1,473.96,3.0,473.96,0,Average Shoppers
C39530,250,1,1704.15,1704.15,3.0,6.0,1.0,0.0,1,1704.15,2.0,568.0500000000001,1,Average Shoppers
C39550,48,1,558.27,558.27,1.0,1.0,0.0,1.0,1,558.27,1.0,558.27,0,Average Shoppers
C39551,877,1,76.93,76.93,1.0,6.0,1.0,1.0,1,76.93,6.0,76.93,0,Average Shoppers
C39593,585,1,2078.13,2078.13,3.0,3.0,1.0,1.0,1,2078.13,1.0,692.71,1,Average Shoppers
C39638,123,1,2161.32,2161.32,4.0,6.0,0.0,0.0,1,2161.32,1.5,540.33,1,Average Shoppers
C39639,167,1,65.95,65.95,1.0,5.0,0.0,1.0,1,65.95,5.0,65.95,0,Average Shoppers
C39648,579,1,465.33,465.33,1.0,2.0,1.0,1.0,1,465.33,2.0,465.33,0,Average Shoppers
C39664,340,1,946.25,946.25,5.0,10.0,1.0,0.0,1,946.25,2.0,189.25,0,Average Shoppers
C39671,552,1,217.56,217.56,1.0,3.0,0.0,1.0,1,217.56,3.0,217.56,0,Average Shoppers
C39791,532,1,597.06,597.06,2.0,5.0,1.0,0.0,1,597.06,2.5,298.53,0,Average Shoppers
C39906,352,1,75.01,75.01,1.0,3.0,0.0,0.0,1,75.01,3.0,75.01,0,Average Shoppers
C39911,673,1,2073.6,2073.6,4.0,7.0,1.0,1.0,1,2073.6,1.75,518.4,1,Average Shoppers
C40136,845,1,1039.56,1039.56,3.0,3.0,1.0,0.0,1,1039.56,1.0,346.52,0,Average Shoppers
C40140,496,1,363.2,363.2,5.0,7.0,0.0,0.0,1,363.2,1.4,72.64,0,Average Shoppers
C40201,279,1,185.82,185.82,2.0,3.0,1.0,0.0,1,185.82,1.5,92.91,0,Average Shoppers
C40304,30,1,479.36,479.36,4.0,8.0,1.0,0.0,1,479.36,2.0,119.84,0,Average Shoppers
C40427,681,1,613.98,613.98,1.0,4.0,1.0,1.0,1,613.98,4.0,613.98,0,Average Shoppers
C40466,300,1,541.64,541.64,1.0,5.0,1.0,0.0,1,541.64,5.0,541.64,0,Average Shoppers
C40538,218,1,423.64,423.64,2.0,4.0,1.0,0.0,1,423.64,2.0,211.82,0,Average Shoppers
C40648,845,1,603.76,603.76,2.0,5.0,1.0,0.0,1,603.76,2.5,301.88,0,Average Shoppers
C40771,199,1,697.96,697.96,4.0,5.0,1.0,1.0,1,697.96,1.25,174.49,0,Average Shoppers
C40798,880,1,1081.98,1081.98,3.0,5.0,1.0,0.0,1,1081.98,1.6666666666666667,360.66,0,Average Shoppers
C40863,219,1,489.39,489.39,3.0,5.0,1.0,0.0,1,489.39,1.6666666666666667,163.13,0,Average Shoppers
C40882,158,1,868.52,868.52,4.0,8.0,1.0,1.0,1,868.52,2.0,217.13,0,Average Shoppers
C40949,304,1,1105.26,1105.26,2.0,7.0,1.0,1.0,1,1105.26,3.5,552.63,0,Average Shoppers
C40967,107,1,287.25,287.25,5.0,10.0,0.0,0.0,1,287.25,2.0,57.45,0,Average Shoppers
C41132,820,1,381.61,381.61,1.0,5.0,0.0,0.0,1,381.61,5.0,381.61,0,Average Shoppers
C41137,155,1,1347.39,1347.39,3.0,5.0,1.0,0.0,1,1347.39,1.6666666666666667,449.13000000000005,1,Average Shoppers
C41284,457,1,737.92,737.92,4.0,4.0,1.0,0.0,1,737.92,1.0,184.48,0,Average Shoppers
C41320,331,1,1709.52,1709.52,3.0,8.0,1.0,0.0,1,1709.52,2.6666666666666665,569.84,1,Average Shoppers
C41331,768,1,1203.05,1203.05,5.0,10.0,1.0,0.0,1,1203.05,2.0,240.60999999999999,1,Average Shoppers
C41460,781,1,747.75,747.75,5.0,9.0,1.0,0.0,1,747.75,1.8,149.55,0,Average Shoppers
C41478,688,1,2138.28,2138.28,4.0,6.0,1.0,1.0,1,2138.28,1.5,534.57,1,Average Shoppers
C41508,371,1,429.96,429.96,4.0,5.0,0.0,1.0,1,429.96,1.25,107.49,0,Average Shoppers
C41598,568,1,1472.76,1472.76,3.0,5.0,1.0,0.0,1,1472.76,1.6666666666666667,490.92,1,Average Shoppers
C41709,746,1,712.7,712.7,2.0,6.0,1.0,0.0,1,712.7,3.0,356.35,0,Average Shoppers
C41903,631,1,160.8,160.8,3.0,4.0,1.0,0.0,1,160.8,1.3333333333333333,53.6,0,Average Shoppers
C41974,213,1,2099.79,2099.79,3.0,7.0,1.0,0.0,1,2099.79,2.3333333333333335,699.93,1,Average Shoppers
C42108,377,1,641.36,641.36,2.0,5.0,1.0,0.0,1,641.36,2.5,320.68,0,Average Shoppers
C42235,609,1,1193.44,1193.44,4.0,8.0,1.0,0.0,1,1193.44,2.0,298.36,1,Average Shoppers
C42270,433,1,482.98,482.98,2.0,7.0,1.0,0.0,1,482.98,3.5,241.49,0,Average Shoppers
C42306,434,1,612.8100000000001,612.8100000000001,3.0,4.0,0.0,0.0,1,612.8100000000001,1.3333333333333333,204.27,0,Average Shoppers
C42365,220,1,214.08,214.08,1.0,2.0,1.0,0.0,1,214.08,2.0,214.08,0,Average Shoppers
C42372,83,1,1093.0,1093.0,4.0,5.0,1.0,0.0,1,1093.0,1.25,273.25,0,Average Shoppers
C42451,81,1,665.05,665.05,5.0,10.0,0.0,0.0,1,665.05,2.0,133.01,0,Average Shoppers
C42577,342,1,399.98,399.98,1.0,3.0,1.0,1.0,1,399.98,3.0,399.98,0,Average Shoppers
C42949,580,1,660.66,660.66,1.0,3.0,1.0,1.0,1,660.66,3.0,660.66,0,Average Shoppers
C43124,789,1,2773.44,2773.44,4.0,8.0,0.0,0.0,1,2773.44,2.0,693.36,1,Average Shoppers
C43212,370,1,2200.56,2200.56,4.0,4.0,1.0,0.0,1,2200.56,1.0,550.14,1,Average Shoppers
C43249,115,1,1391.43,1391.43,3.0,8.0,1.0,0.0,1,1391.43,2.6666666666666665,463.81,1,Average Shoppers
C43330,552,1,580.47,580.47,3.0,6.0,1.0,0.0,1,580.47,2.0,193.49,0,Average Shoppers
C43335,3,1,548.24,548.24,2.0,6.0,1.0,1.0,1,548.24,3.0,274.12,0,Average Shoppers
C43338,782,1,1435.95,1435.95,3.0,4.0,0.0,0.0,1,1435.95,1.3333333333333333,478.65000000000003,1,Average Shoppers
C43443,550,1,3129.85,3129.85,5.0,9.0,1.0,0.0,1,3129.85,1.8,625.97,1,Average Shoppers
C43524,538,1,2621.3,2621.3,5.0,5.0,1.0,1.0,1,2621.3,1.0,524.26,1,Average Shoppers
C43538,49,1,1290.18,1290.18,3.0,8.0,1.0,0.0,1,1290.18,2.6666666666666665,430.06,1,Average Shoppers
C43545,191,1,1876.25,1876.25,5.0,9.0,1.0,0.0,1,1876.25,1.8,375.25,1,Average Shoppers
C43546,23,1,485.91,485.91,3.0,4.0,1.0,0.0,1,485.91,1.3333333333333333,161.97,0,Average Shoppers
C43595,49,1,2807.4,2807.4,5.0,9.0,1.0,1.0,1,2807.4,1.8,561.48,1,Average Shoppers
C43721,876,1,131.61,131.61,1.0,2.0,1.0,0.0,1,131.61,2.0,131.61,0,Average Shoppers
C43842,255,1,1303.14,1303.14,2.0,7.0,1.0,0.0,1,1303.14,3.5,651.57,1,Average Shoppers
C43867,341,1,524.06,524.06,1.0,3.0,1.0,0.0,1,524.06,3.0,524.06,0,Average Shoppers
C43911,751,1,1674.84,1674.84,4.0,8.0,1.0,0.0,1,1674.84,2.0,418.71,1,Average Shoppers
C43919,257,1,1804.8,1804.8,3.0,7.0,1.0,0.0,1,1804.8,2.3333333333333335,601.6,1,Average Shoppers
C43965,171,1,359.92,359.92,2.0,5.0,0.0,0.0,1,359.92,2.5,179.96,0,Average Shoppers
C44148,141,1,1505.72,1505.72,4.0,5.0,1.0,0.0,1,1505.72,1.25,376.43,1,Average Shoppers
C44176,123,1,77.64,77.64,1.0,1.0,1.0,0.0,1,77.64,1.0,77.64,0,Average Shoppers
C44267,101,1,853.4,853.4,2.0,5.0,1.0,0.0,1,853.4,2.5,426.7,0,Average Shoppers
C44277,429,1,458.63,458.63,1.0,4.0,1.0,0.0,1,458.63,4.0,458.63,0,Average Shoppers
C44366,909,1,776.44,776.44,2.0,2.0,1.0,1.0,1,776.44,1.0,388.22,0,Average Shoppers
C44492,616,1,277.05,277.05,5.0,5.0,0.0,0.0,1,277.05,1.0,55.410000000000004,0,Average Shoppers
C44619,118,1,475.11,475.11,3.0,6.0,0.0,0.0,1,475.11,2.0,158.37,0,Average Shoppers
C44674,232,1,627.34,627.34,1.0,1.0,0.0,1.0,1,627.34,1.0,627.34,0,Average Shoppers
C44733,122,1,87.06,87.06,1.0,4.0,1.0,0.0,1,87.06,4.0,87.06,0,Average Shoppers
C44778,615,1,153.0,153.0,1.0,4.0,0.0,0.0,1,153.0,4.0,153.0,0,Average Shoppers
C45104,15,1,687.89,687.89,1.0,1.0,1.0,0.0,1,687.89,1.0,687.89,0,Average Shoppers
C45175,905,1,70.82,70.82,1.0,1.0,1.0,0.0,1,70.82,1.0,70.82,0,Average Shoppers
C45187,734,1,420.65,420.65,5.0,9.0,1.0,1.0,1,420.65,1.8,84.13,0,Average Shoppers
C45482,845,1,198.2,198.2,2.0,6.0,0.0,1.0,1,198.2,3.0,99.1,0,Average Shoppers
C45599,866,1,2379.75,2379.75,5.0,8.0,1.0,0.0,1,2379.75,1.6,475.95,1,Average Shoppers
C45671,487,1,1314.96,1314.96,2.0,5.0,1.0,0.0,1,1314.96,2.5,657.48,1,Average Shoppers
C45862,703,1,176.1,176.1,1.0,1.0,1.0,0.0,1,176.1,1.0,176.1,0,Average Shoppers
C45899,556,1,1285.96,1285.96,2.0,7.0,1.0,0.0,1,1285.96,3.5,642.98,1,Average Shoppers
C46015,225,1,1812.3,1812.3,5.0,6.0,1.0,1.0,1,1812.3,1.2,362.46,1,Average Shoppers
C46210,280,1,1286.64,1286.64,3.0,3.0,1.0,0.0,1,1286.64,1.0,428.88000000000005,0,Average Shoppers
C46316,56,1,930.36,930.36,2.0,2.0,1.0,0.0,1,930.36,1.0,465.18,0,Average Shoppers
C46504,861,1,745.84,745.84,2.0,7.0,1.0,1.0,1,745.84,3.5,372.92,0,Average Shoppers
C46509,490,1,1174.98,1174.98,2.0,6.0,1.0,0.0,1,1174.98,3.0,587.49,0,Average Shoppers
C46557,470,1,237.18,237.18,2.0,2.0,0.0,1.0,1,237.18,1.0,118.59,0,Average Shoppers
C46651,468,2,1360.8899999999999,680.4449999999999,2.5,5.0,1.0,0.0,2,680.4449999999999,2.0,272.178,2,VIP Customers
C46873,298,1,1965.16,1965.16,4.0,6.0,0.0,0.0,1,1965.16,1.5,491.29,1,Average Shoppers
C46877,149,1,210.7,210.7,1.0,2.0,1.0,0.0,1,210.7,2.0,210.7,0,Average Shoppers
C46886,23,1,1849.17,1849.17,3.0,6.0,1.0,0.0,1,1849.17,2.0,616.39,1,Average Shoppers
C46920,527,1,1362.12,1362.12,2.0,3.0,1.0,0.0,1,1362.12,1.5,681.06,1,Average Shoppers
C46967,556,1,1026.84,1026.84,2.0,5.0,1.0,0.0,1,1026.84,2.5,513.42,0,Average Shoppers
C47022,450,1,500.97,500.97,3.0,8.0,0.0,0.0,1,500.97,2.6666666666666665,166.99,0,Average Shoppers
C47086,692,1,609.16,609.16,4.0,6.0,1.0,0.0,1,609.16,1.5,152.29,0,Average Shoppers
C47283,414,1,263.96,263.96,1.0,2.0,1.0,0.0,1,263.96,2.0,263.96,0,Average Shoppers
C47284,283,1,893.01,893.01,3.0,6.0,0.0,0.0,1,893.01,2.0,297.67,0,Average Shoppers
C47307,607,1,1202.86,1202.86,2.0,5.0,1.0,0.0,1,1202.86,2.5,601.43,0,Average Shoppers
C47365,59,1,82.0,82.0,2.0,7.0,0.0,1.0,1,82.0,3.5,41.0,0,Average Shoppers
C47486,209,1,320.92,320.92,1.0,5.0,1.0,0.0,1,320.92,5.0,320.92,0,Average Shoppers
C47761,835,1,1165.4,1165.4,4.0,6.0,1.0,0.0,1,1165.4,1.5,291.35,1,Average Shoppers
C47778,610,1,3330.4075,3330.4075,5.0,7.0,1.0,1.0,1,3330.4075,1.4,666.0815,1,Average Shoppers
C47823,210,1,956.72,956.72,2.0,3.0,0.0,0.0,1,956.72,1.5,478.36,0,Average Shoppers
C48120,96,1,280.25,280.25,1.0,5.0,1.0,0.0,1,280.25,5.0,280.25,0,Average Shoppers
C48176,225,1,1736.92,1736.92,4.0,8.0,1.0,0.0,1,1736.92,2.0,434.23,1,Average Shoppers
C48207,450,1,833.62,833.62,2.0,2.0,0.0,0.0,1,833.62,1.0,416.81,0,Average Shoppers
C48453,377,1,3194.0,3194.0,5.0,10.0,1.0,0.0,1,3194.0,2.0,638.8,1,Average Shoppers
C48510,76,1,1042.8,1042.8,2.0,7.0,1.0,1.0,1,1042.8,3.5,521.4,0,Average Shoppers
C48531,206,1,30.54,30.54,1.0,1.0,0.0,0.0,1,30.54,1.0,30.54,0,Average Shoppers
C48577,337,1,1640.84,1640.84,4.0,5.0,1.0,0.0,1,1640.84,1.25,410.21,1,Average Shoppers
C48601,766,1,414.47,414.47,1.0,3.0,1.0,0.0,1,414.47,3.0,414.47,0,Average Shoppers
C48646,382,1,1159.1,1159.1,5.0,6.0,1.0,1.0,1,1159.1,1.2,231.82,1,Average Shoppers
C48649,342,1,204.36,204.36,3.0,3.0,1.0,0.0,1,204.36,1.0,68.12,0,Average Shoppers
C48713,478,1,159.8,159.8,5.0,5.0,1.0,0.0,1,159.8,1.0,31.96,0,Average Shoppers
C48790,344,1,107.7,107.7,5.0,10.0,0.0,0.0,1,107.7,2.0,21.54,0,Average Shoppers
C48846,31,1,904.1,904.1,2.0,3.0,1.0,0.0,1,904.1,1.5,452.05,0,Average Shoppers
C48939,727,1,2147.25,2147.25,5.0,5.0,1.0,0.0,1,2147.25,1.0,429.45,1,Average Shoppers
C48942,584,1,2654.68,2654.68,4.0,7.0,1.0,0.0,1,2654.68,1.75,663.67,1,Average Shoppers
C48946,60,1,309.85,309.85,5.0,6.0,1.0,1.0,1,309.85,1.2,61.970000000000006,0,Average Shoppers
C48965,609,1,299.35,299.35,1.0,5.0,1.0,0.0,1,299.35,5.0,299.35,0,Average Shoppers
C49009,888,1,537.4,537.4,5.0,9.0,1.0,0.0,1,537.4,1.8,107.47999999999999,0,Average Shoppers
C49111,124,1,1510.17,1510.17,3.0,5.0,0.0,0.0,1,1510.17,1.6666666666666667,503.39000000000004,1,Average Shoppers
C49137,3,1,598.46,598.46,2.0,2.0,1.0,0.0,1,598.46,1.0,299.23,0,Average Shoppers
C49187,846,1,535.5,535.5,1.0,5.0,1.0,0.0,1,535.5,5.0,535.5,0,Average Shoppers
C49198,684,1,1940.37,1940.37,3.0,5.0,1.0,0.0,1,1940.37,1.6666666666666667,646.79,1,Average Shoppers
C49282,747,1,253.7,253.7,5.0,7.0,1.0,0.0,1,253.7,1.4,50.739999999999995,0,Average Shoppers
C49491,811,1,114.7,114.7,5.0,10.0,0.0,0.0,1,114.7,2.0,22.94,0,Average Shoppers
C49517,178,1,594.96,594.96,1.0,6.0,0.0,0.0,1,594.96,6.0,594.96,0,Average Shoppers
C49605,417,1,457.82,457.82,2.0,4.0,1.0,0.0,1,457.82,2.0,228.91,0,Average Shoppers
C49710,535,1,1637.12,1637.12,4.0,8.0,0.0,0.0,1,1637.12,2.0,409.28,1,Average Shoppers
C49720,6,1,391.83,391.83,3.0,4.0,1.0,0.0,1,391.83,1.3333333333333333,130.60999999999999,0,Average Shoppers
C49726,595,1,17.98,17.98,1.0,6.0,1.0,0.0,1,17.98,6.0,17.98,0,Average Shoppers
C49831,579,1,1474.29,1474.29,3.0,6.0,1.0,0.0,1,1474.29,2.0,491.43,1,Average Shoppers
C49838,372,1,1105.66,1105.66,2.0,3.0,0.0,0.0,1,1105.66,1.5,552.83,0,Average Shoppers
C49938,301,1,62.12,62.12,1.0,2.0,0.0,0.0,1,62.12,2.0,62.12,0,Average Shoppers
C49995,831,1,984.44,984.44,4.0,4.0,1.0,0.0,1,984.44,1.0,246.11,0,Average Shoppers
C50087,624,1,366.33,366.33,3.0,4.0,1.0,1.0,1,366.33,1.3333333333333333,122.11,0,Average Shoppers
C50097,344,1,2339.05,2339.05,5.0,10.0,0.0,0.0,1,2339.05,2.0,467.81000000000006,1,Average Shoppers
C50114,93,1,98.16,98.16,2.0,7.0,1.0,0.0,1,98.16,3.5,49.08,0,Average Shoppers
C50121,403,1,583.18,583.18,1.0,5.0,0.0,0.0,1,583.18,5.0,583.18,0,Average Shoppers
C50137,725,1,59.19,59.19,3.0,3.0,0.0,0.0,1,59.19,1.0,19.73,0,Average Shoppers
C50159,582,1,667.02,667.02,3.0,5.0,1.0,0.0,1,667.02,1.6666666666666667,222.34,0,Average Shoppers
C50211,435,1,53.0,53.0,2.0,3.0,1.0,1.0,1,53.0,1.5,26.5,0,Average Shoppers
C50236,37,1,2463.32,2463.32,4.0,4.0,1.0,0.0,1,2463.32,1.0,615.83,1,Average Shoppers
C50274,709,1,1528.26,1528.26,3.0,5.0,1.0,0.0,1,1528.26,1.6666666666666667,509.42,1,Average Shoppers
C50275,300,1,269.65,269.65,5.0,7.0,1.0,0.0,1,269.65,1.4,53.92999999999999,0,Average Shoppers
C50304,206,1,930.3,930.3,2.0,2.0,1.0,0.0,1,930.3,1.0,465.15,0,Average Shoppers
C50415,264,1,2830.35,2830.35,5.0,6.0,1.0,1.0,1,2830.35,1.2,566.0699999999999,1,Average Shoppers
C50422,130,1,1129.16,1129.16,2.0,4.0,1.0,0.0,1,1129.16,2.0,564.58,0,Average Shoppers
C50565,301,1,411.34,411.34,1.0,5.0,0.0,0.0,1,411.34,5.0,411.34,0,Average Shoppers
C50612,536,1,226.64,226.64,4.0,4.0,1.0,1.0,1,226.64,1.0,56.66,0,Average Shoppers
C50682,217,1,501.96,501.96,2.0,5.0,0.0,1.0,1,501.96,2.5,250.98,0,Average Shoppers
C50683,625,1,576.42,576.42,2.0,5.0,0.0,0.0,1,576.42,2.5,288.21,0,Average Shoppers
C50732,202,1,590.04,590.04,4.0,4.0,1.0,0.0,1,590.04,1.0,147.51,0,Average Shoppers
C50967,878,1,364.8,364.8,2.0,5.0,1.0,0.0,1,364.8,2.5,182.4,0,Average Shoppers
C51024,699,1,489.8,489.8,1.0,4.0,1.0,0.0,1,489.8,4.0,489.8,0,Average Shoppers
C51145,441,1,2403.24,2403.24,4.0,9.0,1.0,1.0,1,2403.24,2.25,600.81,1,Average Shoppers
C51157,653,1,1778.61,1778.61,3.0,3.0,1.0,0.0,1,1778.61,1.0,592.87,1,Average Shoppers
C51404,530,1,378.12,378.12,2.0,7.0,1.0,0.0,1,378.12,3.5,189.06,0,Average Shoppers
C51481,739,1,1244.2,1244.2,5.0,10.0,0.0,0.0,1,1244.2,2.0,248.84,1,Average Shoppers
C51494,115,1,977.74,977.74,2.0,4.0,1.0,0.0,1,977.74,2.0,488.87,0,Average Shoppers
C51694,310,1,1361.7,1361.7,2.0,6.0,1.0,1.0,1,1361.7,3.0,680.85,1,Average Shoppers
C51811,760,1,1335.36,1335.36,3.0,8.0,0.0,0.0,1,1335.36,2.6666666666666665,445.11999999999995,1,Average Shoppers
C51898,525,1,898.44,898.44,4.0,6.0,1.0,0.0,1,898.44,1.5,224.61,0,Average Shoppers
C51921,690,1,1318.59,1318.59,3.0,5.0,0.0,0.0,1,1318.59,1.6666666666666667,439.53,1,Average Shoppers
C52184,757,1,162.77,162.77,1.0,4.0,1.0,0.0,1,162.77,4.0,162.77,0,Average Shoppers
C52313,590,1,836.52,836.52,2.0,2.0,1.0,0.0,1,836.52,1.0,418.26,0,Average Shoppers
C52342,144,1,369.15,369.15,5.0,9.0,0.0,0.0,1,369.15,1.8,73.83,0,Average Shoppers
C52604,220,1,506.5,506.5,5.0,7.0,1.0,0.0,1,506.5,1.4,101.3,0,Average Shoppers
C52717,73,1,2756.35,2756.35,5.0,7.0,1.0,0.0,1,2756.35,1.4,551.27,1,Average Shoppers
C52751,613,1,1055.72,1055.72,4.0,4.0,1.0,0.0,1,1055.72,1.0,263.93,0,Average Shoppers
C52879,56,1,3194.6,3194.6,5.0,5.0,1.0,0.0,1,3194.6,1.0,638.92,1,Average Shoppers
C52914,835,1,839.96,839.96,4.0,8.0,0.0,1.0,1,839.96,2.0,209.99,0,Average Shoppers
C52915,566,1,657.08,657.08,2.0,6.0,1.0,0.0,1,657.08,3.0,328.54,0,Average Shoppers
C53049,577,1,1126.12,1126.12,2.0,6.0,0.0,0.0,1,1126.12,3.0,563.06,0,Average Shoppers
C53070,446,1,2048.24,2048.24,4.0,5.0,1.0,1.0,1,2048.24,1.25,512.06,1,Average Shoppers
C53215,742,1,265.38,265.38,1.0,6.0,1.0,0.0,1,265.38,6.0,265.38,0,Average Shoppers
C53252,401,1,570.32,570.32,4.0,4.0,1.0,1.0,1,570.32,1.0,142.58,0,Average Shoppers
C53277,133,1,1595.16,1595.16,3.0,7.0,1.0,1.0,1,1595.16,2.3333333333333335,531.72,1,Average Shoppers
C53334,695,1,1496.04,1496.04,3.0,4.0,1.0,0.0,1,1496.04,1.3333333333333333,498.68,1,Average Shoppers
C53464,367,1,3299.25,3299.25,5.0,9.0,1.0,1.0,1,3299.25,1.8,659.85,1,Average Shoppers
C53488,415,1,410.52,410.52,3.0,3.0,1.0,1.0,1,410.52,1.0,136.84,0,Average Shoppers
C53501,388,1,249.57,249.57,1.0,3.0,1.0,0.0,1,249.57,3.0,249.57,0,Average Shoppers
C53545,733,1,1084.17,1084.17,3.0,8.0,0.0,0.0,1,1084.17,2.6666666666666665,361.39000000000004,0,Average Shoppers
C53627,601,1,1527.45,1527.45,5.0,10.0,0.0,0.0,1,1527.45,2.0,305.49,1,Average Shoppers
C53631,20,1,595.89,595.89,3.0,8.0,1.0,0.0,1,595.89,2.6666666666666665,198.63,0,Average Shoppers
C53645,137,1,1450.59,1450.59,3.0,4.0,0.0,0.0,1,1450.59,1.3333333333333333,483.53,1,Average Shoppers
C53697,735,1,827.36,827.36,4.0,5.0,1.0,0.0,1,827.36,1.25,206.84,0,Average Shoppers
C53810,390,1,2358.28,2358.28,4.0,8.0,0.0,0.0,1,2358.28,2.0,589.57,1,Average Shoppers
C54160,749,1,1010.13,1010.13,3.0,4.0,0.0,0.0,1,1010.13,1.3333333333333333,336.71,0,Average Shoppers
C54277,111,1,519.16,519.16,2.0,7.0,1.0,1.0,1,519.16,3.5,259.58,0,Average Shoppers
C54298,772,1,1437.63,1437.63,3.0,5.0,1.0,0.0,1,1437.63,1.6666666666666667,479.21000000000004,1,Average Shoppers
C54390,179,1,580.74,580.74,3.0,7.0,1.0,0.0,1,580.74,2.3333333333333335,193.58,0,Average Shoppers
C54409,68,1,1018.17,1018.17,3.0,7.0,1.0,0.0,1,1018.17,2.3333333333333335,339.39,0,Average Shoppers
C54494,668,1,352.92,352.92,2.0,2.0,1.0,1.0,1,352.92,1.0,176.46,0,Average Shoppers
C54499,576,1,668.48,668.48,1.0,1.0,1.0,0.0,1,668.48,1.0,668.48,0,Average Shoppers
C54595,105,1,121.96,121.96,1.0,3.0,0.0,1.0,1,121.96,3.0,121.96,0,Average Shoppers
C54675,912,1,1291.7,1291.7,2.0,5.0,0.0,0.0,1,1291.7,2.5,645.85,1,Average Shoppers
C54725,53,1,289.32,289.32,2.0,7.0,1.0,0.0,1,289.32,3.5,144.66,0,Average Shoppers
C54759,216,1,109.29,109.29,1.0,5.0,1.0,0.0,1,109.29,5.0,109.29,0,Average Shoppers
C54829,785,1,312.55,312.55,5.0,9.0,1.0,0.0,1,312.55,1.8,62.510000000000005,0,Average Shoppers
C54886,371,1,355.15,355.15,1.0,2.0,1.0,0.0,1,355.15,2.0,355.15,0,Average Shoppers
C55164,838,1,1979.64,1979.64,3.0,3.0,0.0,0.0,1,1979.64,1.0,659.88,1,Average Shoppers
C55205,448,1,793.4,793.4,4.0,7.0,1.0,0.0,1,793.4,1.75,198.35,0,Average Shoppers
C55286,496,1,2873.95,2873.95,5.0,8.0,1.0,0.0,1,2873.95,1.6,574.79,1,Average Shoppers
C55354,305,1,684.22,684.22,2.0,2.0,1.0,0.0,1,684.22,1.0,342.11,0,Average Shoppers
C55388,827,1,1213.86,1213.86,3.0,6.0,1.0,1.0,1,1213.86,2.0,404.61999999999995,0,Average Shoppers
C55454,792,1,677.48,677.48,1.0,1.0,1.0,1.0,1,677.48,1.0,677.48,0,Average Shoppers
C55464,232,1,601.36,601.36,1.0,1.0,0.0,0.0,1,601.36,1.0,601.36,0,Average Shoppers
C55590,194,1,625.51,625.51,1.0,1.0,1.0,0.0,1,625.51,1.0,625.51,0,Average Shoppers
C55606,59,1,1102.0,1102.0,4.0,8.0,1.0,0.0,1,1102.0,2.0,275.5,0,Average Shoppers
C55632,696,1,2158.45,2158.45,5.0,10.0,0.0,0.0,1,2158.45,2.0,431.68999999999994,1,Average Shoppers
C55636,802,1,1702.4,1702.4,4.0,5.0,1.0,0.0,1,1702.4,1.25,425.6,1,Average Shoppers
C55757,660,1,922.26,922.26,2.0,4.0,0.0,0.0,1,922.26,2.0,461.13,0,Average Shoppers
C55778,600,1,551.9,551.9,5.0,10.0,0.0,0.0,1,551.9,2.0,110.38,0,Average Shoppers
C55819,669,1,1268.75,1268.75,5.0,9.0,1.0,0.0,1,1268.75,1.8,253.75,1,Average Shoppers
C55996,718,1,2543.45,2543.45,5.0,10.0,1.0,1.0,1,2543.45,2.0,508.68999999999994,1,Average Shoppers
C56266,276,1,640.88,640.88,4.0,9.0,1.0,0.0,1,640.88,2.25,160.22,0,Average Shoppers
C56506,478,1,773.52,773.52,3.0,4.0,0.0,1.0,1,773.52,1.3333333333333333,257.84,0,Average Shoppers
C56553,351,1,212.43,212.43,3.0,8.0,1.0,0.0,1,212.43,2.6666666666666665,70.81,0,Average Shoppers
C56564,118,1,507.48,507.48,2.0,5.0,1.0,0.0,1,507.48,2.5,253.74,0,Average Shoppers
C56622,84,1,1095.34,1095.34,2.0,3.0,0.0,0.0,1,1095.34,1.5,547.67,0,Average Shoppers
C56722,89,1,110.35,110.35,5.0,7.0,1.0,0.0,1,110.35,1.4,22.07,0,Average Shoppers
C56796,137,1,678.38,678.38,1.0,4.0,1.0,0.0,1,678.38,4.0,678.38,0,Average Shoppers
C56851,609,1,958.15,958.15,5.0,6.0,1.0,1.0,1,958.15,1.2,191.63,0,Average Shoppers
C56928,539,1,1435.0,1435.0,4.0,9.0,1.0,1.0,1,1435.0,2.25,358.75,1,Average Shoppers
C56938,18,1,1117.8,1117.8,3.0,7.0,1.0,1.0,1,1117.8,2.3333333333333335,372.59999999999997,0,Average Shoppers
C56969,539,2,193.0,96.5,1.5,4.0,1.0,0.0,1,96.5,2.6666666666666665,64.33333333333333,0,Average Shoppers
C57093,509,1,553.41,553.41,3.0,4.0,0.0,0.0,1,553.41,1.3333333333333333,184.47,0,Average Shoppers
C57276,684,1,3330.4075,3330.4075,5.0,10.0,1.0,1.0,1,3330.4075,2.0,666.0815,1,Average Shoppers
C57502,751,1,2242.32,2242.32,4.0,6.0,1.0,0.0,1,2242.32,1.5,560.58,1,Average Shoppers
C57601,295,1,294.6,294.6,4.0,9.0,0.0,0.0,1,294.6,2.25,73.65,0,Average Shoppers
C57798,446,1,2308.32,2308.32,4.0,8.0,0.0,0.0,1,2308.32,2.0,577.08,1,Average Shoppers
C57861,116,1,915.48,915.48,3.0,8.0,1.0,0.0,1,915.48,2.6666666666666665,305.16,0,Average Shoppers
C57867,776,1,1543.68,1543.68,4.0,8.0,0.0,0.0,1,1543.68,2.0,385.92,1,Average Shoppers
C58063,324,1,987.26,987.26,2.0,6.0,1.0,0.0,1,987.26,3.0,493.63,0,Average Shoppers
C58108,812,1,2517.36,2517.36,4.0,4.0,1.0,0.0,1,2517.36,1.0,629.34,1,Average Shoppers
C58156,228,1,95.1,95.1,1.0,1.0,1.0,0.0,1,95.1,1.0,95.1,0,Average Shoppers
C58168,403,1,754.4399999999999,754.4399999999999,3.0,4.0,0.0,0.0,1,754.4399999999999,1.3333333333333333,251.48,0,Average Shoppers
C58341,462,1,639.83,639.83,1.0,2.0,1.0,0.0,1,639.83,2.0,639.83,0,Average Shoppers
C58410,690,1,645.46,645.46,1.0,5.0,1.0,0.0,1,645.46,5.0,645.46,0,Average Shoppers
C58443,666,1,848.64,848.64,2.0,6.0,0.0,0.0,1,848.64,3.0,424.32,0,Average Shoppers
C58503,42,1,1402.6,1402.6,5.0,7.0,1.0,0.0,1,1402.6,1.4,280.52,1,Average Shoppers
C58638,457,1,1531.52,1531.52,4.0,6.0,1.0,0.0,1,1531.52,1.5,382.88,1,Average Shoppers
C58721,120,1,617.58,617.58,3.0,4.0,0.0,0.0,1,617.58,1.3333333333333333,205.86,0,Average Shoppers
C58773,491,1,2567.45,2567.45,5.0,8.0,0.0,0.0,1,2567.45,1.6,513.49,1,Average Shoppers
C58808,235,1,539.66,539.66,2.0,4.0,1.0,1.0,1,539.66,2.0,269.83,0,Average Shoppers
C58858,211,1,674.64,674.64,2.0,4.0,1.0,0.0,1,674.64,2.0,337.32,0,Average Shoppers
C59139,50,1,458.35,458.35,5.0,9.0,1.0,0.0,1,458.35,1.8,91.67,0,Average Shoppers
C59169,722,1,2517.36,2517.36,4.0,7.0,0.0,0.0,1,2517.36,1.75,629.34,1,Average Shoppers
C59183,854,1,3322.55,3322.55,5.0,8.0,1.0,0.0,1,3322.55,1.6,664.51,1,Average Shoppers
C59278,259,1,2360.05,2360.05,5.0,10.0,1.0,0.0,1,2360.05,2.0,472.01000000000005,1,Average Shoppers
C59337,54,1,1068.86,1068.86,2.0,5.0,0.0,0.0,1,1068.86,2.5,534.43,0,Average Shoppers
C59338,492,1,2070.9,2070.9,3.0,6.0,1.0,0.0,1,2070.9,2.0,690.3000000000001,1,Average Shoppers
C59441,508,1,2092.65,2092.65,5.0,6.0,1.0,0.0,1,2092.65,1.2,418.53000000000003,1,Average Shoppers
C59554,197,1,912.08,912.08,2.0,4.0,1.0,0.0,1,912.08,2.0,456.04,0,Average Shoppers
C59572,826,1,542.07,542.07,1.0,6.0,1.0,0.0,1,542.07,6.0,542.07,0,Average Shoppers
C59579,910,1,897.7,897.7,2.0,6.0,0.0,0.0,1,897.7,3.0,448.85,0,Average Shoppers
C59685,887,1,788.32,788.32,2.0,2.0,0.0,0.0,1,788.32,1.0,394.16,0,Average Shoppers
C59724,204,1,819.5,819.5,2.0,2.0,1.0,0.0,1,819.5,1.0,409.75,0,Average Shoppers
C59752,908,1,1538.8,1538.8,5.0,9.0,1.0,0.0,1,1538.8,1.8,307.76,1,Average Shoppers
C59774,442,1,72.6,72.6,1.0,6.0,1.0,0.0,1,72.6,6.0,72.6,0,Average Shoppers
C59823,588,1,640.28,640.28,4.0,5.0,0.0,0.0,1,640.28,1.25,160.07,0,Average Shoppers
C60029,907,1,1524.36,1524.36,3.0,8.0,1.0,0.0,1,1524.36,2.6666666666666665,508.11999999999995,1,Average Shoppers
C60037,166,1,1054.92,1054.92,2.0,3.0,1.0,0.0,1,1054.92,1.5,527.46,0,Average Shoppers
C60042,865,1,1761.24,1761.24,4.0,6.0,0.0,0.0,1,1761.24,1.5,440.31,1,Average Shoppers
C60178,911,1,1023.45,1023.45,3.0,4.0,1.0,0.0,1,1023.45,1.3333333333333333,341.15000000000003,0,Average Shoppers
C60190,898,1,1898.76,1898.76,4.0,6.0,1.0,0.0,1,1898.76,1.5,474.69,1,Average Shoppers
C60203,400,1,583.7,583.7,2.0,5.0,1.0,0.0,1,583.7,2.5,291.85,0,Average Shoppers
C60215,238,1,334.4,334.4,4.0,4.0,1.0,0.0,1,334.4,1.0,83.6,0,Average Shoppers
C60329,431,1,2476.75,2476.75,5.0,5.0,0.0,0.0,1,2476.75,1.0,495.35,1,Average Shoppers
C60355,290,1,1000.58,1000.58,2.0,7.0,1.0,0.0,1,1000.58,3.5,500.29,0,Average Shoppers
C60361,380,1,1948.1,1948.1,5.0,7.0,1.0,0.0,1,1948.1,1.4,389.62,1,Average Shoppers
C60384,635,1,1484.28,1484.28,4.0,7.0,1.0,0.0,1,1484.28,1.75,371.07,1,Average Shoppers
C60547,877,1,257.0,257.0,1.0,5.0,0.0,0.0,1,257.0,5.0,257.0,0,Average Shoppers
C60572,565,1,1497.63,1497.63,3.0,8.0,0.0,0.0,1,1497.63,2.6666666666666665,499.21000000000004,1,Average Shoppers
C60575,348,1,1959.3,1959.3,5.0,6.0,0.0,0.0,1,1959.3,1.2,391.86,1,Average Shoppers
C60672,486,1,423.4,423.4,1.0,3.0,0.0,0.0,1,423.4,3.0,423.4,0,Average Shoppers
C60699,534,1,1235.85,1235.85,3.0,7.0,1.0,1.0,1,1235.85,2.3333333333333335,411.95,0,Average Shoppers
C61070,362,1,951.56,951.56,2.0,2.0,1.0,0.0,1,951.56,1.0,475.78,0,Average Shoppers
C61090,450,1,2062.36,2062.36,4.0,7.0,1.0,0.0,1,2062.36,1.75,515.59,1,Average Shoppers
C61162,353,1,721.0,721.0,4.0,7.0,0.0,0.0,1,721.0,1.75,180.25,0,Average Shoppers
C61225,857,1,1300.5,1300.5,2.0,6.0,0.0,0.0,1,1300.5,3.0,650.25,1,Average Shoppers
C61257,361,1,507.34,507.34,2.0,3.0,1.0,0.0,1,507.34,1.5,253.67,0,Average Shoppers
C61280,403,1,1472.22,1472.22,3.0,3.0,1.0,0.0,1,1472.22,1.0,490.74,1,Average Shoppers
C61384,451,1,802.3499999999999,802.3499999999999,3.0,5.0,1.0,1.0,1,802.3499999999999,1.6666666666666667,267.45,0,Average Shoppers
C61440,813,1,583.9,583.9,1.0,1.0,0.0,0.0,1,583.9,1.0,583.9,0,Average Shoppers
C61521,415,1,690.02,690.02,2.0,6.0,1.0,1.0,1,690.02,3.0,345.01,0,Average Shoppers
C61549,407,1,1286.04,1286.04,4.0,9.0,0.0,0.0,1,1286.04,2.25,321.51,1,Average Shoppers
C61618,464,1,488.8,488.8,4.0,7.0,1.0,1.0,1,488.8,1.75,122.2,0,Average Shoppers
C61668,413,1,139.28,139.28,2.0,6.0,0.0,0.0,1,139.28,3.0,69.64,0,Average Shoppers
C61773,638,1,981.12,981.12,4.0,6.0,1.0,1.0,1,981.12,1.5,245.28,0,Average Shoppers
C61849,203,1,2311.28,2311.28,4.0,9.0,0.0,1.0,1,2311.28,2.25,577.82,1,Average Shoppers
C61943,32,1,985.8,985.8,2.0,5.0,1.0,0.0,1,985.8,2.5,492.9,0,Average Shoppers
C61957,555,1,483.38,483.38,1.0,6.0,1.0,0.0,1,483.38,6.0,483.38,0,Average Shoppers
C62042,779,1,1539.9,1539.9,5.0,10.0,0.0,0.0,1,1539.9,2.0,307.98,1,Average Shoppers
C62070,111,1,176.58,176.58,1.0,4.0,0.0,0.0,1,176.58,4.0,176.58,0,Average Shoppers
C62169,86,1,184.15,184.15,1.0,5.0,1.0,0.0,1,184.15,5.0,184.15,0,Average Shoppers
C62277,449,1,309.88,309.88,4.0,7.0,1.0,0.0,1,309.88,1.75,77.47,0,Average Shoppers
C62312,268,1,52.54,52.54,1.0,6.0,1.0,0.0,1,52.54,6.0,52.54,0,Average Shoppers
C62405,194,1,460.72,460.72,2.0,4.0,1.0,0.0,1,460.72,2.0,230.36,0,Average Shoppers
C62512,294,1,275.22,275.22,3.0,8.0,1.0,0.0,1,275.22,2.6666666666666665,91.74000000000001,0,Average Shoppers
C62557,900,1,1232.64,1232.64,3.0,8.0,1.0,1.0,1,1232.64,2.6666666666666665,410.88000000000005,1,Average Shoppers
C62622,95,1,562.61,562.61,1.0,3.0,1.0,1.0,1,562.61,3.0,562.61,0,Average Shoppers
C62627,836,1,41.09,41.09,1.0,4.0,1.0,0.0,1,41.09,4.0,41.09,0,Average Shoppers
C62656,157,1,873.72,873.72,4.0,9.0,1.0,0.0,1,873.72,2.25,218.43,0,Average Shoppers
C62661,750,1,1147.11,1147.11,3.0,8.0,0.0,0.0,1,1147.11,2.6666666666666665,382.36999999999995,0,Average Shoppers
C62666,516,1,322.5,322.5,5.0,8.0,1.0,0.0,1,322.5,1.6,64.5,0,Average Shoppers
C62740,855,1,424.4,424.4,1.0,6.0,1.0,0.0,1,424.4,6.0,424.4,0,Average Shoppers
C63018,9,1,38.49,38.49,1.0,4.0,1.0,1.0,1,38.49,4.0,38.49,0,Average Shoppers
C63150,256,1,410.91,410.91,3.0,4.0,1.0,0.0,1,410.91,1.3333333333333333,136.97,0,Average Shoppers
C63153,637,1,2199.04,2199.04,4.0,4.0,1.0,1.0,1,2199.04,1.0,549.76,1,Average Shoppers
C63365,697,1,1098.9,1098.9,5.0,8.0,0.0,0.0,1,1098.9,1.6,219.78000000000003,1,Average Shoppers
C63372,476,1,2428.55,2428.55,5.0,10.0,1.0,0.0,1,2428.55,2.0,485.71000000000004,1,Average Shoppers
C63378,439,1,512.39,512.39,1.0,2.0,1.0,1.0,1,512.39,2.0,512.39,0,Average Shoppers
C63619,435,1,1857.63,1857.63,3.0,6.0,0.0,0.0,1,1857.63,2.0,619.21,1,Average Shoppers
C63657,123,1,1274.67,1274.67,3.0,6.0,1.0,0.0,1,1274.67,2.0,424.89000000000004,1,Average Shoppers
C63727,186,1,724.28,724.28,2.0,2.0,1.0,0.0,1,724.28,1.0,362.14,0,Average Shoppers
C63822,584,1,507.56,507.56,4.0,9.0,1.0,0.0,1,507.56,2.25,126.89,0,Average Shoppers
C63827,26,1,1974.92,1974.92,4.0,6.0,1.0,0.0,1,1974.92,1.5,493.73,1,Average Shoppers
C64128,142,1,284.64,284.64,3.0,8.0,0.0,0.0,1,284.64,2.6666666666666665,94.88,0,Average Shoppers
C64160,673,1,330.98,330.98,2.0,4.0,1.0,0.0,1,330.98,2.0,165.49,0,Average Shoppers
C64502,364,1,1600.05,1600.05,5.0,6.0,0.0,1.0,1,1600.05,1.2,320.01,1,Average Shoppers
C64516,713,1,1517.37,1517.37,3.0,3.0,1.0,0.0,1,1517.37,1.0,505.78999999999996,1,Average Shoppers
C64549,677,1,1006.1,1006.1,5.0,6.0,1.0,0.0,1,1006.1,1.2,201.22,0,Average Shoppers
C64554,670,1,410.52,410.52,3.0,4.0,1.0,0.0,1,410.52,1.3333333333333333,136.84,0,Average Shoppers
C64579,144,1,234.37,234.37,1.0,5.0,1.0,0.0,1,234.37,5.0,234.37,0,Average Shoppers
C64638,856,1,527.57,527.57,1.0,3.0,1.0,0.0,1,527.57,3.0,527.57,0,Average Shoppers
C64641,541,1,2119.65,2119.65,5.0,5.0,1.0,0.0,1,2119.65,1.0,423.93,1,Average Shoppers
C64753,313,1,1050.08,1050.08,4.0,4.0,1.0,0.0,1,1050.08,1.0,262.52,0,Average Shoppers
C64935,298,1,304.11,304.11,1.0,2.0,1.0,0.0,1,304.11,2.0,304.11,0,Average Shoppers
C65021,423,1,809.92,809.92,2.0,4.0,1.0,0.0,1,809.92,2.0,404.96,0,Average Shoppers
C65056,10,1,2129.96,2129.96,4.0,6.0,1.0,0.0,1,2129.96,1.5,532.49,1,Average Shoppers
C65083,133,1,2631.16,2631.16,4.0,6.0,1.0,0.0,1,2631.16,1.5,657.79,1,Average Shoppers
C65107,296,1,70.24,70.24,1.0,4.0,1.0,0.0,1,70.24,4.0,70.24,0,Average Shoppers
C65180,453,1,858.16,858.16,4.0,7.0,0.0,0.0,1,858.16,1.75,214.54,0,Average Shoppers
C65251,281,1,1168.35,1168.35,5.0,10.0,0.0,0.0,1,1168.35,2.0,233.67,1,Average Shoppers
C65414,91,1,595.42,595.42,2.0,7.0,1.0,0.0,1,595.42,3.5,297.71,0,Average Shoppers
C65497,591,1,163.32,163.32,1.0,6.0,1.0,0.0,1,163.32,6.0,163.32,0,Average Shoppers
C65524,162,1,1919.1,1919.1,5.0,7.0,1.0,0.0,1,1919.1,1.4,383.82,1,Average Shoppers
C65565,504,1,402.15,402.15,3.0,3.0,0.0,0.0,1,402.15,1.0,134.04999999999998,0,Average Shoppers
C65744,336,1,582.04,582.04,1.0,1.0,1.0,1.0,1,582.04,1.0,582.04,0,Average Shoppers
C65799,543,1,2260.8,2260.8,4.0,9.0,1.0,0.0,1,2260.8,2.25,565.2,1,Average Shoppers
C65890,540,1,1577.85,1577.85,5.0,6.0,1.0,1.0,1,1577.85,1.2,315.57,1,Average Shoppers
C65905,531,1,950.4,950.4,5.0,9.0,1.0,0.0,1,950.4,1.8,190.07999999999998,0,Average Shoppers
C65986,365,1,3330.4075,3330.4075,5.0,5.0,1.0,0.0,1,3330.4075,1.0,666.0815,1,Average Shoppers
C66078,638,1,1101.12,1101.12,4.0,9.0,1.0,0.0,1,1101.12,2.25,275.28,1,Average Shoppers
C66093,734,1,2595.64,2595.64,4.0,6.0,1.0,0.0,1,2595.64,1.5,648.91,1,Average Shoppers
C66112,494,1,1866.8,1866.8,4.0,8.0,0.0,0.0,1,1866.8,2.0,466.7,1,Average Shoppers
C66116,102,1,322.45,322.45,5.0,7.0,0.0,0.0,1,322.45,1.4,64.49,0,Average Shoppers
C66149,200,1,1537.28,1537.28,4.0,6.0,1.0,0.0,1,1537.28,1.5,384.32,1,Average Shoppers
C66196,276,1,796.9,796.9,2.0,7.0,1.0,0.0,1,796.9,3.5,398.45,0,Average Shoppers
C66254,437,1,515.32,515.32,1.0,1.0,1.0,0.0,1,515.32,1.0,515.32,0,Average Shoppers
C66332,844,1,1907.94,1907.94,3.0,5.0,0.0,0.0,1,1907.94,1.6666666666666667,635.98,1,Average Shoppers
C66349,849,1,565.85,565.85,1.0,1.0,1.0,0.0,1,565.85,1.0,565.85,0,Average Shoppers
C66438,387,1,90.27,90.27,1.0,5.0,1.0,1.0,1,90.27,5.0,90.27,0,Average Shoppers
C66462,895,1,1739.6,1739.6,5.0,6.0,1.0,0.0,1,1739.6,1.2,347.91999999999996,1,Average Shoppers
C66521,383,1,1600.28,1600.28,4.0,5.0,0.0,0.0,1,1600.28,1.25,400.07,1,Average Shoppers
C66567,377,1,79.02,79.02,2.0,5.0,0.0,0.0,1,79.02,2.5,39.51,0,Average Shoppers
C66840,625,1,2313.08,2313.08,4.0,9.0,1.0,1.0,1,2313.08,2.25,578.27,1,Average Shoppers
C66906,432,1,518.64,518.64,2.0,2.0,1.0,1.0,1,518.64,1.0,259.32,0,Average Shoppers
C67195,906,1,2306.08,2306.08,4.0,5.0,1.0,0.0,1,2306.08,1.25,576.52,1,Average Shoppers
C67260,791,1,3330.4075,3330.4075,5.0,7.0,1.0,1.0,1,3330.4075,1.4,666.0815,1,Average Shoppers
C67387,26,1,1418.65,1418.65,5.0,8.0,1.0,0.0,1,1418.65,1.6,283.73,1,Average Shoppers
C67528,219,1,1185.12,1185.12,4.0,5.0,1.0,0.0,1,1185.12,1.25,296.28,0,Average Shoppers
C67533,468,1,26.95,26.95,1.0,1.0,1.0,1.0,1,26.95,1.0,26.95,0,Average Shoppers
C67551,409,1,1955.12,1955.12,4.0,5.0,1.0,0.0,1,1955.12,1.25,488.78,1,Average Shoppers
C67561,840,1,1660.56,1660.56,3.0,4.0,1.0,0.0,1,1660.56,1.3333333333333333,553.52,1,Average Shoppers
C67583,21,1,338.31,338.31,1.0,3.0,0.0,1.0,1,338.31,3.0,338.31,0,Average Shoppers
C67604,526,1,279.38,279.38,2.0,7.0,1.0,0.0,1,279.38,3.5,139.69,0,Average Shoppers
C67687,723,1,868.6,868.6,2.0,7.0,1.0,1.0,1,868.6,3.5,434.3,0,Average Shoppers
C67818,586,1,442.39,442.39,1.0,6.0,1.0,0.0,1,442.39,6.0,442.39,0,Average Shoppers
C67870,509,1,1648.8,1648.8,4.0,6.0,1.0,0.0,1,1648.8,1.5,412.2,1,Average Shoppers
C67932,194,1,514.98,514.98,3.0,7.0,0.0,1.0,1,514.98,2.3333333333333335,171.66,0,Average Shoppers
C67936,258,1,1072.5,1072.5,2.0,3.0,0.0,0.0,1,1072.5,1.5,536.25,0,Average Shoppers
C68078,860,1,987.76,987.76,2.0,7.0,1.0,0.0,1,987.76,3.5,493.88,0,Average Shoppers
C68266,340,1,1960.89,1960.89,3.0,7.0,1.0,1.0,1,1960.89,2.3333333333333335,653.63,1,Average Shoppers
C68508,357,1,123.28,123.28,1.0,3.0,1.0,1.0,1,123.28,3.0,123.28,0,Average Shoppers
C68553,100,1,742.41,742.41,3.0,4.0,1.0,1.0,1,742.41,1.3333333333333333,247.47,0,Average Shoppers
C68609,252,1,1330.32,1330.32,3.0,3.0,1.0,0.0,1,1330.32,1.0,443.44,1,Average Shoppers
C68936,809,1,1662.75,1662.75,3.0,6.0,1.0,0.0,1,1662.75,2.0,554.25,1,Average Shoppers
C68937,867,1,850.06,850.06,2.0,2.0,1.0,0.0,1,850.06,1.0,425.03,0,Average Shoppers
C68976,34,1,868.25,868.25,5.0,9.0,1.0,1.0,1,868.25,1.8,173.65,0,Average Shoppers
C69009,694,1,2280.3,2280.3,5.0,10.0,0.0,0.0,1,2280.3,2.0,456.06000000000006,1,Average Shoppers
C69021,828,1,1874.52,1874.52,3.0,8.0,1.0,0.0,1,1874.52,2.6666666666666665,624.84,1,Average Shoppers
C69149,626,1,1062.98,1062.98,2.0,7.0,1.0,1.0,1,1062.98,3.5,531.49,0,Average Shoppers
C69167,620,1,165.03,165.03,3.0,7.0,1.0,0.0,1,165.03,2.3333333333333335,55.01,0,Average Shoppers
C69168,680,1,21.19,21.19,1.0,5.0,1.0,0.0,1,21.19,5.0,21.19,0,Average Shoppers
C69213,297,1,2579.84,2579.84,4.0,7.0,1.0,0.0,1,2579.84,1.75,644.96,1,Average Shoppers
C69332,773,1,1695.75,1695.75,3.0,7.0,1.0,0.0,1,1695.75,2.3333333333333335,565.25,1,Average Shoppers
C69396,108,1,1808.25,1808.25,3.0,6.0,1.0,0.0,1,1808.25,2.0,602.75,1,Average Shoppers
C69471,263,1,1448.24,1448.24,4.0,4.0,0.0,0.0,1,1448.24,1.0,362.06,1,Average Shoppers
C69476,903,1,996.28,996.28,4.0,5.0,1.0,0.0,1,996.28,1.25,249.07,0,Average Shoppers
C69542,525,1,422.54,422.54,1.0,1.0,1.0,1.0,1,422.54,1.0,422.54,0,Average Shoppers
C69994,7,1,2332.1,2332.1,5.0,5.0,0.0,0.0,1,2332.1,1.0,466.41999999999996,1,Average Shoppers
C70010,22,1,1153.85,1153.85,5.0,10.0,1.0,0.0,1,1153.85,2.0,230.76999999999998,1,Average Shoppers
C70148,727,1,2647.75,2647.75,5.0,10.0,0.0,0.0,1,2647.75,2.0,529.55,1,Average Shoppers
C70246,705,1,476.22,476.22,3.0,7.0,1.0,0.0,1,476.22,2.3333333333333335,158.74,0,Average Shoppers
C70315,597,1,2024.44,2024.44,4.0,5.0,0.0,0.0,1,2024.44,1.25,506.11,1,Average Shoppers
C70352,141,1,626.6,626.6,1.0,4.0,1.0,0.0,1,626.6,4.0,626.6,0,Average Shoppers
C70412,13,1,2313.12,2313.12,4.0,5.0,1.0,0.0,1,2313.12,1.25,578.28,1,Average Shoppers
C70426,11,1,672.64,672.64,2.0,3.0,0.0,0.0,1,672.64,1.5,336.32,0,Average Shoppers
C70437,585,1,2620.72,2620.72,4.0,5.0,0.0,0.0,1,2620.72,1.25,655.18,1,Average Shoppers
C70452,367,1,1265.28,1265.28,4.0,7.0,0.0,1.0,1,1265.28,1.75,316.32,1,Average Shoppers
C70492,77,1,1984.0,1984.0,4.0,8.0,1.0,0.0,1,1984.0,2.0,496.0,1,Average Shoppers
C70495,389,1,114.14,114.14,2.0,3.0,1.0,0.0,1,114.14,1.5,57.07,0,Average Shoppers
C70506,857,1,454.23,454.23,1.0,3.0,0.0,0.0,1,454.23,3.0,454.23,0,Average Shoppers
C70529,775,1,105.92,105.92,1.0,6.0,1.0,0.0,1,105.92,6.0,105.92,0,Average Shoppers
C70554,85,1,418.35,418.35,3.0,8.0,1.0,0.0,1,418.35,2.6666666666666665,139.45000000000002,0,Average Shoppers
C70566,551,1,2682.9,2682.9,5.0,5.0,1.0,0.0,1,2682.9,1.0,536.58,1,Average Shoppers
C70613,893,1,2323.7,2323.7,5.0,7.0,0.0,1.0,1,2323.7,1.4,464.73999999999995,1,Average Shoppers
C70633,450,1,367.34,367.34,2.0,3.0,1.0,0.0,1,367.34,1.5,183.67,0,Average Shoppers
C70659,122,2,1853.96,926.98,4.0,6.5,0.5,0.0,2,926.98,1.625,231.745,2,VIP Customers
C70921,899,1,457.08,457.08,2.0,3.0,0.0,0.0,1,457.08,1.5,228.54,0,Average Shoppers
C70999,440,1,433.32,433.32,2.0,6.0,1.0,0.0,1,433.32,3.0,216.66,0,Average Shoppers
C71035,332,1,436.77,436.77,1.0,5.0,1.0,0.0,1,436.77,5.0,436.77,0,Average Shoppers
C71040,829,1,1739.4,1739.4,4.0,4.0,1.0,0.0,1,1739.4,1.0,434.85,1,Average Shoppers
C71076,595,1,511.98,511.98,2.0,4.0,1.0,1.0,1,511.98,2.0,255.99,0,Average Shoppers
C71122,803,1,634.4,634.4,1.0,6.0,1.0,0.0,1,634.4,6.0,634.4,0,Average Shoppers
C71310,389,1,2922.3,2922.3,5.0,8.0,0.0,0.0,1,2922.3,1.6,584.46,1,Average Shoppers
C71471,412,1,595.54,595.54,1.0,4.0,0.0,0.0,1,595.54,4.0,595.54,0,Average Shoppers
C71473,391,1,1709.2,1709.2,5.0,8.0,1.0,0.0,1,1709.2,1.6,341.84000000000003,1,Average Shoppers
C71486,691,1,1407.96,1407.96,3.0,3.0,0.0,0.0,1,1407.96,1.0,469.32,1,Average Shoppers
C71570,195,1,2137.92,2137.92,4.0,9.0,1.0,0.0,1,2137.92,2.25,534.48,1,Average Shoppers
C71680,366,1,2270.28,2270.28,4.0,9.0,1.0,0.0,1,2270.28,2.25,567.57,1,Average Shoppers
C71698,45,1,2446.85,2446.85,5.0,8.0,0.0,0.0,1,2446.85,1.6,489.37,1,Average Shoppers
C71797,52,1,1857.16,1857.16,4.0,5.0,1.0,0.0,1,1857.16,1.25,464.29,1,Average Shoppers
C71899,646,1,2004.99,2004.99,3.0,4.0,1.0,0.0,1,2004.99,1.3333333333333333,668.33,1,Average Shoppers
C72007,489,1,1298.55,1298.55,3.0,4.0,0.0,0.0,1,1298.55,1.3333333333333333,432.84999999999997,1,Average Shoppers
C72043,392,1,394.53,394.53,1.0,2.0,1.0,0.0,1,394.53,2.0,394.53,0,Average Shoppers
C72166,506,1,314.38,314.38,1.0,6.0,0.0,0.0,1,314.38,6.0,314.38,0,Average Shoppers
C72241,793,1,2709.48,2709.48,4.0,8.0,1.0,0.0,1,2709.48,2.0,677.37,1,Average Shoppers
C72290,250,1,556.2,556.2,3.0,7.0,0.0,0.0,1,556.2,2.3333333333333335,185.4,0,Average Shoppers
C72293,594,1,688.02,688.02,3.0,6.0,1.0,0.0,1,688.02,2.0,229.34,0,Average Shoppers
C72533,197,1,376.76,376.76,1.0,5.0,1.0,1.0,1,376.76,5.0,376.76,0,Average Shoppers
C72588,421,1,1574.7,1574.7,5.0,8.0,1.0,0.0,1,1574.7,1.6,314.94,1,Average Shoppers
C72596,172,1,770.32,770.32,2.0,7.0,1.0,0.0,1,770.32,3.5,385.16,0,Average Shoppers
C72649,909,1,2853.1,2853.1,5.0,7.0,1.0,0.0,1,2853.1,1.4,570.62,1,Average Shoppers
C72664,297,1,627.15,627.15,1.0,5.0,1.0,1.0,1,627.15,5.0,627.15,0,Average Shoppers
C72862,905,1,84.8,84.8,1.0,5.0,0.0,0.0,1,84.8,5.0,84.8,0,Average Shoppers
C73225,71,1,1100.36,1100.36,2.0,3.0,1.0,0.0,1,1100.36,1.5,550.18,0,Average Shoppers
C73289,390,1,1945.77,1945.77,3.0,4.0,1.0,0.0,1,1945.77,1.3333333333333333,648.59,1,Average Shoppers
C73370,430,1,44.35,44.35,1.0,1.0,1.0,0.0,1,44.35,1.0,44.35,0,Average Shoppers
C73514,662,1,1395.15,1395.15,3.0,3.0,1.0,0.0,1,1395.15,1.0,465.05,1,Average Shoppers
C73575,901,1,3219.45,3219.45,5.0,8.0,1.0,0.0,1,3219.45,1.6,643.89,1,Average Shoppers
C73587,712,1,1632.84,1632.84,4.0,9.0,0.0,0.0,1,1632.84,2.25,408.21,1,Average Shoppers
C73629,282,1,265.64,265.64,1.0,3.0,1.0,0.0,1,265.64,3.0,265.64,0,Average Shoppers
C73813,852,1,445.2,445.2,4.0,7.0,1.0,0.0,1,445.2,1.75,111.3,0,Average Shoppers
C73873,761,1,661.38,661.38,2.0,5.0,1.0,0.0,1,661.38,2.5,330.69,0,Average Shoppers
C73893,618,1,1638.4,1638.4,5.0,6.0,0.0,0.0,1,1638.4,1.2,327.68,1,Average Shoppers
C73941,850,1,1250.44,1250.44,2.0,5.0,0.0,0.0,1,1250.44,2.5,625.22,1,Average Shoppers
C73961,720,1,530.24,530.24,4.0,8.0,1.0,0.0,1,530.24,2.0,132.56,0,Average Shoppers
C73996,444,1,287.64,287.64,2.0,6.0,1.0,0.0,1,287.64,3.0,143.82,0,Average Shoppers
C73999,758,1,375.76,375.76,2.0,4.0,1.0,0.0,1,375.76,2.0,187.88,0,Average Shoppers
C74003,827,1,1221.28,1221.28,4.0,4.0,1.0,0.0,1,1221.28,1.0,305.32,1,Average Shoppers
C74005,755,1,2240.75,2240.75,5.0,7.0,1.0,0.0,1,2240.75,1.4,448.15,1,Average Shoppers
C74138,560,1,196.94,196.94,2.0,3.0,0.0,0.0,1,196.94,1.5,98.47,0,Average Shoppers
C74169,902,1,310.93,310.93,1.0,3.0,0.0,0.0,1,310.93,3.0,310.93,0,Average Shoppers
C74359,7,1,1841.25,1841.25,5.0,5.0,0.0,1.0,1,1841.25,1.0,368.25,1,Average Shoppers
C74499,775,1,744.46,744.46,2.0,7.0,1.0,1.0,1,744.46,3.5,372.23,0,Average Shoppers
C74519,617,1,945.81,945.81,3.0,4.0,1.0,0.0,1,945.81,1.3333333333333333,315.27,0,Average Shoppers
C74562,436,1,220.77,220.77,1.0,5.0,1.0,0.0,1,220.77,5.0,220.77,0,Average Shoppers
C74866,865,1,1994.37,1994.37,3.0,6.0,0.0,1.0,1,1994.37,2.0,664.79,1,Average Shoppers
C74928,344,1,612.48,612.48,2.0,4.0,1.0,0.0,1,612.48,2.0,306.24,0,Average Shoppers
C74982,724,1,2042.8,2042.8,5.0,8.0,1.0,1.0,1,2042.8,1.6,408.56,1,Average Shoppers
C75018,762,1,2007.18,2007.18,3.0,7.0,1.0,1.0,1,2007.18,2.3333333333333335,669.0600000000001,1,Average Shoppers
C75439,26,1,344.43,344.43,3.0,7.0,0.0,0.0,1,344.43,2.3333333333333335,114.81,0,Average Shoppers
C75456,373,1,276.66,276.66,3.0,5.0,1.0,1.0,1,276.66,1.6666666666666667,92.22000000000001,0,Average Shoppers
C75619,633,1,742.58,742.58,2.0,5.0,1.0,0.0,1,742.58,2.5,371.29,0,Average Shoppers
C75739,312,1,302.7,302.7,2.0,3.0,1.0,0.0,1,302.7,1.5,151.35,0,Average Shoppers
C75888,568,1,1346.7,1346.7,3.0,7.0,1.0,0.0,1,1346.7,2.3333333333333335,448.90000000000003,1,Average Shoppers
C76140,757,1,826.4,826.4,4.0,6.0,1.0,0.0,1,826.4,1.5,206.6,0,Average Shoppers
C76207,800,1,2606.25,2606.25,5.0,8.0,0.0,0.0,1,2606.25,1.6,521.25,1,Average Shoppers
C76362,547,1,709.5,709.5,3.0,8.0,1.0,1.0,1,709.5,2.6666666666666665,236.5,0,Average Shoppers
C76653,845,1,1539.4,1539.4,4.0,9.0,1.0,1.0,1,1539.4,2.25,384.85,1,Average Shoppers
C76675,634,1,1991.79,1991.79,3.0,6.0,1.0,0.0,1,1991.79,2.0,663.93,1,Average Shoppers
C76700,113,1,623.82,623.82,2.0,2.0,0.0,0.0,1,623.82,1.0,311.91,0,Average Shoppers
C76761,830,1,470.04,470.04,4.0,7.0,0.0,0.0,1,470.04,1.75,117.51,0,Average Shoppers
C76766,350,1,2512.48,2512.48,4.0,6.0,1.0,1.0,1,2512.48,1.5,628.12,1,Average Shoppers
C76929,627,1,356.81,356.81,1.0,1.0,1.0,1.0,1,356.81,1.0,356.81,0,Average Shoppers
C77046,891,1,741.64,741.64,4.0,9.0,1.0,0.0,1,741.64,2.25,185.41,0,Average Shoppers
C77085,217,1,1050.32,1050.32,4.0,8.0,1.0,0.0,1,1050.32,2.0,262.58,0,Average Shoppers
C77122,309,1,438.37,438.37,1.0,4.0,1.0,0.0,1,438.37,4.0,438.37,0,Average Shoppers
C77166,418,1,741.33,741.33,3.0,3.0,1.0,0.0,1,741.33,1.0,247.11,0,Average Shoppers
C77272,155,1,2492.4,2492.4,5.0,8.0,1.0,0.0,1,2492.4,1.6,498.48,1,Average Shoppers
C77344,358,1,343.31,343.31,1.0,6.0,1.0,0.0,1,343.31,6.0,343.31,0,Average Shoppers
C77357,129,1,474.6,474.6,1.0,4.0,1.0,1.0,1,474.6,4.0,474.6,0,Average Shoppers
C77363,480,1,96.81,96.81,1.0,3.0,0.0,0.0,1,96.81,3.0,96.81,0,Average Shoppers
C77499,724,1,547.4399999999999,547.4399999999999,3.0,3.0,0.0,1.0,1,547.4399999999999,1.0,182.48,0,Average Shoppers
C77736,180,1,798.08,798.08,2.0,3.0,1.0,0.0,1,798.08,1.5,399.04,0,Average Shoppers
C77763,764,1,1508.31,1508.31,3.0,8.0,1.0,0.0,1,1508.31,2.6666666666666665,502.77,1,Average Shoppers
C77800,179,1,1378.02,1378.02,3.0,3.0,1.0,0.0,1,1378.02,1.0,459.34,1,Average Shoppers
C77872,533,1,1027.18,1027.18,2.0,4.0,1.0,0.0,1,1027.18,2.0,513.59,0,Average Shoppers
C77961,108,1,1087.59,1087.59,3.0,5.0,0.0,0.0,1,1087.59,1.6666666666666667,362.53,0,Average Shoppers
C78170,143,1,341.7,341.7,5.0,6.0,1.0,0.0,1,341.7,1.2,68.34,0,Average Shoppers
C78305,55,1,1092.42,1092.42,3.0,7.0,1.0,0.0,1,1092.42,2.3333333333333335,364.14000000000004,0,Average Shoppers
C78500,193,1,2512.35,2512.35,5.0,10.0,1.0,0.0,1,2512.35,2.0,502.46999999999997,1,Average Shoppers
C78684,407,1,1765.32,1765.32,3.0,8.0,1.0,0.0,1,1765.32,2.6666666666666665,588.4399999999999,1,Average Shoppers
C78724,808,1,1266.39,1266.39,3.0,7.0,1.0,1.0,1,1266.39,2.3333333333333335,422.13000000000005,1,Average Shoppers
C78725,30,1,1880.36,1880.36,4.0,4.0,1.0,1.0,1,1880.36,1.0,470.09,1,Average Shoppers
C78959,756,1,632.4,632.4,2.0,2.0,0.0,0.0,1,632.4,1.0,316.2,0,Average Shoppers
C79142,817,1,569.96,569.96,1.0,4.0,1.0,1.0,1,569.96,4.0,569.96,0,Average Shoppers
C79475,450,1,2542.95,2542.95,5.0,8.0,1.0,0.0,1,2542.95,1.6,508.59,1,Average Shoppers
C79506,714,1,746.34,746.34,2.0,6.0,1.0,0.0,1,746.34,3.0,373.17,0,Average Shoppers
C79508,388,1,135.17,135.17,1.0,6.0,1.0,0.0,1,135.17,6.0,135.17,0,Average Shoppers
C79533,447,1,3008.6,3008.6,5.0,5.0,1.0,0.0,1,3008.6,1.0,601.72,1,Average Shoppers
C79674,719,1,873.68,873.68,2.0,2.0,1.0,1.0,1,873.68,1.0,436.84,0,Average Shoppers
C79722,681,1,1382.2,1382.2,5.0,10.0,1.0,0.0,1,1382.2,2.0,276.44,1,Average Shoppers
C79821,871,1,531.18,531.18,1.0,6.0,1.0,0.0,1,531.18,6.0,531.18,0,Average Shoppers
C79842,217,1,945.64,945.64,4.0,7.0,1.0,0.0,1,945.64,1.75,236.41,0,Average Shoppers
C79909,697,1,137.62,137.62,2.0,5.0,1.0,0.0,1,137.62,2.5,68.81,0,Average Shoppers
C80004,591,1,2052.42,2052.42,3.0,3.0,1.0,0.0,1,2052.42,1.0,684.14,1,Average Shoppers
C80135,674,1,1107.55,1107.55,5.0,5.0,1.0,0.0,1,1107.55,1.0,221.51,0,Average Shoppers
C80151,3,1,1723.32,1723.32,4.0,8.0,1.0,0.0,1,1723.32,2.0,430.83,1,Average Shoppers
C80183,567,1,365.57,365.57,1.0,5.0,1.0,0.0,1,365.57,5.0,365.57,0,Average Shoppers
C80223,88,1,2651.76,2651.76,4.0,8.0,1.0,0.0,1,2651.76,2.0,662.94,1,Average Shoppers
C80416,448,1,1087.15,1087.15,5.0,10.0,1.0,0.0,1,1087.15,2.0,217.43,1,Average Shoppers
C80649,59,1,312.11,312.11,1.0,4.0,1.0,0.0,1,312.11,4.0,312.11,0,Average Shoppers
C80651,644,1,1194.51,1194.51,3.0,5.0,1.0,1.0,1,1194.51,1.6666666666666667,398.17,0,Average Shoppers
C80735,605,1,130.14,130.14,2.0,4.0,1.0,0.0,1,130.14,2.0,65.07,0,Average Shoppers
C80868,776,1,1420.47,1420.47,3.0,7.0,0.0,0.0,1,1420.47,2.3333333333333335,473.49,1,Average Shoppers
C80872,322,1,1984.3,1984.3,5.0,9.0,1.0,0.0,1,1984.3,1.8,396.86,1,Average Shoppers
C80987,116,1,132.05,132.05,1.0,2.0,0.0,1.0,1,132.05,2.0,132.05,0,Average Shoppers
C81074,495,1,157.72,157.72,1.0,2.0,1.0,1.0,1,157.72,2.0,157.72,0,Average Shoppers
C81192,231,1,1939.02,1939.02,3.0,5.0,0.0,0.0,1,1939.02,1.6666666666666667,646.34,1,Average Shoppers
C81319,101,1,1342.15,1342.15,5.0,5.0,1.0,0.0,1,1342.15,1.0,268.43,1,Average Shoppers
C81366,912,1,410.6,410.6,1.0,2.0,1.0,0.0,1,410.6,2.0,410.6,0,Average Shoppers
C81370,187,1,2532.25,2532.25,5.0,7.0,1.0,0.0,1,2532.25,1.4,506.45,1,Average Shoppers
C81547,522,1,510.52,510.52,2.0,6.0,1.0,0.0,1,510.52,3.0,255.26,0,Average Shoppers
C81573,208,1,36.65,36.65,1.0,1.0,1.0,0.0,1,36.65,1.0,36.65,0,Average Shoppers
C81726,739,1,2161.36,2161.36,4.0,6.0,1.0,0.0,1,2161.36,1.5,540.34,1,Average Shoppers
C81728,490,1,2753.4,2753.4,5.0,8.0,1.0,0.0,1,2753.4,1.6,550.6800000000001,1,Average Shoppers
C81840,54,1,2504.04,2504.04,4.0,8.0,1.0,1.0,1,2504.04,2.0,626.01,1,Average Shoppers
C81857,379,1,1127.64,1127.64,2.0,3.0,0.0,0.0,1,1127.64,1.5,563.82,0,Average Shoppers
C81882,600,1,463.92,463.92,3.0,6.0,1.0,0.0,1,463.92,2.0,154.64000000000001,0,Average Shoppers
C82068,890,1,408.13,408.13,1.0,3.0,1.0,0.0,1,408.13,3.0,408.13,0,Average Shoppers
C82217,271,1,1717.48,1717.48,4.0,8.0,1.0,1.0,1,1717.48,2.0,429.37,1,Average Shoppers
C82313,705,1,197.58,197.58,3.0,8.0,1.0,0.0,1,197.58,2.6666666666666665,65.86,0,Average Shoppers
C82318,492,1,528.06,528.06,1.0,2.0,0.0,0.0,1,528.06,2.0,528.06,0,Average Shoppers
C82344,233,1,2028.63,2028.63,3.0,5.0,1.0,1.0,1,2028.63,1.6666666666666667,676.21,1,Average Shoppers
C82399,487,1,158.68,158.68,1.0,6.0,1.0,0.0,1,158.68,6.0,158.68,0,Average Shoppers
C82550,678,1,667.66,667.66,2.0,4.0,1.0,0.0,1,667.66,2.0,333.83,0,Average Shoppers
C82685,780,1,475.98,475.98,3.0,7.0,1.0,1.0,1,475.98,2.3333333333333335,158.66,0,Average Shoppers
C82781,803,1,109.68,109.68,4.0,4.0,1.0,0.0,1,109.68,1.0,27.42,0,Average Shoppers
C82858,677,1,593.91,593.91,3.0,5.0,0.0,0.0,1,593.91,1.6666666666666667,197.97,0,Average Shoppers
C82921,270,1,208.36,208.36,1.0,4.0,1.0,0.0,1,208.36,4.0,208.36,0,Average Shoppers
C82990,911,1,300.1,300.1,2.0,4.0,1.0,0.0,1,300.1,2.0,150.05,0,Average Shoppers
C83026,814,1,1686.9,1686.9,5.0,5.0,0.0,0.0,1,1686.9,1.0,337.38,1,Average Shoppers
C83223,439,1,650.84,650.84,4.0,7.0,1.0,0.0,1,650.84,1.75,162.71,0,Average Shoppers
C83492,14,1,664.42,664.42,1.0,6.0,1.0,0.0,1,664.42,6.0,664.42,0,Average Shoppers
C83548,268,1,144.25,144.25,1.0,2.0,1.0,0.0,1,144.25,2.0,144.25,0,Average Shoppers
C83556,514,1,1059.16,1059.16,4.0,5.0,1.0,0.0,1,1059.16,1.25,264.79,0,Average Shoppers
C83653,791,1,925.04,925.04,4.0,6.0,1.0,0.0,1,925.04,1.5,231.26,0,Average Shoppers
C83911,12,1,2799.52,2799.52,4.0,5.0,1.0,0.0,1,2799.52,1.25,699.88,1,Average Shoppers
C84041,141,1,1001.6,1001.6,2.0,3.0,1.0,1.0,1,1001.6,1.5,500.8,0,Average Shoppers
C84115,383,1,1362.87,1362.87,3.0,4.0,1.0,0.0,1,1362.87,1.3333333333333333,454.28999999999996,1,Average Shoppers
C84134,100,1,2772.28,2772.28,4.0,8.0,1.0,0.0,1,2772.28,2.0,693.07,1,Average Shoppers
C84320,626,1,208.95,208.95,3.0,7.0,1.0,1.0,1,208.95,2.3333333333333335,69.64999999999999,0,Average Shoppers
C84329,97,1,431.44,431.44,1.0,3.0,1.0,0.0,1,431.44,3.0,431.44,0,Average Shoppers
C84331,500,1,3223.2,3223.2,5.0,6.0,1.0,0.0,1,3223.2,1.2,644.64,1,Average Shoppers
C84480,75,1,2342.55,2342.55,5.0,9.0,0.0,1.0,1,2342.55,1.8,468.51000000000005,1,Average Shoppers
C84524,380,1,2071.92,2071.92,4.0,8.0,1.0,0.0,1,2071.92,2.0,517.98,1,Average Shoppers
C84563,447,1,472.66,472.66,2.0,3.0,1.0,0.0,1,472.66,1.5,236.33,0,Average Shoppers
C84570,210,1,120.2,120.2,4.0,6.0,0.0,0.0,1,120.2,1.5,30.05,0,Average Shoppers
C84630,905,1,2592.75,2592.75,5.0,6.0,1.0,0.0,1,2592.75,1.2,518.55,1,Average Shoppers
C84645,62,1,822.98,822.98,2.0,4.0,0.0,0.0,1,822.98,2.0,411.49,0,Average Shoppers
C84700,902,1,1599.85,1599.85,5.0,7.0,1.0,0.0,1,1599.85,1.4,319.96999999999997,1,Average Shoppers
C84766,681,1,688.04,688.04,2.0,4.0,1.0,1.0,1,688.04,2.0,344.02,0,Average Shoppers
C84834,461,1,409.02,409.02,3.0,8.0,1.0,0.0,1,409.02,2.6666666666666665,136.34,0,Average Shoppers
C84888,802,1,51.73,51.73,1.0,1.0,1.0,0.0,1,51.73,1.0,51.73,0,Average Shoppers
C84908,154,1,420.26,420.26,1.0,4.0,1.0,0.0,1,420.26,4.0,420.26,0,Average Shoppers
C85018,237,1,824.25,824.25,3.0,3.0,1.0,0.0,1,824.25,1.0,274.75,0,Average Shoppers
C85059,795,1,987.4,987.4,4.0,8.0,1.0,0.0,1,987.4,2.0,246.85,0,Average Shoppers
C85074,111,1,934.8,934.8,4.0,8.0,1.0,0.0,1,934.8,2.0,233.7,0,Average Shoppers
C85282,585,1,3143.7,3143.7,5.0,9.0,1.0,0.0,1,3143.7,1.8,628.74,1,Average Shoppers
C85322,792,1,813.06,813.06,3.0,6.0,0.0,0.0,1,813.06,2.0,271.02,0,Average Shoppers
C85330,121,1,1140.45,1140.45,5.0,9.0,1.0,0.0,1,1140.45,1.8,228.09,1,Average Shoppers
C85421,267,1,1641.45,1641.45,3.0,4.0,1.0,0.0,1,1641.45,1.3333333333333333,547.15,1,Average Shoppers
C85466,256,1,441.87,441.87,3.0,3.0,1.0,0.0,1,441.87,1.0,147.29,0,Average Shoppers
C85520,663,1,1862.64,1862.64,4.0,9.0,1.0,0.0,1,1862.64,2.25,465.66,1,Average Shoppers
C85841,885,1,2597.88,2597.88,4.0,8.0,1.0,0.0,1,2597.88,2.0,649.47,1,Average Shoppers
C85863,493,1,397.4399999999999,397.4399999999999,3.0,4.0,0.0,0.0,1,397.4399999999999,1.3333333333333333,132.47999999999996,0,Average Shoppers
C85929,486,1,440.73,440.73,3.0,6.0,1.0,1.0,1,440.73,2.0,146.91,0,Average Shoppers
C85993,688,1,2189.28,2189.28,4.0,8.0,1.0,0.0,1,2189.28,2.0,547.32,1,Average Shoppers
C86064,726,1,834.1200000000001,834.1200000000001,3.0,5.0,0.0,1.0,1,834.1200000000001,1.6666666666666667,278.04,0,Average Shoppers
C86266,342,1,1618.32,1618.32,4.0,5.0,1.0,0.0,1,1618.32,1.25,404.58,1,Average Shoppers
C86374,664,1,1363.85,1363.85,5.0,7.0,1.0,0.0,1,1363.85,1.4,272.77,1,Average Shoppers
C86408,865,1,84.28,84.28,4.0,4.0,1.0,1.0,1,84.28,1.0,21.07,0,Average Shoppers
C86481,727,1,171.59,171.59,1.0,5.0,1.0,0.0,1,171.59,5.0,171.59,0,Average Shoppers
C86524,594,1,732.46,732.46,2.0,2.0,1.0,0.0,1,732.46,1.0,366.23,0,Average Shoppers
C86762,256,1,2043.65,2043.65,5.0,10.0,1.0,1.0,1,2043.65,2.0,408.73,1,Average Shoppers
C86773,753,1,789.44,789.44,4.0,9.0,1.0,0.0,1,789.44,2.25,197.36,0,Average Shoppers
C86864,74,1,92.72,92.72,2.0,4.0,1.0,0.0,1,92.72,2.0,46.36,0,Average Shoppers
C87011,864,1,101.16,101.16,4.0,8.0,0.0,0.0,1,101.16,2.0,25.29,0,Average Shoppers
C87051,767,1,72.31,72.31,1.0,1.0,1.0,0.0,1,72.31,1.0,72.31,0,Average Shoppers
C87124,441,1,198.51,198.51,1.0,5.0,1.0,0.0,1,198.51,5.0,198.51,0,Average Shoppers
C87181,705,1,2619.16,2619.16,4.0,9.0,0.0,0.0,1,2619.16,2.25,654.79,1,Average Shoppers
C87216,836,1,1580.35,1580.35,5.0,10.0,0.0,0.0,1,1580.35,2.0,316.07,1,Average Shoppers
C87281,519,1,3243.25,3243.25,5.0,7.0,0.0,0.0,1,3243.25,1.4,648.65,1,Average Shoppers
C87432,11,1,1208.2,1208.2,4.0,6.0,1.0,0.0,1,1208.2,1.5,302.05,0,Average Shoppers
C87448,755,1,450.07,450.07,1.0,6.0,1.0,0.0,1,450.07,6.0,450.07,0,Average Shoppers
C87524,159,1,625.0,625.0,1.0,5.0,1.0,0.0,1,625.0,5.0,625.0,0,Average Shoppers
C87529,22,1,987.64,987.64,4.0,8.0,1.0,0.0,1,987.64,2.0,246.91,0,Average Shoppers
C87547,166,1,380.12,380.12,4.0,8.0,1.0,0.0,1,380.12,2.0,95.03,0,Average Shoppers
C87687,568,1,1137.21,1137.21,3.0,3.0,1.0,0.0,1,1137.21,1.0,379.07,0,Average Shoppers
C87764,491,1,206.82,206.82,2.0,2.0,1.0,0.0,1,206.82,1.0,103.41,0,Average Shoppers
C87777,266,1,816.64,816.64,2.0,3.0,1.0,0.0,1,816.64,1.5,408.32,0,Average Shoppers
C87994,635,1,2392.76,2392.76,4.0,7.0,1.0,1.0,1,2392.76,1.75,598.19,1,Average Shoppers
C87995,301,1,1925.92,1925.92,4.0,5.0,1.0,1.0,1,1925.92,1.25,481.48,1,Average Shoppers
C88029,17,1,3277.75,3277.75,5.0,5.0,0.0,1.0,1,3277.75,1.0,655.55,1,Average Shoppers
C88036,891,1,1571.35,1571.35,5.0,6.0,1.0,0.0,1,1571.35,1.2,314.27,1,Average Shoppers
C88075,477,1,2651.7,2651.7,5.0,9.0,1.0,0.0,1,2651.7,1.8,530.3399999999999,1,Average Shoppers
C88174,550,1,18.2,18.2,1.0,4.0,1.0,0.0,1,18.2,4.0,18.2,0,Average Shoppers
C88205,377,1,3215.15,3215.15,5.0,5.0,1.0,0.0,1,3215.15,1.0,643.03,1,Average Shoppers
C88304,766,1,768.28,768.28,2.0,2.0,1.0,0.0,1,768.28,1.0,384.14,0,Average Shoppers
C88348,671,1,604.47,604.47,3.0,4.0,1.0,0.0,1,604.47,1.3333333333333333,201.49,0,Average Shoppers
C88370,813,1,279.9,279.9,2.0,5.0,0.0,0.0,1,279.9,2.5,139.95,0,Average Shoppers
C88371,188,1,1132.64,1132.64,4.0,6.0,0.0,0.0,1,1132.64,1.5,283.16,0,Average Shoppers
C88463,866,1,2539.7,2539.7,5.0,9.0,0.0,0.0,1,2539.7,1.8,507.93999999999994,1,Average Shoppers
C88546,513,1,813.84,813.84,4.0,7.0,1.0,0.0,1,813.84,1.75,203.46,0,Average Shoppers
C88644,856,1,392.61,392.61,1.0,4.0,1.0,0.0,1,392.61,4.0,392.61,0,Average Shoppers
C88645,474,1,1751.16,1751.16,3.0,5.0,1.0,0.0,1,1751.16,1.6666666666666667,583.72,1,Average Shoppers
C88775,681,1,1989.05,1989.05,5.0,5.0,1.0,0.0,1,1989.05,1.0,397.81,1,Average Shoppers
C88933,906,1,92.04,92.04,1.0,2.0,0.0,0.0,1,92.04,2.0,92.04,0,Average Shoppers
C88981,879,1,2445.04,2445.04,4.0,5.0,1.0,0.0,1,2445.04,1.25,611.26,1,Average Shoppers
C89336,832,1,92.79,92.79,1.0,3.0,1.0,0.0,1,92.79,3.0,92.79,0,Average Shoppers
C89559,815,1,662.84,662.84,2.0,6.0,1.0,1.0,1,662.84,3.0,331.42,0,Average Shoppers
C89592,622,1,2547.9,2547.9,5.0,6.0,1.0,1.0,1,2547.9,1.2,509.58000000000004,1,Average Shoppers
C89674,164,1,1151.66,1151.66,2.0,3.0,1.0,1.0,1,1151.66,1.5,575.83,0,Average Shoppers
C89732,434,1,406.22,406.22,1.0,5.0,1.0,0.0,1,406.22,5.0,406.22,0,Average Shoppers
C89822,579,1,410.78,410.78,1.0,1.0,1.0,0.0,1,410.78,1.0,410.78,0,Average Shoppers
C89979,376,1,3170.0,3170.0,5.0,8.0,0.0,1.0,1,3170.0,1.6,634.0,1,Average Shoppers
C90110,10,1,418.36,418.36,1.0,5.0,1.0,1.0,1,418.36,5.0,418.36,0,Average Shoppers
C90132,741,1,1304.65,1304.65,5.0,9.0,1.0,1.0,1,1304.65,1.8,260.93,1,Average Shoppers
C90142,342,1,334.39,334.39,1.0,2.0,0.0,0.0,1,334.39,2.0,334.39,0,Average Shoppers
C90292,799,1,1105.28,1105.28,4.0,5.0,0.0,1.0,1,1105.28,1.25,276.32,0,Average Shoppers
C90310,202,1,762.56,762.56,4.0,5.0,1.0,1.0,1,762.56,1.25,190.64,0,Average Shoppers
C90318,147,1,1259.12,1259.12,2.0,5.0,1.0,0.0,1,1259.12,2.5,629.56,0,Average Shoppers
C90348,462,1,899.0,899.0,4.0,7.0,1.0,1.0,1,899.0,1.75,224.75,0,Average Shoppers
C90350,774,1,367.34,367.34,2.0,6.0,1.0,0.0,1,367.34,3.0,183.67,0,Average Shoppers
C90363,387,1,3044.55,3044.55,5.0,6.0,1.0,0.0,1,3044.55,1.2,608.9100000000001,1,Average Shoppers
C90431,8,1,844.68,844.68,2.0,4.0,1.0,0.0,1,844.68,2.0,422.34,0,Average Shoppers
C90573,708,1,438.93,438.93,1.0,3.0,1.0,0.0,1,438.93,3.0,438.93,0,Average Shoppers
C90595,109,1,391.45,391.45,5.0,5.0,1.0,0.0,1,391.45,1.0,78.28999999999999,0,Average Shoppers
C90612,519,1,1103.25,1103.25,3.0,7.0,1.0,0.0,1,1103.25,2.3333333333333335,367.75,0,Average Shoppers
C90757,575,1,1979.36,1979.36,4.0,8.0,1.0,0.0,1,1979.36,2.0,494.84,1,Average Shoppers
C90852,770,1,1725.03,1725.03,3.0,8.0,1.0,0.0,1,1725.03,2.6666666666666665,575.01,1,Average Shoppers
C90898,331,1,1491.95,1491.95,5.0,7.0,1.0,0.0,1,1491.95,1.4,298.39,1,Average Shoppers
C90993,388,1,153.12,153.12,4.0,4.0,1.0,0.0,1,153.12,1.0,38.28,0,Average Shoppers
C91029,545,1,2131.48,2131.48,4.0,9.0,1.0,0.0,1,2131.48,2.25,532.87,1,Average Shoppers
C91099,237,1,1025.3,1025.3,2.0,5.0,1.0,0.0,1,1025.3,2.5,512.65,0,Average Shoppers
C91103,745,1,1023.44,1023.44,4.0,7.0,0.0,1.0,1,1023.44,1.75,255.86,0,Average Shoppers
C91123,66,1,1202.24,1202.24,4.0,9.0,1.0,0.0,1,1202.24,2.25,300.56,1,Average Shoppers
C91155,296,2,704.8199999999999,352.40999999999997,3.0,6.5,1.0,0.0,2,352.40999999999997,2.1666666666666665,117.46999999999998,2,VIP Customers
C91201,488,1,93.0,93.0,2.0,7.0,1.0,0.0,1,93.0,3.5,46.5,0,Average Shoppers
C91245,264,1,675.33,675.33,3.0,4.0,1.0,0.0,1,675.33,1.3333333333333333,225.11,0,Average Shoppers
C91255,442,1,851.1,851.1,5.0,8.0,0.0,1.0,1,851.1,1.6,170.22,0,Average Shoppers
C91454,891,1,557.76,557.76,2.0,3.0,1.0,0.0,1,557.76,1.5,278.88,0,Average Shoppers
C91486,681,1,268.32,268.32,4.0,8.0,1.0,0.0,1,268.32,2.0,67.08,0,Average Shoppers
C91518,309,1,759.1500000000001,759.1500000000001,3.0,3.0,0.0,0.0,1,759.1500000000001,1.0,253.05000000000004,0,Average Shoppers
C91582,871,1,1949.79,1949.79,3.0,7.0,1.0,0.0,1,1949.79,2.3333333333333335,649.93,1,Average Shoppers
C91591,44,1,2609.92,2609.92,4.0,5.0,1.0,0.0,1,2609.92,1.25,652.48,1,Average Shoppers
C91805,750,1,1819.23,1819.23,3.0,7.0,1.0,0.0,1,1819.23,2.3333333333333335,606.41,1,Average Shoppers
C91941,746,1,1188.0,1188.0,3.0,4.0,1.0,0.0,1,1188.0,1.3333333333333333,396.0,0,Average Shoppers
C92049,638,1,2666.08,2666.08,4.0,8.0,1.0,0.0,1,2666.08,2.0,666.52,1,Average Shoppers
C92086,144,1,749.2,749.2,2.0,3.0,1.0,0.0,1,749.2,1.5,374.6,0,Average Shoppers
C92180,609,1,977.8,977.8,2.0,7.0,1.0,1.0,1,977.8,3.5,488.9,0,Average Shoppers
C92294,275,1,1225.4,1225.4,4.0,7.0,1.0,0.0,1,1225.4,1.75,306.35,1,Average Shoppers
C92407,731,1,1672.23,1672.23,3.0,4.0,0.0,1.0,1,1672.23,1.3333333333333333,557.41,1,Average Shoppers
C92548,513,1,1132.25,1132.25,5.0,6.0,1.0,0.0,1,1132.25,1.2,226.45,1,Average Shoppers
C92575,274,1,2464.7,2464.7,5.0,10.0,1.0,0.0,1,2464.7,2.0,492.93999999999994,1,Average Shoppers
C92788,346,1,243.71,243.71,1.0,6.0,1.0,1.0,1,243.71,6.0,243.71,0,Average Shoppers
C93007,395,1,465.66,465.66,2.0,7.0,0.0,1.0,1,465.66,3.5,232.83,0,Average Shoppers
C93175,47,1,58.76,58.76,4.0,9.0,0.0,0.0,1,58.76,2.25,14.69,0,Average Shoppers
C93220,607,1,730.34,730.34,2.0,4.0,1.0,0.0,1,730.34,2.0,365.17,0,Average Shoppers
C93276,835,1,1652.25,1652.25,5.0,10.0,1.0,0.0,1,1652.25,2.0,330.45,1,Average Shoppers
C93309,84,1,1821.4,1821.4,5.0,5.0,1.0,0.0,1,1821.4,1.0,364.28000000000003,1,Average Shoppers
C93375,339,1,446.16,446.16,3.0,7.0,1.0,0.0,1,446.16,2.3333333333333335,148.72,0,Average Shoppers
C93379,818,1,128.85,128.85,3.0,8.0,1.0,0.0,1,128.85,2.6666666666666665,42.949999999999996,0,Average Shoppers
C93467,406,1,2219.32,2219.32,4.0,6.0,0.0,0.0,1,2219.32,1.5,554.83,1,Average Shoppers
C93473,494,1,3196.85,3196.85,5.0,6.0,1.0,0.0,1,3196.85,1.2,639.37,1,Average Shoppers
C93618,109,1,603.63,603.63,3.0,3.0,1.0,0.0,1,603.63,1.0,201.21,0,Average Shoppers
C93768,411,1,972.9,972.9,3.0,8.0,1.0,0.0,1,972.9,2.6666666666666665,324.3,0,Average Shoppers
C93821,208,1,1075.44,1075.44,3.0,7.0,1.0,1.0,1,1075.44,2.3333333333333335,358.48,0,Average Shoppers
C93861,500,1,147.42,147.42,3.0,7.0,1.0,0.0,1,147.42,2.3333333333333335,49.13999999999999,0,Average Shoppers
C93948,250,1,336.87,336.87,3.0,6.0,0.0,0.0,1,336.87,2.0,112.29,0,Average Shoppers
C94037,7,1,510.28,510.28,2.0,2.0,0.0,0.0,1,510.28,1.0,255.14,0,Average Shoppers
C94248,136,1,64.66,64.66,1.0,4.0,0.0,1.0,1,64.66,4.0,64.66,0,Average Shoppers
C94257,698,1,1394.38,1394.38,2.0,7.0,1.0,0.0,1,1394.38,3.5,697.19,1,Average Shoppers
C94311,346,1,2740.8,2740.8,4.0,6.0,1.0,0.0,1,2740.8,1.5,685.2,1,Average Shoppers
C94323,1,1,379.05,379.05,5.0,10.0,1.0,0.0,1,379.05,2.0,75.81,0,Average Shoppers
C94381,884,1,1216.08,1216.08,2.0,4.0,0.0,0.0,1,1216.08,2.0,608.04,0,Average Shoppers
C94479,736,1,314.05,314.05,5.0,9.0,1.0,0.0,1,314.05,1.8,62.81,0,Average Shoppers
C94508,368,1,176.28,176.28,4.0,6.0,0.0,0.0,1,176.28,1.5,44.07,0,Average Shoppers
C94568,800,1,1939.4,1939.4,4.0,5.0,1.0,1.0,1,1939.4,1.25,484.85,1,Average Shoppers
C94569,375,2,1675.3500000000001,837.6750000000001,1.5,2.5,0.5,0.5,1,837.6750000000001,1.6666666666666667,558.45,0,Average Shoppers
C94595,563,1,247.64,247.64,4.0,6.0,1.0,1.0,1,247.64,1.5,61.91,0,Average Shoppers
C94658,285,1,886.44,886.44,2.0,5.0,0.0,1.0,1,886.44,2.5,443.22,0,Average Shoppers
C94671,281,1,167.15,167.15,1.0,5.0,1.0,0.0,1,167.15,5.0,167.15,0,Average Shoppers
C94698,393,1,586.62,586.62,1.0,5.0,0.0,0.0,1,586.62,5.0,586.62,0,Average Shoppers
C94921,784,1,438.2,438.2,2.0,4.0,1.0,0.0,1,438.2,2.0,219.1,0,Average Shoppers
C95100,489,1,627.2,627.2,1.0,1.0,1.0,1.0,1,627.2,1.0,627.2,0,Average Shoppers
C95213,872,1,1806.72,1806.72,3.0,8.0,0.0,0.0,1,1806.72,2.6666666666666665,602.24,1,Average Shoppers
C95269,842,1,389.7,389.7,2.0,5.0,0.0,0.0,1,389.7,2.5,194.85,0,Average Shoppers
C95271,55,1,927.66,927.66,3.0,7.0,1.0,0.0,1,927.66,2.3333333333333335,309.21999999999997,0,Average Shoppers
C95568,701,1,973.41,973.41,3.0,4.0,1.0,1.0,1,973.41,1.3333333333333333,324.46999999999997,0,Average Shoppers
C95623,117,1,1870.02,1870.02,3.0,3.0,1.0,0.0,1,1870.02,1.0,623.34,1,Average Shoppers
C95643,753,1,2426.28,2426.28,4.0,5.0,1.0,1.0,1,2426.28,1.25,606.57,1,Average Shoppers
C95667,223,1,463.08,463.08,4.0,7.0,1.0,0.0,1,463.08,1.75,115.77,0,Average Shoppers
C95856,768,1,1279.76,1279.76,2.0,5.0,1.0,1.0,1,1279.76,2.5,639.88,1,Average Shoppers
C95901,464,1,1993.38,1993.38,3.0,4.0,1.0,1.0,1,1993.38,1.3333333333333333,664.46,1,Average Shoppers
C95984,7,1,1033.2,1033.2,3.0,3.0,0.0,0.0,1,1033.2,1.0,344.40000000000003,0,Average Shoppers
C96034,759,1,121.08,121.08,4.0,9.0,1.0,1.0,1,121.08,2.25,30.27,0,Average Shoppers
C96136,318,1,1946.1,1946.1,5.0,7.0,0.0,0.0,1,1946.1,1.4,389.21999999999997,1,Average Shoppers
C96257,826,1,1803.0,1803.0,4.0,6.0,1.0,0.0,1,1803.0,1.5,450.75,1,Average Shoppers
C96261,27,1,970.74,970.74,2.0,5.0,1.0,0.0,1,970.74,2.5,485.37,0,Average Shoppers
C96283,708,1,924.03,924.03,3.0,3.0,1.0,0.0,1,924.03,1.0,308.01,0,Average Shoppers
C96434,31,1,2536.2,2536.2,4.0,6.0,1.0,0.0,1,2536.2,1.5,634.05,1,Average Shoppers
C96494,701,1,179.22,179.22,1.0,6.0,1.0,0.0,1,179.22,6.0,179.22,0,Average Shoppers
C96583,282,1,139.36,139.36,4.0,8.0,0.0,0.0,1,139.36,2.0,34.84,0,Average Shoppers
C96595,634,1,1719.66,1719.66,3.0,5.0,1.0,0.0,1,1719.66,1.6666666666666667,573.22,1,Average Shoppers
C96636,133,1,39.56,39.56,1.0,5.0,0.0,0.0,1,39.56,5.0,39.56,0,Average Shoppers
C96664,124,1,769.3799999999999,769.3799999999999,3.0,4.0,1.0,1.0,1,769.3799999999999,1.3333333333333333,256.46,0,Average Shoppers
C96695,149,1,564.86,564.86,1.0,6.0,1.0,0.0,1,564.86,6.0,564.86,0,Average Shoppers
C96787,442,1,1066.04,1066.04,2.0,2.0,0.0,0.0,1,1066.04,1.0,533.02,0,Average Shoppers
C96822,882,1,989.56,989.56,2.0,2.0,0.0,0.0,1,989.56,1.0,494.78,0,Average Shoppers
C97148,338,1,1135.16,1135.16,4.0,8.0,0.0,0.0,1,1135.16,2.0,283.79,1,Average Shoppers
C97187,730,1,670.54,670.54,1.0,6.0,1.0,0.0,1,670.54,6.0,670.54,0,Average Shoppers
C97218,116,1,2300.7,2300.7,5.0,10.0,1.0,0.0,1,2300.7,2.0,460.14,1,Average Shoppers
C97262,899,1,1724.04,1724.04,4.0,7.0,0.0,0.0,1,1724.04,1.75,431.01,1,Average Shoppers
C97454,522,1,698.8,698.8,2.0,2.0,1.0,0.0,1,698.8,1.0,349.4,0,Average Shoppers
C97485,611,1,915.64,915.64,4.0,4.0,1.0,0.0,1,915.64,1.0,228.91,0,Average Shoppers
C97593,495,2,2855.2200000000003,1427.6100000000001,2.5,7.0,1.0,0.0,1,1427.6100000000001,2.8,571.0440000000001,1,Average Shoppers
C97603,293,1,2373.08,2373.08,4.0,5.0,0.0,0.0,1,2373.08,1.25,593.27,1,Average Shoppers
C97643,842,1,2051.0,2051.0,4.0,8.0,1.0,0.0,1,2051.0,2.0,512.75,1,Average Shoppers
C97681,24,1,2166.3,2166.3,5.0,9.0,1.0,1.0,1,2166.3,1.8,433.26000000000005,1,Average Shoppers
C97715,108,1,727.82,727.82,2.0,2.0,1.0,0.0,1,727.82,1.0,363.91,0,Average Shoppers
C97735,549,1,408.5,408.5,5.0,6.0,0.0,1.0,1,408.5,1.2,81.7,0,Average Shoppers
C97749,329,1,1026.06,1026.06,3.0,5.0,0.0,0.0,1,1026.06,1.6666666666666667,342.02,0,Average Shoppers
C97774,156,1,1807.88,1807.88,4.0,7.0,1.0,0.0,1,1807.88,1.75,451.97,1,Average Shoppers
C97907,308,1,1758.63,1758.63,3.0,4.0,1.0,0.0,1,1758.63,1.3333333333333333,586.21,1,Average Shoppers
C98096,866,1,635.54,635.54,2.0,4.0,1.0,0.0,1,635.54,2.0,317.77,0,Average Shoppers
C98168,908,1,2103.5,2103.5,5.0,5.0,1.0,0.0,1,2103.5,1.0,420.7,1,Average Shoppers
C98216,839,1,2463.75,2463.75,5.0,6.0,1.0,0.0,1,2463.75,1.2,492.75,1,Average Shoppers
C98276,407,1,14.06,14.06,1.0,5.0,1.0,0.0,1,14.06,5.0,14.06,0,Average Shoppers
C98278,396,1,1241.49,1241.49,3.0,8.0,1.0,0.0,1,1241.49,2.6666666666666665,413.83,1,Average Shoppers
C98317,197,1,2786.84,2786.84,4.0,4.0,0.0,0.0,1,2786.84,1.0,696.71,1,Average Shoppers
C98332,885,1,1316.67,1316.67,3.0,3.0,0.0,0.0,1,1316.67,1.0,438.89000000000004,1,Average Shoppers
C98354,765,1,151.02,151.02,3.0,3.0,1.0,0.0,1,151.02,1.0,50.34,0,Average Shoppers
C98450,348,1,357.64,357.64,4.0,9.0,0.0,0.0,1,357.64,2.25,89.41,0,Average Shoppers
C98474,393,2,2175.34,1087.67,3.0,5.5,0.5,0.0,2,1087.67,1.8333333333333333,362.5566666666667,2,VIP Customers
C98483,446,1,110.7,110.7,5.0,10.0,0.0,0.0,1,110.7,2.0,22.14,0,Average Shoppers
C98635,83,1,538.68,538.68,1.0,6.0,0.0,0.0,1,538.68,6.0,538.68,0,Average Shoppers
C98761,613,1,1994.04,1994.04,4.0,4.0,1.0,0.0,1,1994.04,1.0,498.51,1,Average Shoppers
C99023,226,1,1371.8,1371.8,4.0,6.0,0.0,1.0,1,1371.8,1.5,342.95,1,Average Shoppers
C99024,219,1,684.65,684.65,1.0,1.0,1.0,1.0,1,684.65,1.0,684.65,0,Average Shoppers
C99050,94,1,1201.14,1201.14,2.0,3.0,1.0,0.0,1,1201.14,1.5,600.57,0,Average Shoppers
C99116,785,1,2746.44,2746.44,4.0,6.0,0.0,0.0,1,2746.44,1.5,686.61,1,Average Shoppers
C99128,304,1,138.33,138.33,3.0,5.0,1.0,0.0,1,138.33,1.6666666666666667,46.11000000000001,0,Average Shoppers
C99173,161,1,1070.52,1070.52,3.0,5.0,1.0,0.0,1,1070.52,1.6666666666666667,356.84,0,Average Shoppers
C99205,3,1,1024.66,1024.66,2.0,7.0,0.0,0.0,1,1024.66,3.5,512.33,0,Average Shoppers
C99214,9,1,97.86,97.86,3.0,6.0,0.0,1.0,1,97.86,2.0,32.62,0,Average Shoppers
C99217,578,1,1435.65,1435.65,5.0,10.0,1.0,0.0,1,1435.65,2.0,287.13,1,Average Shoppers
C99271,591,1,226.58,226.58,2.0,5.0,1.0,0.0,1,226.58,2.5,113.29,0,Average Shoppers
C99533,833,1,678.01,678.01,1.0,4.0,1.0,0.0,1,678.01,4.0,678.01,0,Average Shoppers
C99589,7,1,641.39,641.39,1.0,1.0,0.0,0.0,1,641.39,1.0,641.39,0,Average Shoppers
C99683,159,1,1663.2,1663.2,5.0,10.0,0.0,1.0,1,1663.2,2.0,332.64,1,Average Shoppers
C99775,665,1,1654.84,1654.84,4.0,9.0,1.0,0.0,1,1654.84,2.25,413.71,1,Average Shoppers
C99879,475,1,821.8799999999999,821.8799999999999,3.0,8.0,1.0,0.0,1,821.8799999999999,2.6666666666666665,273.96,0,Average Shoppers
C99904,69,1,646.74,646.74,2.0,3.0,1.0,0.0,1,646.74,1.5,323.37,0,Average Shoppers
